# Object Export From Tinkercad Server 2015

mtllib obj.mtl

o obj_0
v -49 		125 		28
v -49 		125 		0
v -50 		125 		28
v -50 		125 		0
v -50 		-125 		28
v -50 		-125 		0
v -49 		-125 		28
v -49 		-125 		0
# 8 vertices

g group_0_16448250

usemtl color_16448250
s 0

f 1 	2 	3
f 2 	4 	3
f 5 	6 	7
f 6 	8 	7
f 5 	7 	3
f 7 	1 	3
f 8 	6 	2
f 6 	4 	2
f 7 	8 	1
f 8 	2 	1
f 3 	4 	5
f 4 	6 	5
# 12 faces

 #end of obj_0

o obj_1
v 50 		124 		28
v 50 		124 		0
v 50 		125 		28
v 50 		125 		0
v -50 		125 		28
v -50 		125 		0
v -50 		124 		28
v -50 		124 		0
# 8 vertices

g group_1_16448250

usemtl color_16448250
s 0

f 9 	10 	11
f 10 	12 	11
f 13 	14 	15
f 14 	16 	15
f 13 	15 	11
f 15 	9 	11
f 16 	14 	10
f 14 	12 	10
f 15 	16 	9
f 16 	10 	9
f 11 	12 	13
f 12 	14 	13
# 12 faces

 #end of obj_1

o obj_2
v 50 		-125 		58
v 50 		-125 		57
v 50 		-13 		58
v 50 		-13 		57
v -50 		-13 		58
v -50 		-13 		57
v -50 		-125 		58
v -50 		-125 		57
# 8 vertices

g group_2_16448250

usemtl color_16448250
s 0

f 17 	18 	19
f 18 	20 	19
f 21 	22 	23
f 22 	24 	23
f 21 	23 	19
f 23 	17 	19
f 24 	22 	18
f 22 	20 	18
f 23 	24 	17
f 24 	18 	17
f 19 	20 	21
f 20 	22 	21
# 12 faces

 #end of obj_2

o obj_3
v -20 		-2 		8
v -20 		-2 		1
v -20 		25 		8
v -20 		25 		1
v -45 		25 		8
v -45 		25 		1
v -45 		-2 		8
v -45 		-2 		1
# 8 vertices

g group_3_8768998

usemtl color_8768998
s 0

f 25 	26 	27
f 26 	28 	27
f 29 	30 	31
f 30 	32 	31
f 29 	31 	27
f 31 	25 	27
f 32 	30 	26
f 30 	28 	26
f 31 	32 	25
f 32 	26 	25
f 27 	28 	29
f 28 	30 	29
# 12 faces

 #end of obj_3

o obj_4
v -17 		-31 		28
v -17 		-31 		0
v -17 		-25 		28
v -17 		-25 		0
v -23 		-25 		28
v -23 		-25 		0
v -23 		-31 		28
v -23 		-31 		0
# 8 vertices

g group_4_11107152

usemtl color_11107152
s 0

f 33 	34 	35
f 34 	36 	35
f 37 	38 	39
f 38 	40 	39
f 37 	39 	35
f 39 	33 	35
f 40 	38 	34
f 38 	36 	34
f 39 	40 	33
f 40 	34 	33
f 35 	36 	37
f 36 	38 	37
# 12 faces

 #end of obj_4

o obj_5
v 3 		118.767 		2
v 3 		118.767 		1
v -44.758 		118.767 		1
v -44.758 		118.767 		2
v 15 		11 		1
v 3 		44 		1
v 15 		44 		1
v 15 		11 		2
v 3 		44 		2
v 15 		44 		2
v -45 		44 		2
v -45 		44 		1
v -45 		11 		1
v -45 		11 		2
v -44.758 		44 		1
v -44.758 		44 		2
# 16 vertices

g group_5_8768998

usemtl color_8768998
s 0

f 41 	42 	43
f 41 	43 	44
f 42 	41 	49
f 42 	49 	46
f 50 	47 	46
f 50 	46 	49
f 52 	55 	53
f 55 	46 	53
f 45 	53 	46
f 43 	42 	55
f 42 	46 	55
f 47 	45 	46
f 51 	52 	53
f 51 	53 	54
f 45 	48 	53
f 56 	51 	54
f 48 	45 	47
f 48 	47 	50
f 50 	49 	48
f 54 	53 	48
f 56 	55 	52
f 56 	52 	51
f 44 	43 	55
f 44 	55 	56
f 41 	44 	56
f 48 	49 	54
f 56 	54 	49
f 41 	56 	49
# 28 faces

 #end of obj_5

o obj_6
v -17 		-93 		28
v -17 		-93 		0
v -17 		-87 		28
v -17 		-87 		0
v -23 		-87 		28
v -23 		-87 		0
v -23 		-93 		28
v -23 		-93 		0
# 8 vertices

g group_6_11107152

usemtl color_11107152
s 0

f 57 	58 	59
f 58 	60 	59
f 61 	62 	63
f 62 	64 	63
f 61 	63 	59
f 63 	57 	59
f 64 	62 	58
f 62 	60 	58
f 63 	64 	57
f 64 	58 	57
f 59 	60 	61
f 60 	62 	61
# 12 faces

 #end of obj_6

o obj_7
v 28 		-93 		28
v 28 		-93 		0
v 28 		-87 		28
v 28 		-87 		0
v 22 		-87 		28
v 22 		-87 		0
v 22 		-93 		28
v 22 		-93 		0
# 8 vertices

g group_7_11107152

usemtl color_11107152
s 0

f 65 	66 	67
f 66 	68 	67
f 69 	70 	71
f 70 	72 	71
f 69 	71 	67
f 71 	65 	67
f 72 	70 	66
f 70 	68 	66
f 71 	72 	65
f 72 	66 	65
f 67 	68 	69
f 68 	70 	69
# 12 faces

 #end of obj_7

o obj_8
v 28 		-31 		28
v 28 		-31 		0
v 28 		-25 		28
v 28 		-25 		0
v 22 		-25 		28
v 22 		-25 		0
v 22 		-31 		28
v 22 		-31 		0
# 8 vertices

g group_8_11107152

usemtl color_11107152
s 0

f 73 	74 	75
f 74 	76 	75
f 77 	78 	79
f 78 	80 	79
f 77 	79 	75
f 79 	73 	75
f 80 	78 	74
f 78 	76 	74
f 79 	80 	73
f 80 	74 	73
f 75 	76 	77
f 76 	78 	77
# 12 faces

 #end of obj_8

o obj_9
v -13 		-70 		10
v -13 		-70 		9
v -13 		-46 		10
v -13 		-46 		9
v -20 		-46 		10
v -20 		-46 		9
v -20 		-70 		10
v -20 		-70 		9
# 8 vertices

g group_9_2829873

usemtl color_2829873
s 0

f 81 	82 	83
f 82 	84 	83
f 85 	86 	87
f 86 	88 	87
f 85 	87 	83
f 87 	81 	83
f 88 	86 	82
f 86 	84 	82
f 87 	88 	81
f 88 	82 	81
f 83 	84 	85
f 84 	86 	85
# 12 faces

 #end of obj_9

o obj_10
v -8 		-75 		12
v -8 		-75 		11
v -8 		-42 		11
v -8 		-42 		12
v -20 		-42 		12
v -20 		-42 		11
v -20 		-45.998 		11
v -20 		-45.998 		12
v -20 		-70.003 		12
v -20 		-70.003 		11
v -20 		-75 		11
v -20 		-75 		12
v -12.998 		-45.998 		12
v -12.998 		-70.003 		12
v -12.998 		-45.998 		11
v -12.998 		-70.003 		11
# 16 vertices

g group_10_2829873

usemtl color_2829873
s 0

f 89 	90 	91
f 89 	91 	92
f 93 	94 	95
f 93 	95 	96
f 97 	98 	99
f 97 	99 	100
f 96 	101 	93
f 100 	102 	97
f 92 	93 	101
f 92 	101 	102
f 100 	89 	102
f 92 	102 	89
f 95 	94 	103
f 91 	103 	94
f 98 	104 	99
f 90 	99 	104
f 103 	91 	104
f 90 	104 	91
f 90 	89 	99
f 100 	99 	89
f 102 	104 	98
f 102 	98 	97
f 104 	102 	101
f 104 	101 	103
f 93 	91 	94
f 92 	91 	93
f 96 	95 	103
f 96 	103 	101
# 28 faces

 #end of obj_10

o obj_11
v -12 		-72 		11
v -12 		-72 		1
v -12 		-45 		1
v -12 		-45 		11
v -18 		-45 		11
v -18 		-45.998 		8.998
v -18 		-45.998 		11
v -18 		-70.003 		11
v -18 		-70.003 		8.998
v -18 		-72 		11
v -12.998 		-70.003 		11
v -18 		-45 		1
v -18 		-72 		1
v -12.998 		-45.998 		11
v -12.998 		-70.003 		8.998
v -12.998 		-45.998 		8.998
# 16 vertices

g group_11_11107152

usemtl color_11107152
s 0

f 105 	106 	107
f 105 	107 	108
f 109 	110 	111
f 117 	114 	113
f 112 	113 	114
f 112 	114 	115
f 105 	115 	114
f 110 	116 	113
f 109 	116 	110
f 117 	113 	116
f 108 	118 	115
f 108 	115 	105
f 108 	109 	118
f 111 	118 	109
f 106 	117 	116
f 106 	116 	107
f 114 	117 	105
f 117 	106 	105
f 107 	116 	108
f 113 	119 	120
f 113 	120 	110
f 109 	108 	116
f 119 	115 	118
f 119 	118 	120
f 111 	110 	120
f 111 	120 	118
f 115 	119 	113
f 115 	113 	112
# 28 faces

 #end of obj_11

o obj_12
v 14.5394 		40.1914 		35.7939
v 5.3883 		45.0322 		33.8932
v 4.7983 		44.842 		34.2028
v 13.4514 		61.7549 		32.772
v 13.8483 		61.6208 		32.7049
v 14.51 		40.9849 		35.4854
v 17.6885 		57.1479 		33.0312
v 5.035 		44.7284 		34.1681
v 17.7505 		57.0468 		32.9864
v 9.6106 		62.2686 		33.596
v 14.5026 		39.9491 		35.8713
v 8.0296 		52.5071 		30.3317
v 8.083 		52.5679 		30.3104
v 8.1316 		52.535 		30.3345
v 8.2281 		52.5204 		30.3586
v 8.2167 		52.5129 		30.3622
v 9.0565 		62.217 		33.757
v 8.246 		52.5355 		30.3525
v 5.8584 		44.3241 		34.0269
v 17.8345 		56.9833 		32.61
v 8.015 		52.6249 		30.2992
v 8.015 		52.625 		30.2992
v 8.042 		52.6011 		30.3012
v 14.6417 		51.619 		32.5175
v 14.6577 		51.4918 		32.5504
v 14.6565 		51.4937 		32.5532
v 7.9926 		52.6583 		30.2934
v 7.9625 		52.7032 		30.2857
v 18.0311 		56.722 		32.6593
v 13.8213 		62.1028 		32.7557
v 8.0421 		52.601 		30.3013
v 13.8607 		61.6505 		32.6281
v 16.9497 		57.1479 		32.8105
v 9.096 		62.1814 		33.7781
v 17.4744 		56.8216 		32.7844
v 17.1445 		56.7718 		32.7242
v 14.3573 		41.8626 		35.1529
v 14.0064 		41.9842 		35.1066
v 5.0436 		44.2972 		34.2168
v 17.079 		56.8786 		32.7711
v 14.6574 		51.4859 		32.5555
v 14.365 		41.8445 		35.1063
v 6.6741 		54.9628 		31.3263
v 14.3955 		41.8433 		35.1389
v 12.1131 		61.5093 		32.6883
v 6.9298 		55.5017 		31.3586
v 6.9348 		55.4599 		31.3725
v 4.7986 		44.3476 		34.3538
v 9.058 		62.2401 		33.7683
v 17.6749 		56.1777 		32.7177
v 12.7232 		61.6724 		32.672
v 13.0255 		61.5381 		32.6539
v 17.7823 		56.1984 		32.7571
v 14.1867 		41.4894 		35.3101
v 5.0401 		44.2897 		34.2197
v 17.655 		56.0851 		32.6862
v 13.5852 		41.735 		35.2276
v 6.9773 		54.9014 		31.1148
v 12.7505 		62.0037 		32.8642
v 12.6354 		62.0316 		32.909
v 13.6567 		41.7525 		35.2003
v 5.0576 		44.2696 		34.1927
v 7.1963 		54.8742 		31.0209
v 7.1997 		54.877 		31.0239
v 7.2017 		54.879 		31.0251
v 5.0552 		44.255 		34.1927
v 17.6948 		56.0958 		32.5946
v 13.7964 		41.5209 		35.0692
v 9.8197 		63.0956 		34.094
v 9.9766 		62.5415 		33.8279
v 9.801 		63.2121 		34.1735
v 9.957 		62.5187 		33.8404
v 9.2419 		62.3493 		33.5443
v 14.6635 		51.4341 		32.5702
v 14.6432 		51.5985 		32.5265
v 14.6494 		51.548 		32.54
v 8.0668 		52.5808 		30.3064
v 14.6328 		51.5418 		32.5331
v 14.6406 		51.6193 		32.521
v 4.9173 		44.029 		34.3342
v 5.1661 		44.1465 		34.2455
v 13.0735 		41.6935 		35.0933
v 7.8107 		52.9935 		30.3373
v 7.8121 		52.9918 		30.3381
v 7.8048 		53.0069 		30.3305
v 14.5901 		51.2607 		32.572
v 7.7968 		52.8378 		30.4177
v 14.6559 		51.4947 		32.5546
v 14.6309 		51.5233 		32.5361
v 17.4124 		56.1347 		32.6198
v 14.6573 		51.4833 		32.5577
v 7.8031 		52.7925 		30.4368
v 12.6509 		41.4669 		35.0766
v 7.817 		52.9854 		30.3406
v 9.058 		62.2947 		33.6046
v 7.7896 		52.7877 		30.4407
v 14.4644 		41.1652 		35.4317
v 9.0565 		62.2719 		33.5921
v 7.782 		52.8022 		30.3249
v 10.9646 		62.8147 		32.7049
v 11.1634 		63.1543 		32.8648
v 14.6678 		51.396 		32.5816
v 14.6664 		51.4086 		32.5775
v 14.6798 		51.3937 		32.5881
v 14.6836 		51.4004 		32.5881
v 11.0761 		63.0137 		32.7091
v 7.5713 		52.94 		30.3559
v 5.0706 		44.1862 		34.107
v 11.5264 		62.9752 		32.9298
v 7.7926 		52.986 		30.284
v 7.817 		52.9483 		30.2883
v 7.7858 		53.0069 		30.2799
v 17.2024 		56.5072 		32.6281
v 9.1511 		62.2671 		33.5197
v 14.758 		51.7798 		32.4878
v 7.8311 		52.802 		30.4288
v 17.4231 		56.2026 		32.6076
v 8.2788 		52.4768 		30.3504
v 14.7607 		52.002 		31.59
v 7.8345 		53.0033 		30.4071
v 7.9032 		52.885 		30.4021
v 7.9275 		52.8358 		30.4012
v 7.9198 		52.8321 		30.4035
v 14.4703 		41.1504 		35.3937
v 7.8729 		53.0069 		30.397
v 7.8335 		53.0069 		30.4069
v 14.2689 		41.0988 		35.4646
v 8.024 		52.9325 		30.3669
v 7.9243 		52.8334 		30.4022
v 7.926 		52.8341 		30.4017
v 10.9507 		62.4341 		32.6038
v 8.9207 		62.4039 		33.6719
v 7.2017 		54.8766 		31.0287
v 7.1994 		54.8573 		31.0516
v 7.9318 		52.4365 		30.6369
v 11.1737 		62.3161 		32.6299
v 11.3404 		62.6293 		32.772
v 14.1144 		41.0401 		35.4765
v 7.8321 		52.4777 		30.6191
v 16.7536 		57.9517 		32.6773
v 13.923 		40.9763 		35.51
v 5.0033 		44.2005 		33.9638
v 8.9035 		62.1948 		33.738
v 8.9242 		62.2265 		33.7546
v 14.1345 		40.9917 		35.3489
v 7.181 		54.8588 		31.0111
v 14.7372 		51.2782 		31.6727
v 4.7847 		44.1557 		33.9124
v 9.858 		62.4602 		33.7306
v 9.957 		62.5323 		33.7988
v 14.8221 		51.237 		31.7104
v 4.9997 		44.1933 		33.9673
v 14.2054 		41.444 		35.1923
v 14.0349 		41.3678 		35.1796
v 9.8102 		62.2746 		33.6176
v 6.8995 		55.8938 		30.8152
v 6.4318 		55.9526 		31.027
v 10.011 		62.2728 		33.6633
v 10.011 		62.2579 		33.7081
v 9.8244 		62.2348 		33.7401
v 9.6394 		62.2199 		33.7478
v 9.0301 		62.2315 		33.719
v 9.0316 		62.2793 		33.7265
v 5.0769 		44.1993 		34.1011
v 16.6578 		58.0541 		32.6483
v 16.5587 		58.2908 		32.6266
v 5.0496 		44.1877 		34.0281
v 10.011 		62.2728 		33.6633
v 10.011 		62.2728 		33.6633
v 5.0448 		44.1761 		34.0346
v 10.011 		62.2728 		33.6633
v 13.5158 		41.3915 		35.3564
v 9.6394 		62.2416 		33.7593
v 9.6504 		62.2512 		33.7622
v 9.6394 		62.2419 		33.7585
v 9.0242 		62.2526 		33.6562
v 13.8667 		40.9623 		35.5322
v 13.875 		41.2661 		35.367
v 6.823 		45.7942 		33.3076
v 16.7468 		57.6465 		32.6136
v 14.7372 		50.4296 		32.2814
v 9.7037 		62.2953 		33.7822
v 14.6586 		49.9981 		32.2123
v 9.031 		62.3018 		33.6606
v 14.6444 		50.2496 		32.1648
v 7.8658 		52.7386 		30.4775
v 16.742 		57.6216 		32.6361
v 8.6863 		62.2826 		33.6348
v 6.3108 		55.712 		30.9668
v 10.0365 		62.2668 		33.6861
v 8.5594 		62.2654 		33.7119
v 7.8232 		52.6483 		30.4975
v 8.5594 		62.2802 		33.6671
v 7.8962 		52.721 		30.4718
v 8.5342 		62.2743 		33.69
v 7.8673 		52.7282 		30.4564
v 7.86 		52.7316 		30.4559
v 13.5199 		41.1225 		35.1084
v 10.8285 		62.5795 		32.5946
v 16.7453 		57.6228 		32.6373
v 8.2247 		52.5092 		30.3629
v 13.8308 		41.2661 		35.1413
v 8.2815 		52.4849 		30.3711
v 6.6501 		55.5328 		30.5263
v 16.8506 		57.43 		32.7711
v 13.7409 		41.2139 		35.1084
v 6.336 		46.2474 		33.2827
v 6.1571 		45.8182 		33.4675
v 16.5142 		56.9676 		32.6278
v 16.4348 		57.1882 		32.602
v 16.9061 		56.6638 		32.6204
v 9.3591 		61.8436 		33.6695
v 6.7391 		55.5589 		30.7654
v 14.1689 		40.3196 		35.6272
v 10.2554 		61.0706 		33.0698
v 18.5205 		54.3758 		34.4324
v 19.0304 		54.2304 		34.6151
v 14.8336 		51.0095 		31.6442
v 9.755 		61.283 		33.0695
v 14.4958 		40.4643 		35.7066
v 14.7162 		50.7627 		31.6081
v 9.1402 		61.8498 		33.6517
v 9.0802 		61.859 		33.6235
v 18.6739 		54.4217 		34.4487
v 7.0461 		56.0062 		30.4112
v 14.0239 		40.4706 		35.7203
v 18.9079 		54.35 		34.6053
v 18.7905 		54.403 		34.5282
v 10.2157 		61.1017 		33.1193
v 19.0245 		54.3129 		34.6332
v 9.998 		60.9831 		33.1146
v 7.612 		52.5727 		30.558
v 7.0677 		55.4878 		30.3116
v 9.1669 		61.5185 		33.5052
v 10.2465 		61.1255 		33.0979
v 14.1164 		40.2591 		35.5993
v 10.1125 		61.0813 		33.0093
v 10.2157 		61.1207 		33.0621
v 7.7431 		52.5006 		30.5729
v 6.573 		45.9128 		33.3409
v 10.224 		61.0495 		33.0926
v 9.4021 		61.5185 		33.5052
v 10.224 		61.0688 		33.0348
v 6.4442 		55.7832 		30.5506
v 19.3113 		54.2002 		34.7848
v 14.1526 		40.281 		35.6153
v 6.5036 		55.9502 		30.5287
v 19.3051 		54.2002 		34.8041
v 9.3217 		61.9593 		33.3228
v 14.6684 		49.4499 		32.2938
v 14.5895 		49.5908 		32.2407
v 6.0159 		55.2431 		30.7443
v 19.1141 		54.0883 		34.7418
v 9.0405 		62.0144 		33.453
v 7.1854 		54.9917 		30.4231
v 9.9066 		60.9703 		32.9155
v 19.287 		53.93 		34.8586
v 9.5468 		61.6796 		33.2721
v 14.5136 		49.0483 		32.2378
v 14.5415 		49.0246 		32.1574
v 7.1664 		54.9637 		30.4239
v 14.5154 		48.9712 		32.2051
v 9.5522 		61.5846 		33.221
v 7.1751 		54.9616 		30.4201
v 14.6785 		49.2942 		32.0921
v 7.1623 		54.9579 		30.4237
v 7.4957 		52.6281 		30.5444
v 14.5922 		49.2079 		32.0945
v 9.5035 		61.5312 		33.4654
v 6.6501 		45.1428 		33.5366
v 6.8473 		45.4851 		33.3759
v 14.7396 		48.8757 		32.3534
v 6.7284 		45.4095 		33.4402
v 7.9274 		52.4248 		30.643
v 7.9214 		52.4213 		30.6449
v 9.1885 		61.7964 		33.2409
v 7.9336 		52.4371 		30.6402
v 7.8605 		52.4796 		30.6541
v 7.8254 		52.5001 		30.6607
v 6.6712 		45.5047 		33.256
v 14.7565 		49.9447 		31.9429
v 7.7515 		52.5529 		30.6738
v 6.6376 		45.1125 		33.4574
v 19.1517 		54.0029 		34.7631
v 9.0194 		61.6377 		33.2495
v 8.6825 		61.959 		33.5992
v 6.7678 		45.338 		33.3498
v 5.9637 		55.7672 		31.0656
v 19.3187 		54.0489 		34.7625
v 5.7309 		55.5809 		31.1166
v 7.671 		52.6051 		30.6886
v 7.6385 		52.6261 		30.6945
v 6.8218 		45.3223 		33.3943
v 19.3294 		53.93 		34.7308
v 7.5981 		52.4917 		30.7185
v 14.0449 		40.7337 		35.5818
v 5.7172 		55.8582 		30.9158
v 14.2007 		40.6912 		35.6132
v 9.5694 		61.1893 		33.2519
v 14.0621 		40.5714 		35.4738
v 19.1141 		53.6861 		34.7418
v 19.1268 		53.7689 		34.7513
v 9.4492 		61.1934 		33.3385
v 14.446 		60.3006 		34.0863
v 14.2223 		59.9936 		33.9193
v 14.2558 		52.4439 		32.6343
v 14.1618 		52.4137 		32.605
v 13.9984 		60.1318 		33.8095
v 14.4807 		52.4718 		32.688
v 13.8198 		40.4397 		35.701
v 14.4065 		60.378 		34.0219
v 14.3961 		60.3673 		34.0664
v 14.3846 		60.3917 		34.045
v 7.7602 		52.8445 		30.4929
v 7.8056 		52.775 		30.4442
v 6.2995 		45.5409 		33.5268
v 5.2528 		55.5225 		31.2806
v 5.1528 		55.4777 		31.3064
v 14.1826 		52.2375 		32.6676
v 14.1766 		52.1218 		32.6693
v 19.3267 		53.7902 		34.7637
v 8.1376 		53.0014 		30.3316
v 8.2258 		52.9904 		30.3107
v 8.2033 		53.002 		30.3152
v 14.3555 		59.6012 		33.8991
v 19.3246 		53.8069 		34.7453
v 13.5277 		40.7856 		35.324
v 8.4024 		52.9232 		30.2736
v 8.3444 		52.9212 		30.2883
v 14.1381 		51.929 		32.5943
v 14.1737 		52.0135 		32.6504
v 8.3235 		52.919 		30.2938
v 8.2834 		52.9711 		30.2984
v 8.2879 		52.9484 		30.2996
v 13.5653 		40.7191 		35.5162
v 19.3294 		53.8439 		34.7308
v 8.292 		52.9157 		30.3019
v 13.4743 		59.7246 		33.5034
v 8.0367 		52.9452 		30.3624
v 13.4695 		59.7631 		33.4824
v 13.4876 		59.7379 		33.4468
v 13.4357 		59.7003 		33.4138
v 9.4394 		61.6315 		33.1656
v 13.4152 		59.7237 		33.4482
v 14.3235 		51.8851 		32.688
v 18.8204 		54.0385 		34.6074
v 19.0082 		54.1987 		34.6821
v 5.1813 		55.5518 		31.094
v 5.1813 		55.5518 		31.094
v 14.0672 		52.0435 		32.5916
v 5.1813 		55.5518 		31.094
v 13.824 		40.462 		35.4489
v 14.2538 		60.025 		33.7849
v 5.1813 		55.5518 		31.094
v 14.2446 		52.2206 		32.6993
v 5.1813 		55.5518 		31.094
v 9.1197 		61.3103 		32.9876
v 13.4485 		40.3347 		35.513
v 13.993 		59.269 		33.6615
v 9.5625 		61.3963 		33.1199
v 13.3349 		40.3225 		35.5904
v 9.5174 		61.2996 		33.0199
v 8.386 		52.4677 		30.3757
v 8.3046 		52.4809 		30.3722
v 6.274 		45.6186 		33.227
v 9.2846 		61.3192 		32.9603
v 18.9287 		54.1266 		34.5436
v 19.0903 		54.0136 		34.6288
v 19.1408 		54.0883 		34.6614
v 5.0988 		55.5127 		31.1234
v 14.3487 		51.3082 		32.6738
v 6.271 		45.3231 		33.3542
v 7.4901 		52.9452 		30.4148
v 7.2961 		52.8894 		30.604
v 6.5834 		45.5192 		33.4592
v 7.3421 		52.9235 		30.7378
v 7.403 		52.8623 		30.7289
v 7.346 		52.9195 		30.7372
v 6.4511 		45.6812 		33.4462
v 13.4894 		50.0485 		32.8865
v 13.7421 		50.1458 		32.8286
v 14.1161 		59.2957 		33.3424
v 9.583 		60.9908 		32.9022
v 13.6816 		50.1656 		32.7577
v 13.657 		50.2006 		32.8227
v 13.5294 		50.3415 		32.7242
v 5.4025 		55.0609 		31.0768
v 5.6232 		55.34 		31.0979
v 5.5363 		55.1567 		31.0742
v 13.8115 		40.8253 		35.2769
v 5.4085 		55.0176 		31.0317
v 5.3788 		55.0707 		31.0151
v 19.1544 		53.7671 		34.6646
v 19.1559 		53.8688 		34.6163
v 7.3264 		52.8541 		30.5171
v 14.3184 		40.117 		35.8312
v 14.2066 		40.0796 		35.8508
v 19.1396 		53.6443 		34.6649
v 5.7081 		54.993 		30.9475
v 13.6042 		50.3246 		32.712
v 6.314 		45.4044 		33.3151
v 9.4163 		60.9982 		32.8025
v 14.298 		59.1236 		33.3222
v 8.7344 		52.3542 		30.2497
v 14.2057 		40.1808 		35.7974
v 13.5366 		59.5131 		33.4996
v 8.5698 		52.1681 		30.2638
v 8.6668 		52.1375 		30.2119
v 18.9468 		53.8653 		34.4894
v 18.9426 		53.8033 		34.5015
v 6.7444 		46.224 		32.9241
v 7.1291 		54.6725 		31.1326
v 12.6808 		49.9705 		32.7708
v 7.0022 		54.7649 		31.1898
v 7.0971 		54.5436 		31.1601
v 13.2539 		49.9853 		32.8669
v 18.9287 		53.6476 		34.5436
v 13.5938 		59.3992 		33.2931
v 14.1253 		40.0547 		35.871
v 13.9666 		39.9761 		35.736
v 13.5499 		59.5964 		33.3759
v 7.181 		54.8158 		31.0732
v 13.4224 		59.6869 		33.4711
v 13.4674 		59.565 		33.48
v 13.0044 		50.427 		32.5895
v 13.2681 		50.157 		32.788
v 18.6297 		53.9371 		34.5804
v 18.6341 		53.79 		34.5685
v 7.1404 		54.7284 		31.1148
v 7.0662 		54.4165 		31.1888
v 7.0599 		54.3912 		31.1941
v 7.0602 		54.3881 		31.1972
v 18.6543 		53.7205 		34.5279
v 7.0856 		54.4973 		31.17
v 8.3242 		52.3413 		30.3009
v 7.0612 		54.3348 		31.2416
v 8.3182 		52.3472 		30.3018
v 7.0612 		54.3334 		31.2426
v 14.4626 		39.7732 		35.9422
v 7.0229 		54.3538 		31.2533
v 12.5248 		49.9797 		32.7699
v 7.0525 		54.2849 		31.2606
v 12.6328 		50.1223 		32.6302
v 14.311 		39.6457 		35.9819
v 7.0616 		54.3674 		31.2168
v 7.2184 		52.3223 		30.6008
v 5.614 		45.7354 		33.6668
v 14.0467 		49.5712 		33.1973
v 8.993 		61.1338 		32.979
v 14.3849 		39.6433 		35.9825
v 14.3893 		39.6439 		35.9798
v 8.861 		60.9671 		32.8965
v 14.4563 		39.7679 		35.9362
v 5.6354 		46.084 		33.5906
v 7.1488 		54.8129 		31.0105
v 18.1865 		54.5389 		34.2402
v 18.2319 		54.2823 		34.3105
v 8.9468 		60.9113 		32.9221
v 18.1999 		54.5386 		34.2002
v 18.2088 		54.5579 		34.2283
v 7.642 		51.9925 		30.5586
v 18.4043 		54.4917 		34.3069
v 7.0208 		54.5952 		30.7701
v 7.0029 		54.528 		30.7815
v 14.0512 		49.3482 		33.3237
v 13.4176 		48.8973 		33.469
v 7.0789 		54.6718 		31.0172
v 7.0835 		54.6842 		31.018
v 7.0973 		54.7227 		31.0198
v 7.1038 		54.7414 		31.02
v 13.9067 		49.2426 		33.351
v 13.3607 		49.2138 		33.227
v 9.0203 		52.3487 		30.1789
v 5.8481 		46.0261 		33.4557
v 8.7408 		52.3643 		30.247
v 8.7414 		52.3652 		30.2468
v 5.8463 		46.0229 		33.4571
v 13.4888 		48.9388 		33.4307
v 6.9405 		54.2959 		30.9931
v 6.9433 		54.3021 		30.9947
v 5.9359 		46.2165 		33.3717
v 5.8878 		46.1127 		33.4174
v 18.439 		53.9703 		34.2022
v 8.5416 		61.0602 		33.1463
v 13.6869 		59.1124 		33.386
v 8.5063 		61.1213 		33.0205
v 18.6866 		54.164 		34.4099
v 6.9451 		54.305 		30.9965
v 18.4188 		54.2002 		34.2633
v 8.5692 		61.0492 		32.9698
v 8.7012 		60.9448 		33.1107
v 6.9404 		54.2957 		30.9931
v 13.7335 		59.1097 		33.2142
v 7.0642 		54.6244 		31.0206
v 7.0723 		54.6504 		31.0188
v 6.9506 		54.3153 		31.0013
v 6.9923 		54.3923 		31.0371
v 13.7145 		59.1352 		33.2735
v 5.8178 		45.9606 		33.4844
v 13.9663 		49.7077 		33.0357
v 13.9518 		49.7258 		33.1057
v 13.7083 		59.129 		33.2679
v 9.3508 		51.8023 		31.167
v 9.373 		51.7955 		31.1474
v 13.9566 		49.5137 		33.0745
v 8.9821 		60.9069 		32.8571
v 8.9821 		60.9125 		32.8604
v 13.6878 		59.1242 		33.3355
v 13.9939 		49.7358 		33.0745
v 8.9806 		60.9072 		32.8586
v 14.2398 		39.8186 		35.8238
v 13.7344 		59.1085 		33.2124
v 14.061 		49.5534 		33.1291
v 8.3319 		61.1821 		33.1273
v 14.0924 		49.5733 		33.1715
v 8.3621 		61.1774 		33.0914
v 14.2879 		39.8607 		35.8443
v 5.8368 		46.0021 		33.4663
v 8.3621 		61.1584 		33.1484
v 13.7388 		59.1124 		33.2157
v 8.3521 		61.0949 		33.1157
v 8.3209 		61.116 		33.0932
v 9.217 		52.3724 		30.8502
v 8.3521 		61.1142 		33.0585
v 9.2013 		52.373 		30.8671
v 13.5629 		59.3336 		33.4654
v 18.3257 		54.0827 		34.2058
v 6.0038 		63.103 		32.8162
v 5.875 		45.9855 		33.4118
v 6.0975 		63.1605 		32.7746
v 5.8816 		45.9469 		33.3949
v 13.9296 		39.724 		35.8992
v 14.0891 		39.7889 		35.9122
v 13.5879 		49.3936 		32.9482
v 18.1634 		53.6838 		34.2912
v 14.104 		58.7027 		33.5049
v 13.7291 		49.5567 		32.9511
v 14.2665 		58.9804 		33.6932
v 13.6869 		49.4891 		33.189
v 14.4848 		59.0427 		33.7066
v 14.1651 		39.6739 		35.906
v 14.4305 		58.9827 		33.6668
v 5.412 		62.877 		32.7746
v 7.0584 		54.1987 		31.2831
v 7.039 		54.1652 		31.3014
v 5.8943 		45.9229 		33.3115
v 14.0868 		39.783 		35.8416
v 9.2016 		52.3621 		30.8378
v 14.3445 		58.8872 		33.6034
v 13.7943 		49.6552 		33.1303
v 5.8845 		45.9021 		33.3213
v 18.5413 		53.865 		34.2518
v 18.5707 		53.7956 		34.2823
v 5.8656 		45.9045 		33.2335
v 5.8528 		45.8894 		33.2341
v 7.0584 		54.1453 		31.2884
v 14.3561 		39.6335 		35.9872
v 14.386 		39.6412 		35.9766
v 14.3478 		39.6228 		35.9709
v 4.8529 		46.0504 		33.6668
v 14.2772 		39.6065 		36
v 5.2053 		63.2092 		32.8681
v 14.3902 		59.0071 		33.3744
v 14.349 		59.0628 		33.3424
v 7.0555 		54.1225 		31.2836
v 14.2923 		39.5706 		35.992
v 9.2048 		51.9269 		31.0285
v 5.3658 		46.213 		33.6301
v 13.4695 		49.4935 		33.1377
v 13.3197 		49.3633 		32.9879
v 14.2908 		39.5944 		35.96
v 5.1151 		63.2471 		32.7491
v 14.3359 		58.483 		33.4399
v 5.1104 		63.2611 		32.7551
v 14.4062 		58.4776 		33.4568
v 5.9907 		45.5474 		33.596
v 5.1899 		63.2074 		32.8503
v 5.1914 		63.2145 		32.858
v 5.48 		45.2184 		33.4818
v 6.0067 		54.3428 		30.7903
v 6.8749 		54.3019 		30.8369
v 9.0319 		52.3321 		30.925
v 6.9403 		54.2932 		30.8215
v 6.9319 		54.2619 		30.8268
v 14.432 		58.5008 		33.2703
v 5.208 		63.2015 		32.8648
v 14.1968 		58.6147 		33.2044
v 5.5491 		45.5794 		33.2593
v 13.3031 		49.3675 		33.0695
v 13.2963 		49.3775 		33.0603
v 8.9767 		52.3908 		31.0759
v 8.5371 		52.3834 		31.1649
v 18.0715 		54.4111 		34.2188
v 5.165 		63.3059 		32.6154
v 14.3152 		39.6282 		35.9594
v 5.1679 		63.2985 		32.6118
v 8.5119 		52.3893 		31.1682
v 13.945 		49.1957 		33.1682
v 8.6857 		52.1182 		31.1272
v 4.8915 		45.6361 		33.2756
v 14.263 		39.6 		35.9985
v 14.2458 		39.5887 		35.9899
v 17.6307 		54.6537 		33.9578
v 13.8928 		58.4752 		33.3536
v 14.2668 		39.5852 		35.9617
v 14.2597 		39.5786 		35.9748
v 14.249 		39.5813 		35.9692
v 17.8437 		54.6122 		34.0661
v 17.8585 		54.6122 		34.0213
v 14.1467 		58.5648 		33.4171
v 5.1629 		63.3121 		32.6183
v 17.8523 		54.6371 		34.0444
v 8.6033 		51.9803 		31.1889
v 5.458 		45.7589 		33.1389
v 13.3265 		49.3322 		32.9369
v 13.3182 		49.3402 		32.9271
v 5.8006 		45.9107 		33.1549
v 5.7988 		45.9075 		33.1567
v 14.1755 		58.7742 		33.2021
v 13.3292 		49.3535 		33.0048
v 4.9775 		63.3118 		32.6566
v 9.0257 		51.9622 		31.1347
v 6.624 		53.9611 		31.1762
v 13.5054 		48.7894 		33.0499
v 14.1755 		39.5543 		35.9766
v 7.0465 		54.0325 		31.271
v 7.0226 		53.9474 		31.2225
v 7.0212 		53.9412 		31.2199
v 7.0186 		53.9185 		31.2158
v 14.1719 		39.5537 		35.9798
v 14.0366 		39.5941 		35.9362
v 13.6445 		48.8374 		33.1789
v 5.676 		45.8585 		33.1261
v 8.7636 		52.339 		30.9924
v 8.7727 		52.3392 		30.9908
v 14.0286 		39.5932 		35.9422
v 8.8094 		52.2461 		31.0359
v 14.1752 		39.5564 		35.9825
v 13.4143 		49.0439 		32.9571
v 17.8603 		54.4274 		33.9786
v 8.8606 		52.3407 		30.9729
v 17.9819 		54.2506 		34.0263
v 8.891 		52.3416 		30.9679
v 5.6582 		46.1234 		32.9662
v 18.1293 		54.2349 		34.1061
v 8.7398 		52.3379 		30.9954
v 13.2954 		49.3069 		32.8675
v 5.7825 		46.0934 		33.014
v 17.8196 		54.4197 		34.0993
v 13.6831 		59.0575 		33.4313
v 13.9296 		40.1814 		35.5993
v 13.5282 		58.8398 		33.3536
v 7.0473 		54.0413 		31.2722
v 13.678 		39.8349 		35.7939
v 13.7563 		59.0507 		33.5049
v 13.8756 		39.689 		35.8713
v 13.5736 		58.7778 		33.3892
v 13.8874 		39.9384 		35.8312
v 5.0822 		46.2195 		33.0152
v 13.6872 		59.0614 		33.434
v 17.7728 		54.2678 		34.0925
v 7.0195 		53.9365 		31.2163
v 13.7492 		40.1247 		35.6399
v 13.6943 		39.8367 		35.7826
v 5.3705 		46.2245 		32.9262
v 17.4631 		54.6018 		33.8994
v 8.7897 		52.3385 		30.9845
v 8.8219 		52.3193 		30.984
v 13.5505 		40.0514 		35.6595
v 8.9794 		52.3438 		30.9517
v 8.9073 		52.3419 		30.9644
v 13.8566 		40.1686 		35.6355
v 13.8311 		58.52 		33.3892
v 5.5597 		62.4801 		32.6085
v 17.7479 		53.9884 		34.1672
v 9.0224 		52.3365 		30.9457
v 8.84 		52.3196 		30.9801
v 18.0626 		54.0089 		34.3049
v 5.1555 		45.7046 		33.1745
v 17.7953 		54.1156 		34.1118
v 8.872 		52.311 		30.9496
v 13.7344 		40.1606 		35.7328
v 17.8187 		54.1139 		34.1233
v 6.1384 		45.0936 		33.7137
v 13.2969 		49.3049 		32.869
v 13.5965 		58.5435 		32.8105
v 12.5562 		41.234 		35.0523
v 13.9675 		58.55 		33.0359
v 12.5491 		41.2533 		35.1004
v 12.5349 		41.2109 		35.0861
v 13.1005 		41.2059 		35.0885
v 12.8075 		40.882 		35.2297
v 8.8109 		52.2485 		30.8001
v 17.7479 		53.7861 		34.1672
v 18.0569 		53.8555 		34.3227
v 7.0155 		53.862 		31.214
v 7.0138 		53.8303 		31.213
v 7.0252 		53.7679 		31.203
v 18.0706 		53.7149 		34.2814
v 9.5302 		60.8828 		33.1498
v 8.9895 		52.1933 		30.8778
v 9.0135 		52.2906 		30.8351
v 8.8726 		52.268 		30.8363
v 13.1349 		49.2639 		33.2442
v 7.0345 		53.7122 		31.1921
v 17.8502 		54.1153 		33.9468
v 9.1022 		60.6895 		32.6459
v 6.3707 		44.9832 		33.6829
v 6.3467 		44.9263 		33.5337
v 12.9668 		49.1423 		33.2783
v 13.2545 		40.2745 		35.5583
v 13.1249 		40.5856 		35.3756
v 12.8982 		40.7182 		35.332
v 6.6845 		45.0864 		33.5064
v 6.9235 		54.1982 		30.8355
v 17.8801 		54.1408 		34.0166
v 13.0299 		58.7567 		33.0846
v 6.9298 		54.0586 		30.9911
v 12.7677 		58.8371 		32.9959
v 5.2439 		44.9097 		33.5785
v 6.9236 		54.1509 		30.8404
v 5.1326 		44.9364 		33.5357
v 13.2444 		40.6278 		35.3608
v 6.9276 		54.1513 		30.9767
v 6.9273 		54.1611 		30.9751
v 8.98 		60.841 		33.079
v 9.2929 		48.5838 		31.8255
v 8.9809 		60.8407 		33.0778
v 13.8038 		43.0232 		34.6878
v 9.5513 		48.0167 		32.104
v 8.9821 		60.8342 		33.076
v 6.9277 		54.1666 		30.9756
v 13.0124 		49.5683 		33.0428
v 9.174 		48.2792 		31.848
v 9.2108 		48.3349 		31.7937
v 9.351 		47.7678 		32.0304
v 9.2004 		48.3605 		31.8596
v 6.9507 		53.9413 		31.0521
v 9.3486 		48.6114 		31.6736
v 6.9507 		53.9432 		31.0521
v 17.8733 		54.1139 		33.9596
v 12.6965 		49.6546 		32.99
v 12.8104 		58.8801 		32.8138
v 6.9523 		53.9359 		31.0564
v 18.1415 		54.059 		34.0693
v 13.8901 		42.7355 		34.6264
v 6.9325 		54.2149 		30.9822
v 12.9365 		49.4363 		33.1332
v 6.2861 		54.0106 		31.304
v 12.7636 		49.7382 		32.9461
v 17.5497 		54.1302 		33.9913
v 9.5394 		47.0313 		32.3389
v 9.4789 		47.0411 		32.3701
v 8.9414 		60.8855 		33.009
v 8.9462 		60.9024 		32.9176
v 12.6479 		58.9697 		32.9695
v 6.5851 		53.9139 		31.2367
v 13.2411 		49.3743 		33.1273
v 17.8096 		54.1417 		34.0738
v 13.1275 		42.9188 		34.7495
v 12.4192 		58.9869 		32.817
v 12.4423 		58.9578 		32.7746
v 17.8315 		54.1471 		34.0091
v 13.2429 		49.3722 		33.1285
v 12.426 		58.9418 		32.8432
v 12.4993 		58.8436 		32.7144
v 8.9426 		60.874 		33.0072
v 12.2822 		58.8315 		32.7512
v 13.1871 		49.4464 		33.0825
v 9.5272 		47.0601 		32.4151
v 12.2679 		58.8721 		32.7201
v 8.4529 		52.3377 		31.0611
v 8.5119 		52.3223 		31.0498
v 12.2988 		58.8475 		32.6815
v 8.9462 		60.9024 		32.9173
v 17.8451 		53.7538 		33.8745
v 8.4817 		52.2903 		30.9564
v 17.7487 		53.6526 		33.892
v 12.4738 		58.6274 		32.5967
v 12.6076 		42.8144 		34.6664
v 12.4109 		58.5423 		32.7648
v 9.0271 		60.6779 		32.6812
v 12.5456 		58.5927 		32.8348
v 8.4615 		60.3807 		32.8049
v 12.7748 		49.8622 		32.8479
v 7.3943 		47.7589 		32.4712
v 12.6965 		49.8168 		32.89
v 7.6316 		47.6898 		32.3155
v 7.2493 		47.6981 		32.3009
v 7.0461 		53.6418 		31.1782
v 7.0054 		53.6265 		31.199
v 17.4251 		53.9967 		34.0151
v 7.6437 		47.7186 		32.3911
v 7.0452 		53.6473 		31.1793
v 7.6915 		47.6996 		32.3466
v 12.6509 		58.504 		32.594
v 6.877 		53.7428 		30.7692
v 12.9335 		49.7789 		32.8719
v 8.6985 		52.3182 		31.011
v 6.8761 		53.8095 		30.8876
v 6.9242 		53.8977 		30.8664
v 6.9244 		53.8204 		30.8744
v 8.5278 		52.3357 		31.0419
v 8.704 		52.3375 		31.0032
v 8.4306 		52.3604 		31.0601
v 8.9744 		60.7428 		32.7693
v 12.5221 		49.6908 		32.9253
v 12.782 		43.2172 		34.0824
v 12.6568 		42.6949 		34.3547
v 12.558 		43.1383 		34.1138
v 18.7878 		55.922 		33.2071
v 8.5214 		52.3372 		31.0428
v 12.3688 		58.682 		32.7761
v 7.4403 		48.4554 		32.2117
v 7.7775 		48.2555 		32.0785
v 10.3317 		60.3228 		32.7221
v 8.4692 		52.3494 		31.0498
v 8.5086 		52.3403 		31.0445
v 7.7888 		48.2833 		32.15
v 6.9244 		53.8158 		30.8749
v 6.9245 		53.7499 		30.8816
v 12.5542 		49.4716 		33.019
v 12.6399 		49.5451 		33.0279
v 12.4257 		49.4647 		32.9461
v 10.3317 		60.3442 		32.6578
v 12.3649 		49.3971 		32.9034
v 12.5002 		49.4122 		33.0009
v 9.2846 		59.9826 		32.7924
v 9.4813 		59.9933 		32.7601
v 14.1499 		42.3282 		34.9743
v 14.2745 		42.338 		34.9002
v 14.0298 		42.2336 		34.8503
v 14.2579 		42.3555 		34.9533
v 9.6586 		60.8843 		32.8491
v 9.6586 		60.8137 		33.0618
v 14.3045 		42.3597 		34.9266
v 9.8508 		60.8897 		33.0849
v 8.463 		52.351 		31.051
v 8.4637 		52.3508 		31.0509
v 12.642 		49.3651 		33.0855
v 12.6737 		49.5033 		33.0534
v 9.6165 		60.1793 		32.7509
v 13.3503 		42.6118 		34.8491
v 10.0514 		60.3629 		32.6017
v 6.6824 		48.157 		32.1707
v 9.1378 		60.1256 		32.8378
v 6.729 		48.2851 		32.1164
v 19.2259 		55.2303 		33.4002
v 12.3744 		49.6567 		32.8707
v 19.2179 		55.2294 		33.3969
v 6.697 		48.197 		32.1538
v 12.3195 		49.9405 		32.7488
v 12.2018 		49.8361 		32.7275
v 9.0067 		60.0061 		32.7215
v 10.0205 		60.5969 		32.9247
v 6.9518 		53.6481 		30.8852
v 19.0633 		55.2164 		33.3349
v 13.77 		42.2633 		34.9817
v 12.2754 		49.6593 		32.8123
v 13.579 		42.1485 		35.0046
v 13.7596 		42.2081 		35.0016
v 12.302 		49.4796 		32.8479
v 8.5508 		52.2861 		30.9632
v 8.6146 		52.3057 		30.9988
v 7.0265 		48.1846 		32.4125
v 13.5896 		42.1174 		35.0173
v 19.2861 		55.3077 		33.2807
v 8.5248 		52.2343 		30.7762
v 13.6445 		42.1295 		34.9102
v 8.5416 		52.1443 		30.8953
v 13.6101 		42.0758 		34.8138
v 6.9512 		53.8378 		31.0633
v 6.951 		53.8208 		31.0645
v 19.3098 		55.2896 		33.208
v 6.9653 		53.7587 		31.0614
v 6.9622 		53.7724 		31.0621
v 19.3223 		55.2914 		33.2142
v 19.3006 		55.3089 		33.2866
v 4.9668 		59.7364 		33.5642
v 9.8458 		60.0256 		32.6619
v 19.2309 		55.2499 		33.3785
v 5.0475 		59.9221 		33.6532
v 19.2419 		55.2525 		33.3809
v 5.0003 		59.7261 		33.5503
v 6.9774 		53.7124 		31.0623
v 12.7315 		49.1773 		33.1682
v 5.0656 		59.9467 		33.6894
v 5.0611 		59.9085 		33.7104
v 5.111 		59.9144 		33.6612
v 6.3179 		53.7182 		30.8481
v 13.3965 		42.5006 		34.5582
v 13.6656 		42.6346 		34.6089
v 18.8495 		55.007 		33.3483
v 10.2572 		60.0417 		32.6151
v 6.6077 		53.6419 		30.8283
v 5.1039 		59.8773 		33.6838
v 5.0902 		59.891 		33.6259
v 8.5083 		52.2365 		30.7861
v 8.4872 		52.2365 		30.7767
v 8.5015 		52.2365 		30.783
v 12.0748 		62.4614 		32.4688
v 13.4476 		42.5486 		34.5967
v 6.978 		54.2784 		30.6885
v 6.9215 		54.2838 		30.5536
v 6.9781 		54.2271 		30.6938
v 6.9007 		47.8182 		32.578
v 6.8604 		47.7192 		32.3193
v 6.9988 		54.3566 		30.6752
v 7.0832 		54.6729 		30.6214
v 7.0484 		54.7596 		30.4726
v 8.4579 		52.2514 		30.849
v 6.6228 		47.7557 		32.4946
v 6.6815 		47.7316 		32.3344
v 6.1111 		59.1732 		33.0262
v 6.0877 		59.1438 		32.9834
v 18.2898 		55.6322 		32.7536
v 7.1574 		54.4918 		30.4731
v 8.6232 		52.2321 		30.8033
v 7.1503 		54.465 		30.4777
v 6.104 		59.1275 		33.0523
v 8.7181 		52.2345 		30.7864
v 6.8758 		54.2349 		30.7185
v 12.8855 		49.1975 		32.6254
v 6.678 		58.7357 		32.6601
v 13.4787 		42.4582 		34.6385
v 6.7014 		58.6556 		32.6658
v 13.4849 		61.8362 		32.5611
v 6.613 		58.7366 		32.6409
v 7.0028 		54.7106 		30.6375
v 7.1013 		54.7407 		30.6098
v 7.1391 		54.8065 		30.5936
v 14.139 		41.8999 		35.0049
v 12.5328 		49.3328 		33.0333
v 8.5502 		52.2422 		30.8484
v 12.4714 		49.2651 		32.9906
v 6.635 		47.7901 		32.4798
v 13.6327 		41.6202 		34.9274
v 7.0019 		54.7777 		30.7559
v 6.2043 		58.9003 		32.9725
v 12.6351 		49.0759 		33.1143
v 12.5402 		49.1856 		33.0428
v 18.3743 		55.7921 		33.052
v 6.0293 		58.9021 		33.0543
v 8.6033 		51.9026 		30.9555
v 13.6665 		42.0625 		34.9393
v 8.727 		51.8979 		30.9407
v 6.0465 		58.7389 		33.0078
v 13.6205 		42.0447 		34.8281
v 19.3297 		55.2442 		33.1475
v 12.1202 		48.8077 		32.9556
v 7.0473 		54.6948 		30.7531
v 6.602 		47.7372 		32.3411
v 6.602 		47.6718 		32.3663
v 12.4112 		48.8671 		33.0505
v 12.5901 		48.8478 		33.1208
v 7.077 		54.7464 		30.7404
v 7.0692 		54.7328 		30.7438
v 8.8676 		51.91 		30.9769
v 6.6281 		47.7841 		32.4644
v 8.8993 		51.9438 		30.9917
v 13.4321 		41.528 		34.907
v 7.1507 		54.2533 		30.4995
v 7.1504 		54.4329 		30.481
v 12.7206 		42.4223 		34.7747
v 6.2245 		59.0344 		32.9751
v 9.6251 		51.2486 		30.9416
v 9.5148 		51.2112 		30.9597
v 9.2828 		51.5265 		30.7772
v 6.2078 		59.051 		32.9051
v 6.2387 		59.0753 		32.944
v 6.1648 		47.5649 		32.3309
v 12.1902 		49.1144 		32.5937
v 9.1849 		51.2302 		30.8078
v 12.5174 		49.1041 		32.6913
v 13.4182 		61.2604 		32.5667
v 12.4388 		49.1936 		32.6278
v 13.2886 		61.226 		32.2894
v 6.5537 		47.7405 		32.3451
v 6.5571 		47.7403 		32.3449
v 6.4982 		47.6527 		32.3852
v 6.556 		47.7387 		32.3457
v 6.5537 		47.7406 		32.3452
v 6.5537 		47.7406 		32.3452
v 19.3217 		55.2434 		33.1439
v 13.3826 		61.4986 		32.4125
v 6.5653 		47.8352 		32.3075
v 13.619 		61.3278 		32.4243
v 12.3142 		42.1521 		34.7815
v 13.7608 		61.3168 		32.4804
v 12.0843 		49.2547 		32.7912
v 7.0309 		54.7029 		30.3611
v 7.052 		54.7293 		30.3836
v 9.3653 		51.7027 		31.1714
v 6.554 		58.4883 		32.7165
v 13.8234 		61.3011 		32.5341
v 13.7596 		61.2856 		32.5634
v 6.2633 		59.008 		32.8693
v 19.2591 		55.0227 		32.9894
v 9.2594 		51.6659 		31.2708
v 12.8712 		41.7754 		34.818
v 12.8713 		41.7754 		34.818
v 12.8712 		41.7754 		34.818
v 6.1123 		58.9344 		32.8526
v 18.4532 		55.1636 		33.0911
v 12.8712 		41.7754 		34.818
v 12.7532 		41.5657 		34.8966
v 13.6917 		61.1124 		32.3867
v 6.8438 		54.4828 		30.3946
v 6.1714 		58.6906 		32.7129
v 7.0579 		54.5169 		30.3531
v 6.0322 		58.8057 		32.8079
v 13.7643 		61.0777 		32.4389
v 7.1309 		54.4668 		30.4314
v 12.642 		48.7834 		32.8719
v 13.7021 		61.0742 		32.4748
v 8.9198 		51.7131 		31.2773
v 13.5119 		61.0273 		32.4721
v 7.0882 		54.3752 		30.2899
v 12.8428 		41.8442 		34.998
v 13.0676 		61.6398 		32.3879
v 8.4956 		51.5007 		31.2073
v 18.6205 		54.9877 		32.7156
v 11.7014 		49.3722 		32.5895
v 18.5802 		55.1802 		32.8242
v 6.5576 		47.7497 		32.3692
v 8.6205 		51.6956 		31.3598
v 11.888 		49.5318 		32.6115
v 6.36 		47.8746 		32.2069
v 12.3047 		41.5431 		34.9224
v 8.5404 		51.6852 		31.3284
v 12.3483 		41.5517 		34.8939
v 17.9816 		55.7799 		32.8942
v 12.6096 		41.6573 		34.8429
v 12.4943 		41.6618 		34.9764
v 17.9608 		56.0362 		32.8633
v 12.3335 		41.5689 		34.947
v 17.9846 		55.8381 		32.6065
v 18.011 		55.7909 		32.6557
v 18.0065 		55.7936 		32.6578
v 11.8331 		48.8208 		32.8242
v 6.5899 		47.9025 		32.279
v 6.5863 		47.8927 		32.2831
v 4.9908 		59.6709 		33.7054
v 6.5276 		54.4656 		30.542
v 12.0668 		48.854 		32.6845
v 5.9958 		54.3405 		30.736
v 12.752 		61.9916 		32.3929
v 6.7601 		48.6108 		31.9308
v 4.979 		59.5617 		33.682
v 12.8036 		41.315 		35.0123
v 4.871 		59.3108 		33.6532
v 17.6179 		55.9081 		32.6254
v 5.838 		48.0908 		32.2069
v 8.4621 		51.4153 		30.828
v 8.4873 		51.3951 		30.806
v 11.5314 		42.8185 		34.3494
v 5.5689 		47.4819 		32.467
v 12.3237 		62.0177 		32.2327
v 5.838 		47.3526 		32.4276
v 14.3958 		53.588 		32.0479
v 4.8209 		59.3609 		33.4402
v 7.1512 		53.9815 		30.5274
v 6.3425 		47.2292 		32.5655
v 5.2412 		59.4523 		33.3459
v 6.9781 		54.1981 		30.6968
v 6.3508 		47.5148 		32.3908
v 7.1318 		53.9789 		30.4815
v 7.1004 		47.2983 		32.4691
v 17.3445 		55.4367 		32.6477
v 17.3809 		55.8624 		32.6429
v 12.7452 		61.2358 		32.5062
v 17.5094 		55.6797 		32.702
v 9.2434 		52.134 		30.3003
v 12.9178 		61.2403 		32.527
v 11.6448 		43.17 		34.0975
v 8.7124 		48.55 		32.5178
v 9.1087 		51.8967 		30.3323
v 8.5523 		48.466 		32.5839
v 13.2103 		61.1483 		32.5127
v 12.9742 		61.3447 		32.2565
v 12.7909 		61.3459 		32.2188
v 5.3263 		58.6049 		33.3507
v 13.7199 		53.4011 		32.0518
v 13.8284 		53.3542 		32.1076
v 4.8603 		58.5242 		33.4829
v 5.2545 		58.8647 		33.3658
v 5.375 		58.6713 		33.3118
v 17.8644 		54.8322 		32.976
v 17.6879 		55.0046 		32.8467
v 8.6843 		51.9198 		30.3391
v 6.6732 		48.3605 		32.4792
v 12.4705 		61.2584 		32.5501
v 6.8408 		54.0815 		30.5672
v 17.3753 		54.8492 		32.7711
v 6.3292 		48.5384 		32.5581
v 17.3187 		55.0624 		32.6355
v 6.5756 		48.4201 		32.5219
v 17.3225 		55.063 		32.637
v 17.329 		55.0859 		32.6397
v 11.3553 		43.0122 		34.2096
v 11.4247 		42.993 		34.2669
v 6.6139 		47.9541 		32.5857
v 11.3852 		43.0576 		34.236
v 11.4353 		42.9674 		34.2005
v 7.0051 		53.7032 		30.7412
v 11.4336 		43.0615 		34.1512
v 9.0343 		51.7226 		30.4373
v 11.2998 		43.1893 		34.0931
v 12.4922 		61.299 		32.0726
v 9.2369 		51.7757 		30.3798
v 12.4687 		60.9686 		32.0094
v 11.3974 		42.9443 		34.2423
v 13.4479 		53.0107 		32.0144
v 17.34 		55.106 		32.5916
v 13.6427 		53.0855 		32.0927
v 8.6614 		51.6051 		30.5311
v 8.581 		51.5576 		30.4993
v 5.7235 		48.3447 		32.5771
v 12.0787 		60.9045 		31.7635
v 18.891 		54.611 		33.3744
v 13.7706 		53.2513 		32.0672
v 6.9225 		53.8835 		30.5946
v 18.8691 		54.7453 		33.3833
v 12.2383 		60.9929 		31.8498
v 6.9297 		53.849 		30.6152
v 6.9843 		53.8841 		30.5791
v 6.9861 		53.7741 		30.7387
v 6.9792 		53.8 		30.7378
v 6.9792 		53.8127 		30.7365
v 18.9491 		54.382 		33.3071
v 19.3163 		54.2604 		33.3806
v 8.7234 		51.5989 		30.4608
v 14.1135 		52.6373 		32.4205
v 6.9188 		53.8999 		30.5849
v 14.4519 		52.8096 		32.5548
v 5.4346 		48.2065 		32.3526
v 5.8359 		48.574 		32.1464
v 6.9519 		53.7602 		30.6526
v 6.9738 		53.707 		30.6721
v 6.938 		53.7938 		30.6403
v 12.2424 		61.2085 		31.9192
v 6.9375 		53.797 		30.6388
v 7.0858 		53.8622 		30.556
v 5.5657 		58.5785 		33.1558
v 7.1802 		53.8706 		30.5316
v 11.9298 		62.1429 		32.317
v 4.8182 		42.696 		34.6264
v 13.9714 		52.7675 		32.0046
v 13.9726 		52.7396 		32.0325
v 11.3739 		62.7097 		32.5611
v 6.7856 		54.0587 		30.4234
v 5.3649 		42.9959 		34.4799
v 4.8992 		48.1591 		32.486
v 5.0344 		48.2492 		32.4252
v 5.1522 		48.4566 		32.3294
v 5.1741 		48.5521 		32.5477
v 4.8055 		43.1952 		34.4087
v 11.0723 		62.4039 		32.4095
v 10.8949 		62.2034 		32.5175
v 11.0417 		62.2013 		32.3155
v 4.809 		42.1429 		34.9002
v 4.8458 		42.1369 		34.9266
v 11.0886 		62.174 		32.3048
v 4.8096 		42.1672 		34.9533
v 5.3818 		47.5952 		32.5774
v 3.7721 		42.7453 		35.068
v 5.4031 		58.536 		32.7993
v 19.1025 		54.5113 		32.8989
v 3.113 		42.6981 		35.0663
v 14.4905 		52.7014 		32.2695
v 19.0998 		54.4016 		32.9401
v 3.6499 		42.7782 		35.0283
v 14.0945 		52.5709 		32.0479
v 14.2259 		52.4484 		32.077
v 5.9492 		58.8502 		32.855
v 5.8074 		58.5212 		32.7536
v 11.2081 		62.3991 		32.4125
v 14.338 		52.5139 		32.1707
v 9.3326 		52.2087 		30.3144
v 10.7941 		62.6358 		32.5646
v 2.3857 		47.6341 		35.0399
v 6.3757 		53.9436 		30.5892
v 10.8409 		62.61 		32.5157
v 14.3122 		52.589 		32.2114
v 3.8949 		42.2037 		35.2276
v 4.0411 		42.6338 		35.068
v 18.5318 		54.3117 		33.141
v 14.1888 		52.6168 		32.1485
v 6.2752 		54.212 		30.6138
v 2.5115 		47.0889 		35.1007
v 2.3818 		46.8581 		35.1962
v 10.6312 		62.2372 		32.4338
v 2.4865 		46.9121 		35.103
v 3.9577 		42.1654 		35.2003
v 10.7502 		62.3128 		32.4982
v 6.2446 		53.6286 		30.6325
v 2.5029 		46.9035 		35.1185
v 6.4419 		53.7547 		30.585
v 10.6567 		62.4 		32.4525
v 10.711 		62.3846 		32.4077
v 4.7951 		58.6547 		33.0662
v 2.5034 		47.5163 		35.0399
v 4.9116 		58.973 		33.1513
v 18.6362 		54.2381 		32.7951
v 10.6443 		62.2686 		32.3523
v 5.0979 		58.9344 		33.1151
v 18.3076 		54.2678 		32.591
v 4.4252 		41.8919 		35.0215
v 18.6709 		54.7192 		32.6794
v 4.5447 		41.7077 		35.1389
v 4.8918 		58.7615 		33.0466
v 4.4071 		42.0073 		35.122
v 4.9558 		53.7885 		31.1533
v 5.3141 		54.2037 		31.0142
v 4.1841 		42.0524 		35.1576
v 5.4132 		53.9122 		30.9653
v 4.5314 		41.7478 		35.1529
v 5.2415 		58.8813 		33.0959
v 18.2109 		54.1687 		32.9425
v 3.6279 		41.8602 		35.4008
v 1.7836 		47.6427 		35.1113
v 1.7892 		47.6246 		35.1339
v 13.3568 		52.7462 		32.0734
v 9.4626 		52.2434 		30.2783
v 9.2214 		57.5332 		29.8791
v 8.878 		58.0374 		30.0763
v 9.228 		51.878 		30.6168
v 9.1565 		52.1707 		30.4631
v 3.7724 		41.7828 		35.3617
v 13.3802 		52.8022 		32.0206
v 9.2621 		57.5377 		29.9067
v 9.4166 		51.8925 		30.5755
v 9.2303 		57.5124 		29.934
v 8.4591 		57.4154 		29.8672
v 4.1464 		41.6048 		35.3101
v 7.483 		62.9241 		32.2953
v 13.4541 		52.8013 		32.058
v 3.6718 		41.4666 		35.284
v 11.594 		61.8204 		32.3792
v 13.4289 		52.7916 		32.047
v 1.8553 		47.5329 		35.0802
v 3.7371 		41.6982 		35.1413
v 16.9829 		54.7691 		33.6286
v 13.4927 		52.8209 		31.9937
v 13.474 		52.8242 		31.9868
v 11.6255 		61.832 		32.295
v 13.4606 		52.7996 		32.0373
v 17.1253 		54.3298 		33.7733
v 17.4047 		54.6979 		33.7846
v 7.7244 		58.2652 		30.1538
v 11.4677 		61.8062 		32.5201
v 8.2067 		57.9241 		30.0393
v 13.5588 		52.6142 		32.2443
v 7.6921 		62.6797 		32.1233
v 7.6437 		62.6527 		32.0734
v 11.632 		61.7003 		32.5151
v 13.5935 		52.6913 		32.2045
v 7.6515 		62.616 		32.1541
v 3.0664 		42.5089 		35.1428
v 11.6305 		61.6968 		32.5136
v 7.7665 		62.4335 		32.0648
v 1.8936 		47.3626 		35.2291
v 3.2598 		42.4356 		35.1576
v 7.8081 		62.4801 		32.0284
v 13.9978 		53.6007 		31.8522
v 8.2824 		57.4602 		29.8236
v 2.1469 		47.4715 		35.1401
v 7.9433 		57.3244 		29.8133
v 9.4718 		52.2775 		30.4091
v 17.5331 		53.7775 		33.6894
v 9.3742 		52.1992 		30.3249
v 9.3944 		52.2338 		30.3195
v 9.4402 		52.2536 		30.3263
v 1.9989 		47.2725 		35.2629
v 9.4419 		52.2543 		30.3265
v 9.6183 		52.3146 		30.3575
v 7.434 		62.3644 		32.1562
v 3.484 		42.4754 		35.1182
v 9.4086 		52.2718 		30.4041
v 9.4038 		52.2701 		30.4043
v 2.074 		47.1147 		35.087
v 13.4443 		53.4118 		31.9047
v 7.3679 		62.1396 		32.1022
v 9.3371 		52.2105 		30.3146
v 9.3643 		52.2213 		30.3162
v 2.8214 		42.5958 		35.1004
v 2.782 		42.5759 		35.0861
v 13.7382 		53.5485 		31.7813
v 2.8134 		42.5774 		35.0523
v 13.7976 		53.4011 		31.8189
v 2.749 		42.1669 		35.2727
v 11.5952 		61.7516 		32.4516
v 7.6589 		57.4522 		30.0019
v 2.2733 		47.1826 		35.1671
v 11.6009 		61.7697 		32.4558
v 11.6302 		61.6971 		32.5133
v 11.5842 		61.7997 		32.3698
v 7.7517 		57.7566 		29.9933
v 7.6654 		62.2665 		32.0619
v 9.1267 		52.1851 		30.4529
v 9.068 		52.1648 		30.457
v 9.0563 		52.16 		30.4561
v 7.367 		62.2488 		31.8789
v 9.233 		52.2109 		30.4165
v 9.2517 		52.1951 		30.4207
v 9.1075 		56.7751 		29.5629
v 9.1573 		52.1948 		30.4482
v 18.0593 		54.6383 		33.0686
v 7.7327 		62.4534 		31.9767
v 16.931 		54.49 		32.6278
v 17.0674 		54.3105 		32.6504
v 7.8686 		62.2642 		31.8881
v 17.4536 		54.2577 		32.7711
v 18.1115 		54.36 		33.0312
v 1.9675 		46.9984 		35.367
v 3.2901 		41.5654 		35.5322
v 3.2331 		41.5787 		35.5103
v 2.0256 		47.0984 		35.3267
v 9.1425 		56.9803 		30.109
v 3.4609 		41.926 		35.3943
v 1.7726 		46.9335 		35.4522
v 1.8809 		47.0868 		35.3715
v 3.1441 		42.0257 		35.3234
v 7.34 		62.3784 		31.9403
v 13.46 		53.2596 		31.9008
v 9.2836 		52.2272 		30.4096
v 9.2417 		52.2123 		30.4116
v 8.5238 		57.0441 		29.6774
v 7.5423 		61.9186 		31.9889
v 13.8412 		53.2537 		31.8519
v 3.5176 		41.4743 		35.5391
v 9.3887 		51.9343 		30.4148
v 13.6958 		53.1074 		31.7955
v 8.0741 		61.9035 		31.716
v 8.164 		61.7445 		31.6404
v 13.8163 		53.2451 		31.9364
v 8.2414 		61.7077 		31.6641
v 8.5176 		51.8124 		30.6639
v 11.5564 		61.9367 		32.2499
v 8.1776 		61.7113 		31.7261
v 11.7317 		61.9275 		32.2677
v 1.7673 		47.182 		35.332
v 3.3236 		42.0103 		35.1214
v 3.1213 		41.9702 		35.1796
v 1.8672 		47.023 		35.2069
v 1.9844 		47.2046 		35.087
v 17.4889 		54.1379 		32.7242
v 17.2309 		54.0952 		32.621
v 8.5665 		56.9412 		29.9461
v 9.0011 		52.1315 		30.4358
v 8.9896 		52.1256 		30.4316
v 13.46 		53.345 		31.6552
v 2.6642 		41.7712 		35.413
v 2.8282 		41.7232 		35.4572
v 9.5192 		51.6087 		30.7425
v 9.2371 		56.0454 		29.8655
v 17.4762 		53.8668 		32.6281
v 9.2475 		56.6496 		30.0941
v 9.4703 		51.4885 		30.5186
v 3.6614 		40.637 		35.6725
v 17.9119 		54.1165 		32.8215
v 7.7336 		61.5665 		31.5529
v 7.7556 		61.6825 		31.6048
v 12.0487 		62.1147 		32.2713
v 11.6795 		61.8151 		32.2146
v 18.0421 		54.1394 		32.8743
v 3.7228 		40.9718 		35.6031
v 13.9207 		52.9707 		31.9293
v 9.2194 		56.3785 		29.8572
v 7.7485 		61.5253 		31.8098
v 14.4842 		52.4502 		31.4666
v 14.4599 		52.4638 		31.5345
v 11.6222 		61.8169 		32.2808
v 11.678 		61.8118 		32.2131
v 3.6819 		40.6346 		35.6862
v 3.9017 		40.8775 		35.5583
v 9.0467 		51.7884 		30.5839
v 13.9832 		52.4297 		31.9426
v 7.8107 		61.3192 		31.4485
v 7.7657 		61.4642 		31.5099
v 13.9174 		52.6121 		31.9584
v 11.8206 		61.5989 		32.0245
v 13.9079 		52.5258 		31.9177
v 7.9089 		61.0332 		31.592
v 3.5977 		41.428 		35.5103
v 16.6943 		54.85 		33.4476
v 8.3826 		60.9804 		31.4114
v 1.543 		47.1316 		35.3851
v 1.5857 		47.212 		35.3279
v 13.6003 		52.8885 		31.8379
v 1.5905 		47.217 		35.3495
v 9.2208 		56.0878 		29.7424
v 16.7604 		54.8391 		33.4818
v 7.9119 		60.9953 		31.312
v 15.2806 		55.0592 		32.7195
v 9.1858 		51.3835 		30.5477
v 8.3693 		61.0119 		31.3298
v 9.2428 		51.3972 		30.5254
v 11.0281 		62.0411 		32.5047
v 10.9056 		61.8095 		32.3991
v 1.4976 		46.9738 		35.4593
v 1.5021 		46.9658 		35.4525
v 15.2237 		54.8797 		32.774
v 11.3188 		62.0322 		32.5652
v 1.505 		46.9696 		35.4667
v 15.4417 		54.9966 		32.8426
v 15.6191 		54.8592 		32.9695
v 3.5956 		41.3189 		35.3572
v 15.2616 		55.02 		32.7506
v 1.7272 		46.9711 		35.4347
v 1.7412 		47.0186 		35.3985
v 9.3407 		51.4307 		30.5097
v 13.5804 		52.8989 		31.9091
v 8.7483 		56.0887 		29.8604
v 15.2851 		55.02 		32.6809
v 6.9215 		63.0843 		32.5195
v 15.4642 		54.9966 		32.774
v 9.0251 		56.5398 		29.9515
v 15.4687 		55.0334 		32.8168
v 15.4245 		54.8764 		32.7141
v 13.4909 		52.9956 		31.8812
v 8.9933 		56.0881 		29.7993
v 13.4974 		52.8257 		31.9121
v 3.2281 		40.8912 		35.7692
v 13.514 		52.826 		31.9468
v 2.0517 		46.8976 		35.332
v 3.0261 		40.9383 		35.7571
v 2.1087 		46.8368 		35.3249
v 13.5173 		52.8257 		31.8492
v 13.5434 		52.8221 		31.8628
v 8.7581 		56.0828 		29.5973
v 2.9967 		40.9511 		35.7336
v 8.7124 		56.5271 		29.7507
v 13.5279 		52.8005 		31.8628
v 14.9888 		55.0547 		32.6115
v 13.5668 		52.7907 		31.8287
v 8.6122 		56.4693 		29.7869
v 2.0864 		46.7211 		35.3495
v 2.9834 		40.9134 		35.6313
v 16.6474 		54.6466 		33.5013
v 16.8043 		54.5522 		33.5942
v 2.9905 		40.93 		35.7419
v 8.6451 		51.1943 		30.626
v 16.7984 		54.3574 		33.6114
v 13.5164 		52.804 		31.8584
v 16.7367 		54.8091 		33.5031
v 6.0385 		62.8752 		32.1701
v 10.9418 		61.8967 		32.1716
v 2.8876 		40.9849 		35.7328
v 2.6328 		41.0754 		35.7001
v 2.7633 		40.9985 		35.6485
v 2.6286 		41.0647 		35.6725
v 6.9598 		62.284 		32.244
v 16.6729 		54.8189 		33.4705
v 1.8402 		46.8578 		35.4347
v 2.6126 		41.078 		35.6862
v 16.6922 		54.8189 		33.4132
v 11.6534 		61.2079 		32.4647
v 1.8939 		46.7958 		35.4177
v 2.8724 		40.949 		35.6399
v 11.4617 		61.0958 		32.3377
v 13.5262 		52.7821 		31.8332
v 13.5262 		52.7821 		31.8332
v 11.5006 		61.4144 		32.389
v 16.6273 		54.6021 		33.3243
v 13.5262 		52.7821 		31.8332
v 8.8406 		51.261 		30.593
v 13.5262 		52.7821 		31.8332
v 1.8723 		46.8551 		35.3219
v 6.5848 		62.3196 		31.991
v 13.5262 		52.7821 		31.8332
v 3.5437 		41.221 		35.4065
v 13.533 		52.7803 		31.8127
v 13.5849 		52.8194 		31.8071
v 9.4252 		56.4328 		29.433
v 9.4833 		56.2364 		29.374
v 16.7554 		54.8091 		33.4462
v 2.001 		46.6733 		35.3851
v 11.9325 		61.0742 		32.5056
v 9.2873 		56.3435 		29.5045
v 1.8355 		46.6324 		35.4525
v 3.3607 		41.0555 		35.4551
v 3.4897 		41.1344 		35.5969
v 8.6021 		56.6039 		29.4784
v 11.5178 		61.4633 		32.0491
v 16.6189 		54.7011 		33.4794
v 8.7124 		56.1919 		29.3111
v 8.9832 		52.1234 		30.4288
v 8.9803 		52.1227 		30.4276
v 8.9768 		52.1218 		30.426
v 3.3844 		40.9238 		35.5569
v 2.0324 		46.8786 		35.2519
v 1.907 		46.8821 		35.2967
v 13.5351 		52.7874 		31.8201
v 13.5306 		52.788 		31.8178
v 3.1127 		40.9926 		35.5216
v 5.4479 		63.0748 		32.3665
v 8.3245 		56.816 		30.0016
v 3.2396 		40.938 		35.5177
v 9.4569 		52.2608 		30.3287
v 7.8707 		57.1446 		30.1469
v 11.3751 		61.1415 		32.2686
v 11.43 		61.0255 		32.3075
v 1.7741 		46.6262 		35.4922
v 9.4487 		52.2861 		30.4023
v 1.7773 		46.6199 		35.4863
v 13.5413 		52.7939 		31.816
v 5.6846 		63.1884 		32.3321
v 1.6302 		46.8723 		35.4142
v 9.4461 		52.2561 		30.3271
v 9.4203 		52.276 		30.4036
v 3.4775 		41.3773 		35.2861
v 1.605 		46.835 		35.4406
v 5.3542 		63.0173 		32.408
v 8.4013 		57.0106 		29.6377
v 1.6367 		46.8525 		35.4966
v 1.6904 		46.8056 		35.5112
v 9.4787 		52.2767 		30.3298
v 9.5505 		52.3291 		30.3335
v 8.2643 		56.9613 		29.6216
v 9.459 		52.2927 		30.4005
v 2.6286 		41.4052 		35.5583
v 7.9235 		57.0462 		29.7667
v 2.6862 		41.3924 		35.5827
v 9.4906 		52.3101 		30.3888
v 9.5732 		52.3555 		30.3577
v 9.4965 		52.3133 		30.3865
v 1.7112 		46.7816 		35.505
v 9.5914 		52.3651 		30.3501
v 2.9386 		41.2521 		35.5029
v 9.5864 		52.3586 		30.343
v 9.5201 		52.3621 		30.4619
v 5.2403 		63.0982 		32.5204
v 13.4665 		52.7168 		31.7314
v 7.3308 		57.021 		29.9242
v 1.4813 		46.8427 		35.513
v 1.484 		46.8373 		35.5082
v 13.5321 		52.7951 		31.8112
v 1.4861 		46.8394 		35.518
v 1.5531 		46.9275 		35.4789
v 1.5786 		46.8815 		35.4352
v 5.8125 		62.1408 		32.4988
v 16.4778 		54.3835 		33.4521
v 16.4772 		54.3562 		33.4533
v 11.6287 		61.1637 		31.8169
v 11.6175 		61.135 		31.8044
v 5.5725 		62.1832 		32.1031
v 11.9808 		61.1907 		31.8376
v 11.7373 		61.4108 		31.9346
v 5.4995 		62.6266 		32.2265
v 13.7068 		52.661 		31.8522
v 16.6329 		54.5089 		33.3171
v 16.4561 		54.2313 		33.353
v 1.6195 		46.7193 		35.5456
v 5.6956 		62.5213 		32.0924
v 16.4801 		54.2227 		33.2706
v 1.7231 		46.7516 		35.4886
v 11.5291 		60.9078 		31.7092
v 16.4656 		54.2307 		33.3587
v 3.2898 		40.7517 		35.6453
v 8.1385 		56.4538 		29.7756
v 7.8211 		56.1836 		29.6934
v 8.2548 		56.3376 		29.7507
v 11.3315 		61.0226 		31.8498
v 11.4033 		60.9383 		31.7575
v 16.489 		54.2227 		33.2753
v 11.39 		61.1801 		31.9171
v 1.6041 		46.7039 		35.4809
v 11.384 		61.1637 		31.91
v 13.0311 		52.6477 		31.9886
v 5.991 		62.4487 		31.9764
v 16.7714 		53.7223 		33.6932
v 16.7622 		53.8869 		33.7205
v 1.6006 		46.6306 		35.5414
v 12.9602 		53.3269 		31.6973
v 12.7612 		53.5888 		31.5475
v 7.5746 		56.1003 		29.6519
v 7.5898 		56.5645 		29.8833
v 1.6175 		46.6837 		35.5023
v 6.7109 		61.813 		32.1918
v 6.8192 		61.5748 		32.0886
v 9.1099 		52.3265 		30.2095
v 16.7821 		53.6541 		33.6615
v 11.355 		61.0854 		31.8768
v 3.1868 		40.5827 		35.8327
v 9.2476 		52.3681 		30.1708
v 9.2767 		52.3759 		30.1628
v 9.2782 		52.3763 		30.1624
v 9.0758 		52.1767 		30.2336
v 7.0837 		61.9851 		32.1147
v 10.4494 		61.9189 		32.2846
v 6.9758 		61.8715 		32.0957
v 3.1124 		40.5587 		35.7242
v 10.2895 		61.7608 		32.1497
v 10.3219 		61.6929 		32.0788
v 16.7195 		54.1263 		33.2884
v 10.6811 		61.9895 		32.2051
v 9.1909 		52.2307 		30.2617
v 10.3005 		61.6558 		32.1612
v 10.2587 		61.574 		32.1236
v 9.3318 		52.2935 		30.2878
v 1.4941 		46.7401 		35.5462
v 1.495 		46.7374 		35.5435
v 1.4962 		46.7389 		35.5483
v 13.1607 		53.151 		31.528
v 1.527 		46.7048 		35.5364
v 3.2361 		40.6589 		35.6942
v 8.2628 		56.2159 		29.4618
v 2.9792 		40.6117 		35.7197
v 16.4122 		54.1892 		33.4307
v 9.2155 		52.2473 		30.281
v 1.5573 		46.7466 		35.5382
v 6.3348 		61.6187 		32.2781
v 12.9223 		53.5847 		31.3764
v 16.4178 		54.1892 		33.4334
v 8.5514 		52.2046 		30.4664
v 1.5249 		46.7128 		35.5542
v 7.1279 		56.7676 		29.9829
v 10.1602 		61.4372 		32.0052
v 13.0771 		53.5737 		31.7166
v 7.1834 		56.689 		29.8791
v 8.5778 		52.2117 		30.4791
v 10.6194 		61.4117 		32.1959
v 8.5511 		52.1627 		30.4827
v 6.9117 		57.3446 		30.1363
v 1.5122 		46.7246 		35.5524
v 10.6001 		61.1222 		32.0895
v 10.6449 		61.2655 		32.1529
v 8.5517 		52.1918 		30.5112
v 8.5541 		52.2176 		30.5008
v 8.5517 		52.1888 		30.5115
v 8.5546 		52.2202 		30.5075
v 8.5588 		52.2202 		30.5065
v 3.3859 		40.3644 		35.8369
v 8.5914 		52.2203 		30.4984
v 3.3713 		40.3659 		35.8271
v 1.5664 		46.7668 		35.5305
v 12.561 		53.5384 		31.4369
v 8.5541 		52.2203 		30.5076
v 12.4907 		53.6025 		31.4028
v 6.0527 		61.5197 		32.2387
v 3.2832 		40.2985 		35.8882
v 8.5554 		52.1744 		30.5121
v 12.6547 		53.3732 		31.5348
v 6.4161 		62.0002 		32.3745
v 9.5216 		55.9395 		29.8892
v 16.4905 		54.1892 		33.2151
v 6.6086 		60.9579 		32.0005
v 1.5504 		46.6914 		35.5631
v 1.5662 		46.6745 		35.5601
v 1.5365 		46.6671 		35.5569
v 6.6448 		61.4746 		32.1515
v 9.5628 		55.9143 		29.9218
v 1.5709 		46.6668 		35.5548
v 2.9997 		40.4385 		35.938
v 12.6868 		52.4496 		31.8071
v 12.7247 		52.6278 		31.8367
v 9.176 		55.857 		29.7774
v 8.7413 		52.2202 		30.461
v 8.7573 		52.2202 		30.457
v 8.8931 		52.2201 		30.4231
v 16.4849 		54.1895 		33.2121
v 8.96 		52.2201 		30.4064
v 8.957 		52.2201 		30.4072
v 6.7883 		61.1436 		32.0106
v 8.9162 		52.1126 		30.3967
v 8.973 		52.1716 		30.4082
v 8.973 		52.1728 		30.4081
v 16.4908 		54.1907 		33.2166
v 3.0557 		40.4083 		35.9229
v 6.9049 		61.3847 		32.0058
v 1.5412 		46.6804 		35.5376
v 8.9591 		52.1206 		30.4169
v 8.9724 		52.1693 		30.4086
v 8.8943 		52.1954 		30.3578
v 12.9062 		52.7681 		31.4188
v 9.0384 		56.0202 		29.7949
v 10.539 		60.9238 		32.0023
v 13.2011 		52.7782 		31.5977
v 6.7945 		61.3171 		32.0545
v 13.1429 		52.882 		31.5817
v 1.608 		46.6271 		35.5483
v 16.8773 		53.6541 		33.3744
v 1.6095 		46.6244 		35.5462
v 1.6068 		46.6259 		35.5435
v 8.7104 		52.166 		30.3261
v 2.9807 		40.3937 		35.8214
v 2.9837 		40.2703 		35.9116
v 16.8978 		53.8869 		33.3151
v 8.5437 		52.166 		30.3676
v 6.4395 		60.9425 		32.0082
v 16.15 		53.6295 		33.3536
v 15.8564 		53.6188 		33.2098
v 4.2472 		48.2276 		34.0708
v 16.1381 		53.7048 		33.3892
v 13.2008 		52.8393 		31.6448
v 6.0969 		61.0501 		32.0058
v 9.5094 		55.8846 		29.6916
v 10.6369 		61.21 		31.8587
v 9.6328 		55.9119 		29.6578
v 10.1344 		61.1243 		31.9296
v 6.2945 		61.1032 		32.0699
v 15.8667 		54.1548 		33.2148
v 10.4168 		61.4583 		31.9569
v 13.1536 		52.5127 		31.5295
v 10.1472 		61.1557 		31.8465
v 9.5421 		55.9855 		29.7323
v 6.5154 		61.1833 		32.0954
v 12.3866 		52.4086 		31.5621
v 12.092 		52.6269 		31.4657
v 12.0846 		52.5581 		31.4331
v 12.402 		52.578 		31.6499
v 3.7658 		48.4939 		34.199
v 16.9111 		54.7237 		32.602
v 15.7445 		54.223 		32.8165
v 6.9301 		61.9815 		31.8083
v 9.2063 		55.6506 		29.576
v 12.4842 		52.8719 		31.6392
v 6.7103 		61.52 		31.5247
v 6.7515 		61.738 		31.6623
v 16.5727 		53.7131 		33.1682
v 9.0322 		55.491 		29.5958
v 10.5746 		61.0113 		31.7748
v 13.9764 		52.1239 		32.5486
v 4.0387 		48.5138 		33.8549
v 3.1723 		40.5486 		35.752
v 13.5615 		60.3246 		32.1185
v 13.4173 		60.1508 		32.0788
v 9.4699 		52.3378 		30.2668
v 9.4187 		52.3239 		30.281
v 9.4156 		52.323 		30.2818
v 13.2913 		59.9286 		31.9732
v 2.644 		40.5595 		35.8796
v 9.5339 		52.3673 		30.2479
v 13.3265 		60.3845 		32.2013
v 13.3049 		60.3113 		32.1698
v 15.9353 		54.2108 		33.194
v 3.8916 		48.6031 		33.8674
v 9.4199 		55.6195 		29.7412
v 9.4706 		55.4717 		29.7438
v 16.2678 		54.0691 		33.0004
v 14.1179 		51.9346 		32.5833
v 13.4977 		60.3208 		32.0565
v 6.9117 		61.6131 		31.6582
v 14.0577 		51.953 		32.5492
v 16.0189 		54.2111 		32.963
v 13.5084 		60.3682 		32.1767
v 14.1535 		51.8551 		32.548
v 2.6942 		40.3762 		35.9422
v 16.2523 		54.2005 		33.0876
v 3.5985 		48.4966 		33.9323
v 3.837 		48.5535 		33.9068
v 3.7813 		48.5031 		33.9471
v 13.6066 		60.7236 		32.327
v 9.4317 		55.6402 		29.5929
v 6.6448 		61.9729 		31.7742
v 9.3766 		52.3125 		30.2927
v 9.3519 		52.2487 		30.3055
v 2.7022 		40.3753 		35.9475
v 9.334 		52.2114 		30.3138
v 8.9709 		52.2162 		30.4041
v 8.9716 		52.2201 		30.4035
v 6.5234 		61.9435 		31.7273
v 2.8463 		40.2591 		35.9792
v 12.9786 		60.2994 		32.1529
v 4.1606 		48.3338 		34.0854
v 6.5623 		61.5802 		31.5467
v 15.9661 		53.6188 		32.8793
v 13.0302 		60.4014 		32.2013
v 4.1645 		48.1955 		33.9667
v 15.9889 		53.8869 		32.8105
v 4.1713 		48.291 		33.9157
v 2.9347 		40.464 		35.9353
v 2.8618 		40.3193 		35.9709
v 13.1791 		60.8683 		32.3991
v 13.1171 		60.6693 		32.3149
v 6.9672 		61.2468 		31.9462
v 8.5407 		55.8149 		29.9402
v 14.4439 		51.8528 		32.3143
v 3.6798 		48.4115 		34.0204
v 2.6541 		40.5515 		35.8713
v 8.6187 		55.7799 		29.9245
v 2.8021 		40.4812 		35.8514
v 3.7193 		47.9654 		34.2037
v 2.8428 		40.3062 		35.9205
v 2.8766 		40.284 		35.9045
v 12.7986 		60.8455 		32.0307
v 14.201 		52.1168 		32.0761
v 4.2404 		48.0674 		34.0943
v 14.1817 		52.2375 		32.0414
v 4.2923 		48.1054 		34.0619
v 12.2039 		60.5744 		32.2553
v 12.1425 		60.4379 		32.1903
v 2.8816 		40.4418 		35.8366
v 12.3551 		60.6758 		32.2467
v 15.9783 		53.6971 		32.842
v 4.2449 		48.0297 		34.0729
v 4.2268 		48.0544 		34.0376
v 14.3146 		52.2019 		32.1081
v 12.1253 		60.7156 		32.357
v 4.2991 		48.0689 		34.0388
v 8.5503 		52.1761 		30.5175
v 14.4439 		52.3932 		32.1888
v 8.5507 		52.1758 		30.5163
v 4.2787 		48.092 		34.0044
v 12.2409 		60.6568 		32.2941
v 8.5018 		52.2135 		30.6469
v 8.7244 		52.1838 		30.5944
v 8.498 		52.1841 		30.6509
v 8.6112 		52.233 		30.7514
v 15.6102 		54.6807 		32.9959
v 7.0953 		61.2002 		31.8362
v 7.0179 		61.135 		31.8973
v 7.0051 		61.1631 		31.9094
v 13.9755 		52.0737 		32.0061
v 14.2099 		51.9112 		32.1865
v 15.3358 		54.2358 		32.8962
v 14.2813 		51.891 		32.2241
v 12.2644 		60.7135 		32.3196
v 3.0646 		48.5657 		34.4185
v 15.2794 		54.6656 		32.8343
v 8.6036 		52.2363 		30.7619
v 6.9162 		61.038 		31.934
v 8.4253 		52.2364 		30.7487
v 14.1146 		52.0334 		32.077
v 15.1492 		54.5487 		32.7829
v 3.4182 		48.383 		34.4502
v 8.7605 		55.5581 		29.866
v 8.5879 		55.5773 		29.953
v 14.0761 		51.8815 		32.1891
v 3.4808 		48.302 		34.4105
v 15.2528 		54.74 		32.5961
v 7.0286 		61.1065 		31.8845
v 15.3035 		54.5603 		32.6035
v 3.2684 		40.7743 		35.6153
v 8.9379 		55.9276 		29.7032
v 3.1314 		40.8179 		35.5862
v 8.3531 		52.383 		31.0816
v 13.9109 		51.9326 		32.1031
v 2.9849 		40.1567 		35.9792
v 2.9819 		40.1594 		35.9825
v 14.303 		51.9788 		32.1734
v 2.9813 		40.1573 		35.9766
v 14.3973 		52.0094 		32.2022
v 3.1204 		40.1974 		35.9362
v 8.2207 		51.956 		31.1154
v 7.1804 		60.9724 		31.7329
v 3.1281 		40.1962 		35.9422
v 12.9083 		60.1662 		32.0895
v 12.8122 		59.9829 		32.0023
v 2.9042 		48.208 		34.6747
v 15.1347 		54.2998 		32.6658
v 2.7817 		48.2534 		34.4229
v 7.8193 		51.9346 		31.3206
v 7.83 		51.9447 		31.3651
v 6.7972 		61.0276 		31.9764
v 15.1451 		54.296 		32.6833
v 6.8927 		61.0943 		31.9589
v 8.5368 		55.9911 		29.5973
v 3.1219 		40.2015 		35.9475
v 13.6671 		52.2126 		32.3727
v 13.5985 		52.3938 		32.3359
v 8.1782 		52.2173 		30.9493
v 13.7353 		52.0503 		32.368
v 2.7713 		40.2463 		35.9825
v 2.7674 		40.2469 		35.9792
v 6.9482 		61.3037 		31.4559
v 6.9912 		61.1893 		31.4075
v 2.7707 		40.2442 		35.9766
v 2.4008 		48.3777 		34.6783
v 2.383 		48.4471 		34.651
v 2.8644 		40.1734 		35.992
v 2.6108 		48.2021 		34.697
v 7.1594 		61.0157 		31.3903
v 2.4287 		48.3023 		34.5629
v 2.884 		40.2072 		35.9988
v 13.4194 		52.0824 		32.1405
v 13.4452 		52.1387 		32.2045
v 2.3626 		48.1914 		34.6296
v 6.8301 		61.2441 		31.3948
v 2.8683 		40.1962 		35.9594
v 13.4906 		51.8169 		32.2004
v 8.767 		55.6177 		29.8257
v 2.5743 		48.1653 		34.5416
v 6.1135 		60.9911 		31.4692
v 9.0319 		55.1364 		29.8879
v 9.0906 		55.1512 		29.8717
v 13.7463 		51.9836 		32.0171
v 9.1601 		55.1503 		29.8545
v 15.4283 		54.2361 		32.648
v 6.2603 		61.1792 		31.4437
v 6.4956 		61.2311 		31.3948
v 14.9677 		54.7421 		32.6738
v 9.4099 		55.147 		29.7925
v 9.4331 		55.1467 		29.7867
v 9.3356 		55.148 		29.8109
v 8.366 		52.2686 		30.8502
v 6.1304 		61.5087 		31.5995
v 9.5996 		55.1514 		29.6277
v 9.596 		55.1526 		29.6279
v 14.8909 		54.2547 		32.6741
v 9.6228 		55.147 		29.6151
v 12.1004 		60.6714 		31.7092
v 12.2113 		60.6037 		31.7575
v 9.6394 		55.1436 		29.6072
v 12.125 		60.4133 		31.6757
v 6.2316 		61.0457 		31.4132
v 2.9997 		47.8642 		34.7237
v 12.273 		60.7417 		31.8178
v 9.4791 		55.1859 		29.6356
v 9.4176 		55.1972 		29.614
v 9.4031 		55.1994 		29.6106
v 2.9843 		47.7942 		34.7142
v 2.8968 		40.1861 		35.9632
v 8.1231 		52.0767 		31.0024
v 7.9846 		51.87 		30.7906
v 14.104 		51.3438 		32.3131
v 13.9041 		51.4132 		32.2066
v 2.9291 		40.176 		35.9703
v 14.0963 		51.3518 		32.5454
v 2.9077 		40.1846 		35.9692
v 15.0878 		54.247 		32.7723
v 12.3934 		60.7698 		31.9192
v 3.239 		48.081 		34.5685
v 15.0905 		54.2467 		32.7734
v 3.2032 		48.1294 		34.5967
v 15.7033 		54.0335 		33.1926
v 15.56 		53.8869 		33.1469
v 13.6644 		51.2922 		32.3012
v 13.7047 		51.4802 		32.33
v 15.5707 		53.6909 		33.1143
v 13.1874 		59.756 		31.7931
v 3.4929 		47.7987 		34.5098
v 12.9451 		60.254 		31.8587
v 12.8481 		60.0698 		31.7748
v 6.1509 		60.9084 		31.9462
v 13.3179 		51.3097 		32.0049
v 13.3088 		51.2699 		32.0462
v 12.6909 		59.7528 		31.8919
v 4.3493 		42.99 		34.8491
v 13.2957 		51.3159 		32.0737
v 5.822 		61.7813 		32.3143
v 9.4979 		55.1842 		29.6358
v 9.5096 		55.1806 		29.6345
v 15.108 		54.0946 		32.8894
v 2.9635 		47.7711 		34.538
v 3.1762 		47.5436 		34.5691
v 9.5444 		55.3786 		29.7349
v 9.3528 		55.2081 		29.595
v 9.3387 		55.212 		29.5853
v 9.3356 		55.2129 		29.5832
v 13.6674 		51.7617 		32.0212
v 3.7267 		43.1846 		34.8242
v 13.4754 		51.2418 		32.174
v 13.5354 		51.5431 		32.2354
v 5.0659 		61.6081 		32.0023
v 9.3818 		55.2026 		29.6056
v 9.5139 		55.4089 		29.7394
v 3.0021 		47.8099 		34.7026
v 3.0881 		47.7106 		34.7002
v 5.6508 		61.9836 		32.3481
v 4.0874 		43.1255 		34.9094
v 9.5473 		55.1688 		29.6302
v 15.0961 		53.8869 		32.9241
v 5.9311 		61.4903 		32.1918
v 9.4956 		55.1458 		29.7712
v 9.5411 		55.133 		29.7611
v 3.0104 		47.7815 		34.6646
v 2.9745 		47.7447 		34.6694
v 2.9994 		47.7622 		34.6021
v 2.9602 		47.7319 		34.6092
v 12.7259 		59.8379 		31.6692
v 15.0149 		53.703 		32.8518
v 5.609 		61.4206 		32.1357
v 14.0417 		52.2751 		31.9717
v 7.531 		51.8519 		30.9416
v 16.9758 		57.7132 		32.3899
v 9.5631 		55.3602 		29.7323
v 7.467 		51.8673 		30.9164
v 17.3323 		57.621 		32.3935
v 3.1266 		47.7186 		34.683
v 13.7949 		52.2568 		31.4028
v 13.4556 		51.9008 		31.3764
v 17.7796 		57.4917 		32.5089
v 17.4584 		57.3585 		32.3549
v 17.0799 		57.4466 		32.2446
v 9.3106 		55.2199 		29.5659
v 5.8614 		61.4108 		32.104
v 9.33 		55.3267 		29.6047
v 9.294 		55.2246 		29.5544
v 9.2754 		55.2272 		29.5508
v 2.7333 		48.1306 		34.7237
v 2.4468 		47.8675 		34.8744
v 12.3605 		59.8779 		31.9168
v 7.2854 		51.4936 		31.1023
v 9.3026 		55.2234 		29.5561
v 3.4182 		42.7373 		34.8183
v 2.946 		47.9339 		34.7578
v 17.8739 		57.2247 		32.5462
v 17.5835 		56.9649 		32.4392
v 12.1336 		60.2051 		31.67
v 3.1504 		42.8387 		34.8432
v 13.5929 		52.1859 		31.8124
v 13.5588 		52.1085 		31.8522
v 12.4035 		59.9823 		31.6442
v 3.0718 		42.9232 		34.9764
v 2.8905 		42.9485 		34.8936
v 2.8923 		42.9713 		34.9473
v 13.3138 		51.9673 		31.8192
v 3.4467 		42.8061 		34.998
v 13.3043 		52.1215 		31.7869
v 2.768 		47.6557 		34.8717
v 2.7384 		47.6969 		34.8957
v 2.6787 		47.7646 		34.9132
v 9.0506 		55.3377 		29.689
v 5.8602 		61.4144 		32.1052
v 17.5278 		56.8406 		32.4653
v 17.176 		57.2419 		32.2197
v 12.0808 		58.6793 		32.5394
v 9.08 		55.2013 		29.6991
v 13.6564 		52.3787 		31.7792
v 8.0258 		51.576 		31.2856
v 9.2758 		55.1488 		29.8258
v 7.8223 		51.7315 		30.9416
v 7.879 		51.6968 		30.9164
v 2.8537 		42.9734 		34.9224
v 16.9378 		57.1432 		32.1061
v 17.0167 		56.9257 		32.1316
v 9.0597 		55.2032 		29.6814
v 9.0319 		55.1945 		29.6946
v 17.2751 		56.9596 		32.2597
v 13.0382 		59.3778 		31.673
v 9.0319 		55.2077 		29.6505
v 9.0766 		55.2172 		29.6443
v 9.111 		55.2163 		29.6372
v 13.4924 		52.0625 		31.8851
v 17.3044 		56.8379 		32.3066
v 12.8282 		59.3686 		31.716
v 9.1263 		55.215 		29.6374
v 12.9825 		59.398 		31.6256
v 12.7947 		59.4294 		31.5627
v 12.9617 		59.3678 		31.7056
v 2.8754 		47.863 		34.457
v 9.1312 		55.2143 		29.6385
v 13.371 		51.4933 		31.5648
v 4.3531 		42.4152 		35.0013
v 13.1097 		59.6104 		31.8216
v 9.1288 		55.2133 		29.6425
v 2.4753 		47.8491 		34.6602
v 8.0824 		51.595 		30.8781
v 8.253 		51.5188 		30.8653
v 5.8392 		61.4218 		32.0895
v 13.3221 		51.5357 		31.9234
v 2.3596 		47.9817 		34.697
v 4.9834 		61.2492 		32.1076
v 14.2929 		51.2907 		31.9287
v 4.1835 		42.5006 		35.0043
v 5.1916 		61.2275 		32.0942
v 5.2688 		60.9772 		31.9889
v 8.0987 		51.2981 		30.8244
v 12.3726 		59.1165 		31.5882
v 14.0509 		51.6161 		31.6603
v 4.8594 		61.4515 		32.1939
v 2.677 		47.6355 		34.6362
v 2.9457 		47.7554 		34.551
v 9.0783 		55.2095 		29.671
v 14.4931 		51.3055 		31.5206
v 4.8031 		61.2243 		32.0886
v 14.0936 		51.59 		31.388
v 9.6394 		55.1053 		29.7395
v 17.8398 		56.2435 		32.5347
v 8.466 		54.9654 		29.9249
v 8.4628 		54.9638 		29.9253
v 2.6093 		47.6954 		34.6187
v 12.4687 		59.1361 		31.3826
v 8.6924 		55.0605 		29.9482
v 8.8218 		55.0833 		29.9458
v 9.0099 		55.1308 		29.8939
v 2.5239 		47.7853 		34.6288
v 17.4079 		56.2575 		32.5611
v 8.8162 		55.0823 		29.9459
v 8.8216 		55.0832 		29.9458
v 8.8144 		55.0852 		29.9474
v 8.8105 		55.0812 		29.9463
v 12.3056 		59.4885 		31.4565
v 8.4244 		54.8991 		30.0639
v 17.3124 		56.5526 		32.3407
v 8.4393 		54.9074 		30.0593
v 8.6276 		55.0128 		30.0015
v 7.7431 		51.304 		31.1023
v 5.5482 		61.5277 		31.8587
v 12.6882 		58.884 		31.4734
v 12.736 		58.8635 		31.4286
v 12.7004 		58.913 		31.3975
v 5.0923 		61.5209 		31.9637
v 5.8136 		61.5259 		31.8032
v 12.1953 		58.8261 		31.4482
v 17.4409 		56.2575 		32.5744
v 8.6486 		55.0246 		29.995
v 17.4527 		56.2106 		32.5362
v 8.8073 		55.0806 		29.9466
v 8.8065 		55.0865 		29.9492
v 12.4293 		58.7425 		31.4182
v 7.6328 		51.2278 		30.83
v 4.1844 		42.4101 		34.9832
v 8.6969 		55.0516 		29.9802
v 8.7084 		55.0545 		29.977
v 12.2276 		58.9041 		31.2441
v 8.7361 		55.0616 		29.9694
v 17.442 		56.4212 		32.3787
v 8.8019 		55.0792 		29.948
v 17.4652 		56.3046 		32.3784
v 8.075 		51.7893 		31.1275
v 7.9843 		51.4959 		31.302
v 8.7812 		55.074 		29.9537
v 3.1074 		48.5482 		34.1408
v 3.1456 		48.4954 		34.1103
v 8.7649 		55.0699 		29.9581
v 8.7632 		55.0758 		29.9612
v 8.7396 		55.0625 		29.9684
v 8.7493 		55.0649 		29.9657
v 5.8136 		61.5259 		31.8032
v 8.7542 		55.0661 		29.9644
v 11.5071 		60.5581 		32.217
v 5.8136 		61.5259 		31.8032
v 5.757 		61.9373 		31.9067
v 5.7893 		61.5923 		31.8335
v 5.9717 		61.7157 		31.7273
v 3.5582 		48.302 		34.1082
v 11.9449 		60.491 		32.2544
v 13.4956 		51.695 		31.5333
v 16.3956 		58.2498 		32.2938
v 16.7317 		58.1976 		32.4056
v 11.7984 		60.7506 		32.3656
v 8.0151 		51.9809 		30.5753
v 11.9859 		60.7764 		32.3944
v 5.8125 		61.5292 		31.8047
v 5.8136 		61.5259 		31.8032
v 4.1841 		42.3781 		34.9393
v 4.2161 		42.441 		34.9102
v 4.2158 		42.443 		34.9141
v 8.4601 		54.9625 		29.9257
v 8.4743 		54.9699 		29.9227
v 8.445 		54.9558 		29.9251
v 8.4323 		54.9496 		29.9262
v 8.4244 		54.9453 		29.9284
v 2.9143 		48.4023 		34.3152
v 11.8393 		60.8487 		32.4107
v 8.447 		55.2086 		30.0262
v 4.2099 		42.4679 		34.9622
v 13.2213 		52.2912 		32.1117
v 16.8518 		58.3901 		32.4958
v 13.239 		51.9871 		32.0524
v 13.2835 		51.4144 		32.0829
v 4.5619 		42.2422 		34.8503
v 8.678 		55.0729 		29.8925
v 8.6434 		55.0522 		29.907
v 2.9264 		48.2614 		34.2888
v 2.825 		48.302 		34.3876
v 5.9557 		61.4082 		31.6623
v 8.6841 		55.0768 		29.8892
v 8.7473 		55.098 		29.8545
v 8.5989 		55.0307 		29.911
v 2.8653 		48.3474 		34.355
v 4.7141 		42.2241 		34.9743
v 3.1794 		48.0211 		34.317
v 7.6868 		51.6597 		30.6565
v 3.0771 		48.1021 		34.2707
v 15.9314 		58.1021 		32.0883
v 15.8015 		58.3584 		32.1194
v 8.5824 		55.0226 		29.9125
v 8.4768 		54.9713 		29.922
v 5.7478 		61.4728 		31.9693
v 5.7555 		61.4509 		31.9598
v 5.7629 		61.4832 		31.8851
v 8.4431 		54.9549 		29.9251
v 8.433 		54.95 		29.926
v 5.7576 		61.5019 		31.8889
v 8.4369 		54.9522 		29.9249
v 8.1821 		51.9711 		30.7087
v 15.8148 		58.1288 		32.3131
v 3.4615 		47.7672 		34.3757
v 12.0805 		51.8359 		31.393
v 8.7463 		55.1406 		29.7126
v 8.7638 		55.1436 		29.7126
v 8.8548 		55.1667 		29.6869
v 8.7022 		55.133 		29.7127
v 8.7338 		55.1384 		29.7126
v 3.269 		47.4917 		34.6771
v 8.5122 		55.3187 		29.8287
v 8.6513 		55.3736 		29.7931
v 11.3345 		60.7725 		32.1903
v 11.2621 		60.5803 		32.1013
v 3.0246 		47.2345 		34.831
v 4.1686 		42.4706 		35.0173
v 8.9139 		55.1804 		29.6747
v 9.0297 		55.2073 		29.6508
v 4.1535 		42.4273 		34.8138
v 4.139 		42.3979 		34.8284
v 8.9666 		55.4175 		29.7207
v 5.113 		61.3583 		31.9002
v 2.9994 		47.3226 		34.7338
v 11.1711 		60.3383 		31.9895
v 3.3188 		47.4249 		34.6569
v 3.3304 		47.4009 		34.6359
v 5.2332 		61.0647 		31.762
v 5.1558 		61.3129 		31.8717
v 3.3102 		47.4134 		34.6142
v 9.0956 		52.3645 		30.1994
v 9.1071 		52.3682 		30.2059
v 9.0824 		52.3609 		30.1939
v 3.0225 		47.2046 		34.8192
v 11.4448 		60.7049 		32.2392
v 2.4453 		47.4582 		34.7925
v 13.0682 		51.7045 		31.9726
v 8.8388 		52.3686 		30.273
v 8.7712 		52.3563 		30.2592
v 8.7545 		52.3531 		30.2559
v 12.9365 		51.4657 		31.8732
v 16.3087 		58.2136 		32.5213
v 16.2156 		58.4741 		32.4878
v 8.7573 		52.3676 		30.2934
v 8.8007 		52.3687 		30.2825
v 7.0452 		61.0475 		31.3479
v 2.3578 		47.2479 		34.974
v 2.6221 		47.3101 		34.8542
v 3.6071 		42.6753 		34.7596
v 11.2775 		60.2727 		32.0364
v 16.7735 		57.6952 		32.5747
v 16.7818 		57.7272 		32.4923
v 6.6267 		60.9143 		31.2578
v 12.0576 		60.2505 		32.1013
v 6.7385 		61.1664 		31.3533
v 11.9506 		60.0156 		31.9895
v 16.8568 		57.6693 		32.3356
v 6.9188 		61.0172 		31.299
v 11.8292 		60.0446 		32.0364
v 2.5476 		47.459 		35.0117
v 3.8071 		42.1019 		34.9188
v 13.0904 		51.6401 		31.7949
v 2.671 		47.521 		34.9162
v 12.9579 		51.4604 		31.8074
v 11.5472 		60.144 		32.0761
v 8.9414 		55.1662 		29.7375
v 8.9117 		55.157 		29.7515
v 8.8793 		55.1464 		29.7682
v 3.8492 		42.5501 		34.7044
v 8.8629 		55.1411 		29.7767
v 8.8402 		55.1337 		29.7884
v 8.8388 		55.133 		29.79
v 8.1403 		52.3944 		31.0623
v 9.6127 		60.3492 		32.559
v 12.9267 		51.4313 		31.8344
v 2.407 		47.1458 		35.0007
v 11.2369 		60.4981 		31.5716
v 2.79 		47.1544 		34.8803
v 2.8383 		47.1144 		34.8978
v 11.231 		60.7506 		31.7338
v 8.207 		52.3039 		30.8668
v 2.7164 		47.2212 		34.8652
v 8.8433 		55.1353 		29.7848
v 11.6409 		60.3697 		31.4853
v 8.1898 		52.3128 		30.8808
v 3.5618 		42.2034 		34.9188
v 9.4813 		60.1327 		32.3407
v 4.637 		46.7258 		33.3664
v 4.5059 		46.3773 		33.1982
v 9.6299 		59.9414 		32.3413
v 13.4749 		45.0722 		33.8415
v 13.7302 		44.7074 		33.9792
v 12.0304 		59.9693 		31.9142
v 13.3621 		44.5825 		34.0415
v 8.7761 		55.1077 		29.8387
v 8.7849 		55.1107 		29.8338
v 11.9081 		59.705 		31.7896
v 7.8262 		52.1524 		30.7832
v 16.8034 		57.7352 		32.5017
v 9.088 		60.1327 		32.3407
v 4.734 		46.4865 		33.4482
v 8.8211 		55.124 		29.81
v 8.7977 		55.1149 		29.8268
v 13.9299 		43.9125 		34.2349
v 13.9082 		44.002 		34.1966
v 12.1143 		51.7869 		31.3826
v 7.922 		52.1073 		30.7713
v 8.4244 		54.9882 		29.8025
v 8.4909 		55.0332 		29.7595
v 13.9192 		43.9374 		34.3004
v 11.7216 		59.9883 		31.3889
v 12.3109 		51.5301 		31.8103
v 12.2881 		51.5034 		31.7789
v 8.6819 		55.1295 		29.7127
v 11.9102 		60.2404 		31.5247
v 8.1145 		52.3941 		31.0498
v 8.5014 		55.0401 		29.7531
v 13.9094 		44.0249 		34.2571
v 8.5224 		55.0541 		29.7402
v 12.2629 		51.5259 		31.7617
v 8.6269 		55.1076 		29.7225
v 12.251 		51.5413 		31.8207
v 16.8313 		57.726 		32.4249
v 13.9503 		44.0163 		34.2366
v 16.8376 		57.7159 		32.4068
v 8.6599 		55.1244 		29.7174
v 16.8601 		57.6705 		32.3371
v 13.9723 		43.9225 		34.2758
v 11.9793 		59.8705 		31.5229
v 13.8382 		44.2714 		34.1613
v 4.6886 		46.3764 		33.1608
v 9.3024 		55.9276 		29.3452
v 13.7071 		43.9071 		34.1527
v 10.8798 		59.8735 		31.687
v 4.4062 		47.8331 		32.9108
v 4.3694 		48.1116 		32.7637
v 4.6675 		47.7396 		32.9437
v 4.5174 		48.3545 		32.6477
v 4.6512 		48.3536 		32.6578
v 9.2846 		59.9017 		32.1752
v 9.4649 		59.7863 		32.1443
v 4.4409 		48.3447 		32.6151
v 13.5796 		44.0355 		34.2693
v 13.7471 		53.3877 		31.0288
v 13.5979 		43.9721 		34.2966
v 7.397 		52.2034 		31.3055
v 9.1316 		55.9092 		29.2295
v 7.2617 		52.1156 		31.3423
v 10.9265 		59.9927 		31.4074
v 11.0124 		60.1567 		31.4802
v 9.0719 		55.5489 		29.1058
v 13.8219 		53.011 		30.825
v 9.2179 		55.5601 		29.0925
v 4.1912 		46.4959 		33.2311
v 13.5837 		43.9685 		34.0937
v 14.098 		52.7649 		30.9736
v 10.8872 		59.8299 		31.6718
v 14.071 		52.7613 		31.04
v 14.1425 		52.7147 		31.0282
v 10.9247 		59.9821 		31.4032
v 10.9221 		59.9843 		31.4037
v 9.545 		55.6711 		29.1474
v 16.7397 		57.527 		32.1948
v 10.921 		59.9728 		31.4274
v 16.8064 		57.4175 		32.1467
v 9.5705 		59.877 		32.2481
v 10.8543 		59.9869 		31.3972
v 10.9249 		59.982 		31.4031
v 10.9249 		59.982 		31.4031
v 3.743 		46.439 		33.5073
v 13.7377 		52.5139 		31.3011
v 4.061 		46.4615 		33.5085
v 9.0067 		60.12 		32.3792
v 8.9477 		60.1461 		32.4504
v 8.6445 		59.713 		32.2381
v 13.6929 		52.7752 		31.1536
v 13.6941 		52.7316 		31.199
v 8.9717 		55.7701 		29.3909
v 13.5944 		52.6269 		31.0783
v 10.8836 		59.8827 		31.6629
v 8.1269 		52.3262 		30.5791
v 8.1275 		52.3357 		30.6021
v 8.0837 		52.3504 		30.6116
v 8.0836 		52.3502 		30.6111
v 4.1701 		46.9005 		33.3243
v 8.3595 		52.2716 		30.5474
v 8.3576 		52.2735 		30.5512
v 13.7166 		52.7192 		31.1373
v 8.3612 		52.2725 		30.5504
v 3.7774 		46.6481 		33.4171
v 3.7154 		46.6446 		33.3809
v 3.9269 		46.63 		33.4393
v 9.0165 		55.7663 		29.3485
v 8.1394 		52.2457 		30.6085
v 8.3522 		52.2592 		30.554
v 8.1002 		52.2406 		30.6188
v 13.7875 		52.4863 		31.1649
v 10.9222 		59.9846 		31.4038
v 8.4404 		59.7323 		32.4869
v 16.3226 		57.3692 		32.0017
v 8.3646 		52.2566 		30.5512
v 10.8561 		59.9669 		31.5529
v 8.0832 		52.3481 		30.6119
v 3.6564 		46.4209 		33.4758
v 16.6044 		57.5756 		32.2203
v 3.7193 		46.4055 		33.4218
v 3.7878 		46.6098 		33.329
v 9.8458 		60.1004 		32.4389
v 8.0556 		52.3623 		30.6173
v 8.0823 		52.3492 		30.612
v 16.0165 		57.7334 		32.3686
v 8.0828 		52.349 		30.6119
v 8.0566 		52.366 		30.6167
v 3.861 		46.3948 		33.3667
v 16.2894 		57.454 		32.443
v 10.4381 		59.8391 		32.435
v 8.934 		59.8216 		32.2775
v 8.1524 		52.2716 		30.4542
v 8.9195 		55.5471 		29.3425
v 8.9216 		55.7396 		29.4128
v 8.1207 		52.3185 		30.44
v 3.9954 		47.4347 		33.0843
v 12.9232 		44.0195 		34.2203
v 8.1379 		59.8913 		32.462
v 8.2948 		59.8471 		32.3594
v 4.2437 		47.5222 		32.8651
v 4.211 		47.1874 		32.9829
v 8.175 		59.8871 		32.4196
v 4.0052 		47.4579 		32.9734
v 13.7608 		53.003 		30.9742
v 8.175 		59.8643 		32.4878
v 8.5588 		55.9122 		29.2423
v 8.63 		55.4967 		29.15
v 8.1124 		59.7032 		32.3647
v 13.6157 		52.7749 		30.8517
v 12.7126 		44.3517 		34.1266
v 12.9199 		44.0198 		34.22
v 13.5985 		52.734 		30.8057
v 8.1513 		59.7077 		32.3262
v 13.6416 		52.7785 		30.7888
v 3.9554 		47.4979 		33.0164
v 7.6096 		52.2366 		30.5441
v 10.2572 		60.0844 		32.4857
v 10.3002 		59.8017 		32.3404
v 16.1014 		57.3831 		32.3617
v 12.9172 		44.0275 		34.2168
v 12.9226 		44.0192 		34.2188
v 12.9653 		44.0109 		34.1752
v 10.4011 		59.8118 		32.4608
v 9.0358 		55.2522 		29.5047
v 9.0319 		55.2521 		29.5029
v 10.4011 		59.8346 		32.3923
v 9.0453 		55.2535 		29.506
v 7.2279 		51.8842 		30.7342
v 2.1526 		48.2335 		34.7857
v 13.0148 		43.9679 		34.107
v 2.122 		48.2311 		34.7732
v 9.0319 		55.2728 		29.434
v 9.0464 		55.2752 		29.4342
v 9.2807 		55.265 		29.4164
v 9.2846 		59.519 		32.5694
v 9.5044 		55.2945 		29.247
v 9.0773 		59.5306 		32.5353
v 2.2985 		48.4563 		34.6534
v 2.1428 		48.2237 		34.7444
v 12.7962 		44.3627 		34.0747
v 12.3086 		53.3676 		31.288
v 12.2881 		53.3732 		31.3521
v 9.4578 		55.2525 		29.4079
v 9.5017 		55.2483 		29.4097
v 9.514 		55.2442 		29.4092
v 9.5351 		55.2379 		29.4058
v 2.2878 		48.4456 		34.6086
v 9.5474 		55.2331 		29.4078
v 2.2742 		48.4678 		34.6317
v 12.4112 		53.6066 		31.3601
v 7.8182 		52.364 		30.6766
v 15.9806 		57.7127 		32.0156
v 9.0638 		55.2779 		29.4352
v 9.3952 		55.2528 		29.4254
v 9.4365 		55.2537 		29.4101
v 9.9668 		60.7162 		31.6982
v 10.0083 		60.6604 		31.7306
v 13.1474 		43.9172 		34.0085
v 9.1593 		55.2707 		29.4324
v 9.1726 		55.2697 		29.432
v 1.9835 		47.9689 		34.8978
v 13.0101 		43.9819 		34.1008
v 2.0775 		47.9043 		34.9595
v 15.8039 		57.6343 		32.2695
v 15.8997 		57.2909 		32.2671
v 10.4975 		60.7609 		31.6692
v 10.1816 		60.4925 		31.7433
v 9.58 		55.2203 		29.413
v 10.4622 		60.6755 		31.8919
v 12.9985 		43.9543 		34.0278
v 16.3054 		57.4656 		32.0844
v 13.0035 		43.9427 		34.0341
v 10.8261 		60.6536 		31.9723
v 8.0421 		52.2513 		30.6612
v 8.0401 		52.2521 		30.6623
v 8.0298 		52.2561 		30.6677
v 2.313 		47.718 		34.8088
v 2.1795 		47.7527 		34.8542
v 16.2046 		57.4258 		32.0387
v 9.3747 		55.2534 		29.4296
v 12.9567 		43.9305 		33.9638
v 9.389 		55.2527 		29.4278
v 12.1819 		53.5906 		31.2349
v 2.3276 		47.5759 		34.7925
v 9.5961 		55.214 		29.4156
v 12.2665 		53.6141 		31.2821
v 9.6179 		55.2027 		29.4287
v 10.7282 		60.3409 		31.52
v 9.0684 		55.2561 		29.5101
v 9.0623 		55.2556 		29.5084
v 10.0211 		60.6909 		31.6508
v 15.9987 		57.3309 		31.948
v 16.182 		57.3078 		31.94
v 9.6394 		55.1915 		29.4417
v 9.2887 		55.2578 		29.4395
v 9.2938 		55.2573 		29.4398
v 9.3726 		55.2535 		29.4298
v 12.9596 		43.9231 		33.967
v 9.2421 		55.2624 		29.4369
v 9.4219 		59.1705 		32.3828
v 9.4451 		59.344 		32.4593
v 12.5646 		53.6016 		31.1996
v 10.8436 		59.9328 		31.5378
v 9.5839 		59.3624 		32.4054
v 8.0564 		52.2457 		30.6537
v 9.5883 		59.2174 		32.3339
v 9.3161 		55.255 		29.441
v 8.0525 		52.2472 		30.6558
v 10.6176 		60.0034 		31.3773
v 12.4916 		53.1505 		31.2067
v 12.4723 		53.1505 		31.2643
v 9.502 		59.0981 		32.3244
v 9.0495 		55.3454 		29.2026
v 9.0319 		55.3397 		29.2116
v 9.1885 		55.3494 		29.1477
v 9.232 		55.3494 		29.1347
v 10.5781 		60.2644 		31.4781
v 9.0955 		55.3493 		29.1755
v 7.8934 		52.3334 		30.69
v 7.8681 		52.3437 		30.6853
v 12.2398 		43.935 		34.261
v 12.6571 		44.1079 		34.261
v 12.3584 		44.239 		34.2028
v 7.9901 		52.2783 		30.6736
v 12.1579 		53.0695 		31.3518
v 8.0238 		52.2603 		30.6704
v 9.0379 		55.3998 		29.0153
v 9.0319 		55.3994 		29.0129
v 9.0552 		55.3969 		29.0201
v 15.2783 		58.2744 		32.0518
v 9.1918 		55.3821 		29.0317
v 15.5253 		58.4144 		32.1698
v 13.525 		45.499 		33.6473
v 9.8467 		60.0328 		31.374
v 9.7868 		60.023 		31.4052
v 9.8348 		60.004 		31.4497
v 9.0696 		59.2037 		32.376
v 9.2579 		55.3791 		29.0228
v 9.0872 		55.3917 		29.0291
v 9.1272 		55.3851 		29.0403
v 9.1291 		55.385 		29.0402
v 8.1418 		52.2306 		30.614
v 8.3225 		52.209 		30.581
v 15.6309 		58.469 		32.1191
v 8.0986 		52.2355 		30.6211
v 8.3839 		52.2006 		30.5654
v 8.0663 		52.2445 		30.6468
v 8.064 		52.2443 		30.6488
v 10.1789 		59.9515 		31.5523
v 8.2874 		52.2408 		30.6975
v 9.0672 		59.0981 		32.3244
v 8.2944 		52.241 		30.6957
v 9.5456 		55.341 		29.0369
v 9.5449 		55.3411 		29.0374
v 13.1281 		45.3641 		33.7143
v 9.4273 		55.3673 		29.0141
v 9.5083 		55.3608 		29.0132
v 14.8725 		58.1045 		31.8207
v 9.5407 		55.3506 		29.0096
v 9.5512 		55.3436 		29.0211
v 9.2846 		59.3369 		32.4816
v 8.0619 		52.2447 		30.6506
v 8.0594 		52.245 		30.652
v 9.541 		55.3419 		29.0394
v 2.2605 		48.0867 		34.7091
v 12.3522 		53.0247 		31.2147
v 9.5076 		55.3498 		29.0518
v 9.344 		55.3496 		29.101
v 11.7824 		58.4969 		32.4065
v 12.3035 		45.4471 		33.6668
v 9.528 		55.345 		29.0439
v 2.1315 		47.3988 		34.9521
v 8.7539 		52.3531 		30.2557
v 8.755 		52.3683 		30.294
v 8.6448 		52.3979 		30.3184
v 12.0612 		58.5114 		32.4309
v 9.3438 		55.3741 		29.0152
v 12.1374 		53.0191 		31.067
v 12.0443 		59.5158 		31.4108
v 3.7632 		45.1105 		33.846
v 12.5135 		45.1517 		33.4064
v 9.1507 		55.3834 		29.0395
v 9.1491 		55.3839 		29.0381
v 14.893 		58.0484 		31.7733
v 3.6813 		45.6746 		33.8415
v 12.1537 		45.5133 		33.0793
v 7.2326 		52.3558 		30.6894
v 3.7946 		45.1852 		34.0415
v 9.1507 		55.3838 		29.0379
v 12.0016 		59.4128 		31.6801
v 4.7286 		45.7185 		33.8065
v 9.2846 		59.1913 		32.411
v 9.2846 		59.086 		32.36
v 15.1448 		57.3004 		31.6422
v 15.2783 		57.7607 		31.7914
v 12.7926 		52.7257 		30.9232
v 13.3859 		44.9636 		33.6829
v 9.1194 		55.3857 		29.0406
v 9.1128 		55.3869 		29.0382
v 12.951 		52.976 		30.876
v 9.3141 		55.3495 		29.11
v 11.6795 		59.4182 		31.7048
v 12.1932 		43.9534 		33.719
v 12.1345 		44.7797 		33.3284
v 9.1136 		55.3861 		29.0408
v 13.1937 		52.8945 		30.9155
v 14.8784 		57.5196 		31.8602
v 13.0652 		52.6148 		30.8662
v 14.9312 		57.8061 		31.6973
v 11.0414 		59.6623 		31.7495
v 11.2968 		59.5398 		31.7869
v 9.0773 		59.6777 		32.0924
v 8.8872 		55.248 		29.435
v 14.9923 		57.29 		31.5888
v 8.8874 		55.248 		29.4349
v 12.6257 		44.6024 		33.5785
v 12.3898 		44.9022 		33.3664
v 11.4217 		59.29 		31.6784
v 9.1238 		59.503 		31.9821
v 8.8938 		55.2481 		29.4384
v 12.7357 		44.5442 		33.684
v 4.497 		45.343 		33.9145
v 8.917 		55.2536 		29.433
v 3.4265 		45.3098 		33.9792
v 16.6142 		57.1832 		31.9934
v 10.8415 		43.965 		33.8068
v 12.6117 		52.9126 		31.3025
v 10.9907 		58.8 		31.4316
v 11.2037 		44.1447 		33.8715
v 12.4397 		52.8369 		31.1809
v 11.2381 		58.7131 		31.3969
v 11.9538 		44.0338 		34.0676
v 12.3457 		53.0063 		31.1753
v 4.2253 		44.078 		34.5205
v 16.7489 		57.0643 		32.0156
v 16.7489 		56.8498 		32.0014
v 4.036 		44.0619 		34.4564
v 6.0791 		53.5589 		31.6985
v 8.5882 		55.2653 		29.2083
v 8.583 		55.263 		29.2081
v 8.6267 		55.2726 		29.2058
v 8.7068 		55.2875 		29.2016
v 8.6839 		55.2834 		29.2022
v 6.2986 		53.302 		31.522
v 11.527 		58.8878 		31.4037
v 8.7358 		55.2923 		29.202
v 8.7341 		55.2923 		29.201
v 8.7338 		55.2923 		29.2009
v 11.8521 		44.4532 		33.9611
v 6.365 		53.5396 		31.541
v 8.9248 		59.5134 		32.419
v 8.7417 		55.2928 		29.2036
v 8.822 		55.298 		29.2317
v 10.3192 		59.6329 		32.4033
v 6.0254 		53.5589 		31.5372
v 10.4906 		59.1044 		32.0998
v 16.8512 		56.7724 		32.0565
v 10.5325 		59.1118 		32.0598
v 10.4924 		59.1136 		32.0174
v 10.2711 		59.6694 		32.2621
v 10.4206 		59.6845 		32.314
v 8.9225 		55.3156 		29.2299
v 11.5214 		45.4809 		33.5906
v 10.4206 		59.6611 		32.3843
v 6.2808 		53.302 		31.4689
v 8.7339 		55.2923 		29.2009
v 6.314 		53.2756 		31.4832
v 16.0302 		57.1749 		32.4018
v 8.9997 		55.3292 		29.2283
v 10.3628 		59.1198 		32.1479
v 4.4489 		43.9991 		34.5519
v 8.991 		59.5439 		32.4946
v 11.15 		45.3575 		33.4476
v 4.6631 		43.8964 		34.5205
v 8.4244 		55.1984 		29.186
v 10.4527 		59.4114 		32.2567
v 8.4244 		55.2239 		29.1113
v 8.5258 		55.2744 		29.0985
v 4.2072 		44.5546 		33.954
v 12.6601 		52.9553 		31.3358
v 8.7377 		55.3742 		29.0631
v 8.7544 		55.3412 		29.0499
v 8.7547 		55.3413 		29.0497
v 15.9655 		56.9946 		32.3929
v 8.8547 		55.3682 		29.0169
v 8.8621 		55.3705 		29.0132
v 16.2606 		56.8626 		32.5213
v 8.848 		55.4335 		29.0332
v 16.1491 		57.1571 		32.4756
v 8.8731 		55.373 		29.0111
v 12.3332 		52.9965 		31.1806
v 11.4084 		45.1959 		33.208
v 10.4595 		59.6798 		32.3529
v 12.6446 		52.9612 		31.3625
v 8.9248 		59.5107 		32.4175
v 4.2093 		44.546 		34.2524
v 8.7517 		55.3401 		29.0521
v 10.1394 		59.3906 		32.319
v 9.763 		59.5104 		32.4113
v 8.7455 		55.3375 		29.0573
v 11.5359 		45.5726 		32.9384
v 11.4273 		45.3733 		33.0701
v 4.5296 		44.7011 		34.2675
v 10.1136 		59.6694 		32.4587
v 12.6743 		52.9339 		31.3616
v 11.8841 		45.3839 		33.0398
v 8.8747 		55.3734 		29.0108
v 8.8885 		55.3763 		29.0089
v 8.9068 		55.379 		29.0103
v 8.5725 		55.2963 		29.0966
v 3.6113 		44.6587 		34.2613
v 8.6 		55.302 		29.0932
v 8.6344 		55.3091 		29.0889
v 8.6562 		55.3137 		29.086
v 8.8943 		59.5321 		32.3733
v 8.7066 		55.3242 		29.0793
v 10.9109 		45.4436 		33.0443
v 12.2184 		52.6341 		31.1038
v 8.7207 		55.3272 		29.0775
v 12.5135 		52.5044 		31.2684
v 3.6386 		44.7038 		34.2423
v 8.8691 		59.5665 		32.2855
v 11.1957 		45.2475 		33.1605
v 3.6691 		44.7557 		34.2203
v 8.8682 		59.5807 		32.3015
v 8.7215 		55.3274 		29.0773
v 4.1547 		44.6973 		34.2005
v 9.0254 		55.3991 		29.0104
v 6.7696 		52.6949 		31.528
v 8.6691 		59.562 		32.4282
v 7.203 		52.5231 		31.5235
v 12.5681 		52.6699 		31.2403
v 3.7406 		44.6255 		34.0311
v 11.8628 		44.8667 		33.2756
v 12.3895 		52.4048 		30.8656
v 9.763 		59.5932 		32.1624
v 8.5306 		55.3786 		28.7991
v 8.7629 		55.0147 		28.7754
v 4.1158 		44.603 		33.9546
v 9.8829 		59.6418 		32.1956
v 8.9195 		59.3698 		32.3478
v 8.985 		59.3624 		32.4054
v 10.1228 		59.6362 		32.2176
v 7.9985 		55.7977 		30.0891
v 8.2746 		55.9617 		29.9912
v 12.9273 		53.5933 		30.701
v 8.1996 		55.8025 		30.0265
v 12.8164 		53.3495 		30.6286
v 12.927 		53.0205 		30.4679
v 11.0521 		44.4093 		33.5028
v 8.2625 		55.9359 		30.0425
v 6.075 		52.4899 		31.7804
v 6.083 		52.4599 		31.8201
v 6.5902 		52.8441 		31.4636
v 6.0702 		52.4472 		31.7659
v 4.2333 		44.4019 		33.9519
v 11.0183 		44.4903 		33.7143
v 9.6563 		59.2022 		32.2639
v 10.1528 		59.2461 		32.2464
v 6.4689 		52.7278 		31.5209
v 12.8096 		53.5894 		30.4071
v 10.6914 		44.864 		33.5082
v 8.4313 		59.6756 		32.2416
v 8.9254 		59.5994 		32.1592
v 5.0878 		53.1181 		32.0776
v 12.5307 		53.1018 		30.6366
v 8.3998 		55.9668 		30.0378
v 8.9251 		59.597 		32.158
v 4.9778 		53.103 		32.1337
v 5 		53.0674 		32.1603
v 4.9416 		53.3382 		32.2879
v 4.9994 		53.103 		32.1989
v 9.909 		59.0278 		32.1624
v 5.1279 		53.399 		32.198
v 9.6521 		58.7793 		32.0441
v 5.2548 		53.1392 		32.066
v 8.3621 		55.9632 		30.0304
v 8.8124 		59.6454 		32.19
v 8.929 		59.6854 		32.2048
v 4.8811 		53.3513 		32.1209
v 16.6984 		56.4642 		32.4421
v 16.5777 		56.5155 		32.478
v 8.991 		59.6644 		32.1331
v 8.9272 		59.6418 		32.1817
v 16.3529 		56.4224 		32.3775
v 16.3971 		56.5781 		32.4792
v 16.4377 		56.4544 		32.4163
v 7.9404 		55.4697 		29.9865
v 9.6613 		59.0691 		32.1974
v 10.7573 		45.0888 		33.4542
v 10.7858 		44.8503 		33.2922
v 7.9863 		55.5495 		30.0152
v 7.8493 		55.7162 		30.1232
v 12.5189 		53.5684 		30.2926
v 7.8425 		55.6723 		30.1173
v 10.1653 		59.1693 		31.9711
v 10.4298 		58.5648 		31.8198
v 16.4015 		56.3387 		32.3092
v 12.6832 		52.8182 		30.4661
v 12.6992 		52.7812 		30.4388
v 12.7054 		52.8212 		30.4115
v 16.7934 		56.1098 		32.0717
v 5.6882 		53.2062 		31.7712
v 16.7456 		56.5849 		32.0405
v 5.6953 		53.1721 		31.802
v 10.655 		44.2752 		33.5699
v 16.8815 		56.6466 		32.1058
v 10.4414 		58.6787 		31.7952
v 5.983 		53.5114 		31.563
v 5.722 		53.2116 		31.754
v 5.7416 		53.2116 		31.8127
v 8.985 		59.4849 		32.0367
v 5.3622 		53.4293 		31.8744
v 12.2392 		53.003 		30.5141
v 9.6557 		58.9709 		31.8302
v 10.1575 		58.9869 		31.8783
v 12.1576 		52.9574 		30.6355
v 16.2746 		56.6514 		32.4694
v 16.0325 		56.4758 		32.3241
v 13.818 		43.7793 		34.3799
v 13.9477 		43.8196 		34.3494
v 10.1979 		58.6505 		31.7217
v 16.2844 		56.5342 		32.4264
v 12.1437 		52.5127 		30.5364
v 9.8772 		58.5375 		31.9023
v 8.6703 		59.0987 		32.1965
v 10.1394 		58.7247 		31.9759
v 10.1228 		58.5447 		31.8806
v 3.2678 		44.8803 		34.1272
v 8.9121 		59.1839 		32.2547
v 8.28 		55.3448 		29.864
v 7.8354 		55.1849 		30.0152
v 7.8493 		55.2422 		29.9936
v 16.2233 		56.2726 		32.2283
v 12.4937 		43.2937 		34.5205
v 5.4909 		52.7945 		31.4271
v 5.0573 		52.4113 		31.5701
v 16.4282 		56.9317 		31.8673
v 16.3624 		57.0803 		31.878
v 16.4979 		56.7442 		31.8857
v 8.3865 		55.3937 		30.0221
v 16.6038 		56.6638 		31.9388
v 8.4022 		55.1624 		30.0422
v 3.2746 		44.6949 		34.236
v 10.7537 		58.9136 		31.3969
v 3.3114 		44.6635 		34.1512
v 3.2465 		44.5958 		34.2007
v 3.2568 		44.6211 		34.2666
v 8.1459 		55.0431 		29.9165
v 11.061 		59.8613 		31.2871
v 10.8917 		59.8269 		31.3396
v 3.2215 		44.6839 		34.2096
v 12.4088 		43.2415 		34.4831
v 9.5032 		59.0234 		32.2882
v 8.1198 		54.9076 		29.912
v 9.2846 		58.9477 		32.2903
v 4.8366 		53.1273 		31.5956
v 9.3976 		59.0145 		32.3149
v 5.1175 		53.0988 		31.536
v 8.2447 		54.8675 		29.8645
v 8.2549 		54.8778 		29.8601
v 3.2035 		44.6062 		34.2423
v 8.2762 		54.8978 		29.8545
v 11.4514 		60.109 		31.3696
v 8.2069 		54.8293 		29.8808
v 9.1716 		59.0252 		32.3196
v 16.3484 		57.2396 		31.9328
v 10.1205 		60.0289 		31.3586
v 8.3413 		54.8527 		30.0894
v 16.4472 		57.2381 		31.9625
v 8.3409 		54.8523 		30.0896
v 8.2961 		54.8683 		29.9636
v 8.2529 		54.8293 		29.9711
v 8.3173 		54.8293 		30.0978
v 16.6317 		56.676 		31.9521
v 8.3295 		55.128 		30.0639
v 8.3043 		55.1223 		30.0707
v 8.3133 		54.8841 		29.9601
v 8.313 		54.8838 		29.9601
v 6.4487 		51.9094 		32.0236
v 6.535 		51.8433 		32.0657
v 8.3236 		54.8897 		29.9571
v 12.9235 		43.7988 		33.9519
v 8.2812 		55.1173 		30.0769
v 11.7423 		59.5694 		31.3094
v 13.0151 		43.768 		34.0379
v 6.6273 		51.759 		32.0829
v 11.5792 		59.2126 		31.1551
v 11.6409 		59.6311 		31.2649
v 9.066 		58.9916 		32.271
v 12.9828 		43.8585 		33.9967
v 15.8543 		57.1598 		31.7976
v 16.2503 		57.1965 		31.891
v 15.714 		56.8812 		31.6324
v 16.2452 		56.856 		31.7902
v 8.4007 		54.9322 		29.9352
v 12.1751 		51.7614 		30.6877
v 11.8076 		59.5009 		31.3595
v 12.2145 		43.6618 		34.3019
v 6.7779 		51.5802 		32.0236
v 12.0989 		51.8311 		31.3355
v 9.0773 		58.5028 		32.0058
v 8.3986 		55.0623 		29.5508
v 16.3256 		56.6357 		31.816
v 8.3535 		55.1203 		29.7993
v 3.5374 		44.5908 		34.0978
v 8.3126 		54.9233 		29.8439
v 8.3674 		54.9536 		29.8281
v 6.3108 		51.1848 		32.3976
v 16.4893 		56.619 		31.891
v 10.8661 		59.5083 		31.1551
v 16.6059 		56.5241 		31.9762
v 8.3993 		54.9712 		29.8188
v 11.1444 		59.6335 		31.1679
v 9.2846 		58.4919 		32.0399
v 8.2894 		54.9103 		29.851
v 8.2898 		54.9106 		29.8509
v 16.5202 		56.4918 		31.94
v 6.1895 		51.3206 		32.4276
v 16.4288 		56.3542 		31.9572
v 3.3073 		44.8486 		34.0931
v 11.2348 		59.3906 		31.0756
v 8.9791 		58.8908 		32.1666
v 12.1982 		43.5022 		34.0091
v 8.9198 		58.7022 		32.0028
v 8.9752 		59.0376 		32.2452
v 13.8628 		52.22 		31.2162
v 15.9092 		56.3936 		31.6469
v 9.5916 		59.2381 		31.9035
v 9.066 		59.1465 		31.805
v 10.8854 		59.0664 		30.9347
v 9.1452 		59.1453 		31.7813
v 8.046 		55.8256 		29.5128
v 16.0595 		56.2174 		31.7997
v 8.202 		55.4753 		29.3375
v 9.2846 		59.2328 		31.808
v 15.7407 		56.1 		31.6638
v 9.4474 		59.3603 		31.9044
v 9.5032 		59.1628 		31.813
v 11.1966 		58.9433 		30.9217
v 4.4537 		46.1842 		33.596
v 6.5638 		51.3473 		32.1956
v 11.3096 		58.8855 		30.9478
v 7.8179 		55.7669 		29.433
v 8.0596 		55.445 		29.2743
v 6.6344 		52.1446 		31.8154
v 8.3954 		55.6043 		29.2295
v 4.7515 		46.0383 		33.6191
v 6.9728 		52.3084 		31.6997
v 11.4033 		58.8279 		30.9887
v 8.1972 		55.9469 		29.3823
v 13.4173 		51.1984 		31.1272
v 10.9011 		58.585 		30.7411
v 7.1042 		51.9367 		31.7596
v 11.0735 		58.5043 		30.7621
v 4.4116 		46.0825 		33.3296
v 13.5422 		51.4004 		31.0958
v 12.0452 		43.588 		33.9546
v 8.0379 		55.4275 		29.2933
v 9.6895 		59.4395 		31.2076
v 6.8998 		52.236 		31.3912
v 3.6193 		46.0721 		33.5699
v 12.0063 		43.682 		34.2002
v 9.9081 		59.0999 		30.9718
v 3.5819 		45.9116 		33.7271
v 8.0964 		55.1277 		28.9557
v 13.0537 		51.8578 		31.3393
v 11.7242 		43.4079 		34.234
v 15.485 		56.864 		32.1583
v 10.7184 		59.1112 		30.9887
v 8.3278 		55.1589 		29.1731
v 8.3265 		55.1584 		29.1727
v 15.5841 		56.5823 		32.1983
v 3.9951 		45.8867 		33.5028
v 4.0969 		46.2237 		33.3542
v 8.9764 		59.2064 		31.8866
v 8.9749 		59.1539 		31.8581
v 15.458 		57.0874 		32.0592
v 8.3651 		55.1742 		29.1777
v 8.3368 		55.1626 		29.1742
v 6.8346 		52.3238 		31.6709
v 10.463 		58.6458 		30.8398
v 10.6653 		58.668 		30.7746
v 15.7137 		56.3126 		32.1583
v 8.3996 		55.2115 		29.1144
v 10.563 		58.6924 		30.8134
v 8.294 		55.1545 		29.1407
v 4.5984 		45.386 		33.4945
v 8.2905 		55.1538 		29.1381
v 12.8271 		52.1998 		31.0753
v 8.2802 		55.1461 		29.1471
v 3.7706 		45.5667 		33.6829
v 10.5669 		58.948 		31.2693
v 12.6704 		52.1102 		31.1222
v 6.6851 		51.9827 		31.5381
v 11.4365 		43.6971 		33.846
v 12.2389 		52.2734 		30.9276
v 6.6225 		52.064 		31.5778
v 9.4624 		54.4199 		29.8545
v 9.3356 		54.461 		29.8818
v 10.9611 		43.7547 		33.8199
v 9.1247 		54.3891 		29.904
v 12.1004 		52.0174 		30.9276
v 9.1677 		54.4903 		29.9207
v 9.0834 		54.4851 		29.9422
v 9.0319 		54.4789 		29.9557
v 9.118 		54.399 		29.9425
v 9.1227 		54.4075 		29.9405
v 9.0773 		58.6505 		31.563
v 9.1994 		54.4922 		29.9126
v 4.3763 		45.0218 		33.7407
v 9.1249 		54.4091 		29.9398
v 4.4792 		44.7572 		33.719
v 9.1111 		54.3911 		29.9451
v 9.2329 		54.4943 		29.904
v 4.7159 		44.6439 		33.6838
v 11.0578 		43.6001 		33.9792
v 9.1113 		54.3907 		29.945
v 9.1113 		54.3908 		29.945
v 15.3328 		56.9237 		31.5713
v 15.396 		56.8193 		31.5253
v 15.461 		56.6941 		31.4965
v 9.5783 		58.6366 		31.6036
v 12.8923 		51.5609 		31.3393
v 9.2855 		54.2447 		29.8892
v 9.3094 		54.2832 		29.9068
v 12.8395 		51.4233 		31.2931
v 9.3173 		54.2713 		29.906
v 13.0958 		51.1922 		31.1148
v 9.3184 		54.2651 		29.9064
v 9.3198 		54.2545 		29.9072
v 12.9528 		51.3616 		30.9813
v 9.2548 		54.3013 		29.9185
v 9.2351 		54.2883 		29.9132
v 9.2453 		54.3016 		29.9209
v 9.5883 		58.9632 		31.7644
v 4.4967 		48.324 		32.5673
v 9.2123 		54.3321 		29.9259
v 9.1916 		54.2687 		29.9376
v 9.0636 		43.6603 		35.3279
v 9.4474 		58.9819 		31.7092
v 9.0755 		43.6639 		35.3386
v 11.6869 		43.2706 		34.053
v 11.6489 		43.2703 		34.2613
v 9.2137 		54.2544 		29.8969
v 9.0636 		43.6674 		35.3495
v 14.7829 		58.3699 		33.4533
v 14.758 		58.388 		33.4171
v 14.5723 		58.4687 		33.3284
v 14.7135 		58.3317 		33.4479
v 8.9227 		58.7336 		31.7119
v 8.7661 		43.7808 		35.3715
v 8.6857 		58.7069 		31.7116
v 9.0955 		54.3005 		29.9005
v 9.0975 		54.3039 		29.9005
v 9.0992 		54.3077 		29.9005
v 14.7447 		58.3744 		33.4746
v 13.0394 		51.4805 		30.935
v 8.8341 		43.7671 		35.3368
v 14.922 		56.8635 		31.8098
v 8.4298 		58.7902 		31.7792
v 9.1015 		54.3102 		29.9003
v 8.9138 		43.7677 		35.332
v 8.9969 		43.765 		35.3249
v 14.7272 		58.3453 		33.3901
v 9.1053 		54.3145 		29.9
v 9.1353 		54.2726 		29.8893
v 14.7506 		58.3246 		33.4251
v 9.1073 		54.2629 		29.894
v 9.1067 		54.2698 		29.8949
v 6.069 		52.2416 		31.797
v 5.9946 		52.2475 		31.8364
v 6.0696 		52.2422 		31.7994
v 6.0696 		52.2509 		31.798
v 6.0996 		52.2722 		31.9266
v 8.9776 		59.0688 		31.816
v 9.1236 		54.2218 		29.8862
v 8.9806 		58.9632 		31.7644
v 9.1426 		54.2616 		29.8866
v 9.1616 		54.2218 		29.8784
v 11.4155 		43.2821 		34.1933
v 8.7341 		43.5957 		35.4522
v 14.8238 		54.7548 		32.6008
v 12.3543 		51.6437 		31.0101
v 6.0698 		52.2809 		31.7933
v 6.0697 		52.2762 		31.7937
v 14.9315 		56.8673 		31.7854
v 8.1513 		59.6845 		32.3962
v 21.8103 		47.5474 		35.1828
v 15.0158 		57.0595 		31.5499
v 12.6019 		51.6742 		30.7657
v 12.5491 		51.6051 		30.798
v 22.405 		46.9874 		35.4694
v 6.1969 		52.2909 		31.7276
v 8.3176 		59.6403 		32.4208
v 22.2531 		47.1562 		35.4002
v 14.5468 		54 		32.6456
v 21.8696 		47.0417 		35.3475
v 21.8441 		47.0079 		35.3635
v 22.1531 		46.9901 		35.421
v 14.6708 		54.0519 		32.6925
v 8.7827 		43.7291 		35.2169
v 8.8341 		43.7437 		35.2457
v 14.7808 		54.1023 		32.7301
v 8.0827 		59.1634 		32.0435
v 8.0365 		59.1118 		32.0598
v 8.1074 		59.3396 		32.22
v 22.1801 		46.9753 		35.3463
v 12.254 		51.9966 		31.3378
v 8.0812 		59.123 		32.1093
v 8.4066 		59.1417 		32.1939
v 14.6524 		54.1954 		32.618
v 22.1036 		47.4104 		35.2766
v 14.7945 		54.1913 		32.688
v 21.8284 		47.5178 		35.1102
v 8.5926 		43.7552 		35.3421
v 15.0098 		56.7771 		31.4316
v 9.6378 		54.3595 		29.817
v 9.4751 		54.4158 		29.8517
v 8.4164 		59.3129 		32.0467
v 9.6394 		54.3588 		29.8167
v 8.6276 		43.7769 		35.3602
v 14.9386 		56.9308 		31.6603
v 8.4164 		59.2461 		32.2464
v 14.9713 		56.9462 		31.6751
v 8.6671 		54.3716 		30.0578
v 8.5646 		54.3376 		30.0869
v 8.4892 		54.302 		30.1094
v 14.9796 		56.9269 		31.59
v 8.8349 		54.4272 		30.0102
v 8.6131 		43.5992 		35.4142
v 9.011 		54.4763 		29.9612
v 21.9179 		47.0536 		35.2196
v 14.5545 		53.7742 		32.6498
v 14.769 		53.8869 		32.766
v 8.4244 		54.2715 		30.1287
v 9.3658 		54.0585 		29.9159
v 9.3794 		54.048 		29.9136
v 8.5116 		43.741 		35.2519
v 9.3687 		54.0567 		29.9154
v 14.5901 		53.668 		32.6376
v 22.3984 		46.6751 		35.5041
v 9.3832 		54.0514 		29.9123
v 14.6112 		53.6683 		32.6477
v 22.4818 		46.8139 		35.5316
v 9.3909 		54.0514 		29.9104
v 8.428 		43.7431 		35.2594
v 9.3704 		54.0563 		29.915
v 22.4759 		46.808 		35.5376
v 22.5032 		46.6647 		35.5723
v 22.5058 		46.6674 		35.5696
v 9.3934 		54.0541 		29.9095
v 9.3359 		54.18 		29.9108
v 9.3359 		54.18 		29.9108
v 9.3359 		54.18 		29.9108
v 15.0306 		56.9082 		31.5259
v 14.7764 		53.7241 		32.7435
v 11.8408 		51.9462 		31.4909
v 9.2206 		54.1742 		29.9402
v 9.2228 		54.1821 		29.9388
v 9.2277 		54.2003 		29.9357
v 9.2384 		54.1574 		29.9375
v 9.253 		54.1425 		29.9354
v 15.0214 		56.9044 		31.5499
v 11.8411 		51.9035 		31.477
v 11.8298 		51.9174 		31.5303
v 8.6593 		43.728 		35.2125
v 14.8624 		58.0357 		31.8534
v 9.1935 		54.1857 		29.8679
v 9.2235 		54.1712 		29.8601
v 9.2217 		54.1565 		29.8589
v 8.2213 		58.8775 		32.0221
v 11.6599 		51.8614 		31.5384
v 14.5694 		57.4297 		31.4814
v 6.3811 		51.8424 		31.7365
v 22.3967 		46.6721 		35.553
v 22.4865 		46.6386 		35.5776
v 8.4001 		59.1136 		31.9417
v 6.2692 		52.066 		31.9735
v 15.0101 		56.9228 		31.5778
v 8.258 		58.5995 		31.7163
v 22.4029 		46.5342 		35.542
v 22.3967 		46.4633 		35.5669
v 15.5224 		56.5568 		31.487
v 8.1162 		58.7455 		31.9136
v 9.1932 		54.1858 		29.8679
v 22.4409 		46.5351 		35.5551
v 22.464 		46.574 		35.5509
v 9.2285 		54.1192 		29.9094
v 22.4504 		46.5814 		35.5883
v 9.2662 		54.1406 		29.9323
v 9.2027 		54.0999 		29.8791
v 9.2748 		54.1431 		29.9299
v 9.2894 		54.1303 		29.9276
v 22.4744 		46.6173 		35.5791
v 7.9857 		60.7847 		31.482
v 7.3854 		60.4169 		31.4796
v 22.4765 		46.549 		35.5824
v 7.0143 		51.2883 		31.781
v 22.4865 		46.6244 		35.5613
v 7.2768 		60.4474 		31.5796
v 7.2181 		60.0645 		31.5066
v 7.0188 		51.2059 		31.8142
v 7.1179 		51.3224 		31.9139
v 8.576 		43.8816 		35.1683
v 14.5539 		56.3794 		31.7157
v 9.2176 		54.1227 		29.8561
v 15.288 		56.154 		31.3868
v 9.2704 		54.1394 		29.8794
v 22.3777 		46.6893 		35.545
v 22.1036 		46.7074 		35.4934
v 9.3314 		54.2007 		29.9098
v 9.2164 		54.1198 		29.856
v 14.6827 		56.6342 		31.743
v 7.0547 		51.2495 		31.9652
v 7.0526 		51.3266 		31.9426
v 9.1838 		54.178 		29.869
v 9.1941 		54.07 		29.8553
v 14.7126 		56.5167 		31.234
v 9.1898 		54.0765 		29.8568
v 22.3109 		46.8388 		35.4975
v 14.7734 		56.3995 		31.2073
v 8.5149 		59.8853 		31.008
v 9.2117 		54.1095 		29.8559
v 9.2124 		54.098 		29.8545
v 8.4971 		60.7648 		31.2628
v 8.5944 		43.7176 		35.2605
v 8.5985 		60.1686 		31.0632
v 14.5673 		56.6683 		31.3171
v 8.4499 		60.7037 		31.2957
v 15.6618 		56.0659 		31.9726
v 9.1838 		54.0859 		29.8591
v 9.1597 		54.1034 		29.866
v 9.133 		54.1979 		29.8817
v 9.1325 		54.1995 		29.882
v 8.5867 		60.1977 		30.9872
v 9.1671 		54.0952 		29.8675
v 8.6466 		60.1879 		31.0184
v 8.4431 		60.7399 		31.215
v 11.9434 		51.1943 		31.7095
v 9.1643 		54.095 		29.8641
v 14.6604 		55.0942 		32.4436
v 14.6889 		55.1345 		32.4148
v 9.1704 		54.096 		29.863
v 11.845 		51.5793 		31.7294
v 9.1646 		54.2156 		29.8771
v 9.1774 		54.2023 		29.873
v 8.0495 		60.33 		31.2984
v 8.8744 		43.563 		35.3528
v 9.1783 		54.193 		29.8718
v 7.7197 		60.4501 		31.1097
v 9.1791 		54.1851 		29.8708
v 9.1829 		54.1772 		29.8691
v 8.288 		60.6289 		31.1528
v 8.7928 		43.5571 		35.3356
v 9.1329 		54.1983 		29.8817
v 9.1732 		54.0965 		29.8624
v 8.8744 		43.5844 		35.4177
v 15.1943 		56.4209 		31.3497
v 11.7791 		51.6499 		31.6781
v 11.7681 		51.5852 		31.7068
v 11.6551 		51.226 		31.8433
v 8.7928 		43.5903 		35.4347
v 8.7982 		43.5105 		35.4539
v 14.8022 		55.8407 		31.6591
v 6.422 		51.7863 		31.7045
v 22.2697 		46.6879 		35.4112
v 6.0993 		51.6558 		31.948
v 9.1801 		54.1749 		29.8695
v 7.2107 		60.6073 		31.162
v 22.1312 		46.8682 		35.3267
v 9.1766 		54.097 		29.8618
v 8.9485 		43.4319 		35.4667
v 8.9571 		43.4299 		35.4593
v 17.6559 		55.9167 		32.5362
v 9.2099 		54.0575 		29.8569
v 9.3187 		54.043 		29.8797
v 21.9793 		46.6876 		35.4412
v 9.3214 		54.0382 		29.885
v 11.5587 		51.3334 		31.7659
v 8.8702 		43.3269 		35.518
v 14.7013 		55.0921 		32.3775
v 8.2651 		60.1917 		30.9724
v 9.2164 		54.0522 		29.8545
v 8.2586 		59.8572 		30.8342
v 11.866 		51.5401 		31.5707
v 11.8023 		51.5434 		31.5449
v 8.291 		59.7794 		31.0377
v 6.5317 		51.6632 		31.6775
v 8.2106 		60.1099 		31.178
v 9.1961 		54.0668 		29.8545
v 21.99 		46.6523 		35.3362
v 8.7584 		43.3115 		35.5005
v 8.8762 		43.3255 		35.513
v 9.5993 		53.6342 		29.885
v 22.2353 		46.6271 		35.4139
v 14.6391 		54.8646 		32.4899
v 6.3039 		51.4351 		31.8302
v 6.4333 		51.3192 		31.859
v 9.5993 		53.6286 		29.8797
v 22.0784 		46.3791 		35.4614
v 17.8849 		55.9543 		32.5459
v 17.7057 		55.8983 		32.4605
v 21.8328 		46.3684 		35.3836
v 17.7843 		55.7506 		32.5086
v 14.75 		54.6392 		32.3143
v 22.2576 		46.401 		35.5316
v 22.3946 		46.4642 		35.5723
v 11.427 		51.3046 		31.8198
v 8.7489 		43.2967 		35.5435
v 22.3934 		46.4601 		35.5696
v 14.5984 		54.263 		32.5273
v 7.7396 		60.0568 		31.2699
v 8.7863 		43.4222 		35.432
v 5.8249 		52.2743 		31.9839
v 5.6647 		51.9243 		32.053
v 10.8902 		51.7057 		31.4873
v 7.5755 		59.8975 		31.2429
v 14.5115 		54.7548 		32.2066
v 17.5601 		55.5853 		32.489
v 14.688 		54.5113 		32.2683
v 14.5717 		54.5042 		32.2102
v 9.2185 		54.051 		29.8521
v 7.4065 		59.7714 		31.3393
v 8.6522 		43.442 		35.4966
v 8.6857 		43.4459 		35.5082
v 5.8753 		51.4559 		32.3644
v 9.2173 		54.053 		29.8497
v 9.2144 		54.0547 		29.8494
v 9.209 		54.0565 		29.8507
v 5.8436 		51.2435 		32.556
v 14.6924 		54.2636 		32.257
v 5.7798 		51.2904 		32.5187
v 9.2148 		54.0552 		29.8494
v 11.2734 		51.5799 		31.6116
v 9.1976 		54.0644 		29.8539
v 22.0983 		46.7899 		35.3065
v 11.419 		51.4888 		31.6537
v 17.5657 		55.5438 		32.4383
v 21.8106 		46.7958 		35.1897
v 9.2151 		54.0555 		29.8493
v 8.6614 		43.3433 		35.5254
v 17.8104 		55.6767 		32.5593
v 14.5516 		54.1951 		32.5661
v 7.5468 		59.9633 		30.9416
v 7.6968 		60.16 		31.0006
v 21.7557 		47.7856 		35.0758
v 5.7018 		51.2127 		32.1882
v 21.6071 		47.8966 		35.0218
v 8.6522 		43.4177 		35.4219
v 8.6804 		43.4135 		35.4112
v 5.962 		51.3512 		32.0088
v 5.9172 		51.4129 		32.0444
v 21.4718 		47.6779 		35.0568
v 14.7239 		54.1058 		32.1598
v 17.5595 		55.5296 		32.4415
v 14.8102 		53.8869 		32.1627
v 14.6379 		53.7229 		32.1022
v 5.5218 		51.4197 		32.2458
v 9.5489 		53.7633 		29.7489
v 14.7455 		54.1058 		32.1704
v 14.6459 		54.1942 		32.1707
v 8.5549 		43.3237 		35.5082
v 14.7313 		54.1969 		32.2128
v 8.5496 		43.3255 		35.513
v 7.4717 		60.1796 		31.372
v 8.5549 		43.3269 		35.518
v 17.4334 		55.5518 		32.451
v 8.4686 		43.4299 		35.4593
v 17.4812 		55.5498 		32.3662
v 10.8887 		51.2862 		31.5591
v 17.4554 		55.4839 		32.3837
v 5.2519 		51.7107 		32.2912
v 4.9458 		51.3497 		32.5133
v 10.9765 		51.3524 		31.6419
v 5.0623 		51.703 		32.3976
v 5.2186 		51.4853 		32.5629
v 5.0777 		51.7187 		32.4635
v 5.2548 		51.2809 		32.3959
v 17.4512 		55.4673 		32.3902
v 8.7089 		43.5524 		35.3208
v 9.5765 		58.9409 		31
v 9.5427 		59.0403 		30.9902
v 9.5806 		58.9827 		30.9344
v 5.0525 		51.7445 		32.4246
v 14.7663 		54.1058 		32.1814
v 5.3678 		51.5829 		32.2656
v 10.7825 		51.6087 		31.4633
v 8.7946 		43.262 		35.5462
v 8.7919 		43.2626 		35.5483
v 8.7919 		43.2611 		35.5435
v 8.7706 		43.2593 		35.5391
v 11.8645 		53.0185 		31.2877
v 11.5516 		53.0914 		31.1092
v 17.0212 		55.6512 		32.1375
v 8.926 		58.8683 		30.5079
v 14.6302 		54.6492 		31.4888
v 8.5748 		59.212 		30.7523
v 8.7724 		58.5055 		30.4421
v 11.9117 		53.1223 		31.2165
v 8.7329 		43.2569 		35.54
v 14.5708 		53.8054 		31.4778
v 14.54 		53.911 		31.5191
v 14.6402 		53.7309 		31.4417
v 17.8899 		54.91 		32.3935
v 8.915 		58.8932 		30.4415
v 8.9524 		58.9495 		30.4961
v 8.898 		58.4997 		30.2736
v 8.7492 		58.5615 		30.2959
v 8.7486 		58.5627 		30.2926
v 8.7492 		58.5616 		30.2959
v 21.2698 		47.3632 		35.122
v 8.7124 		43.2406 		35.5569
v 8.7234 		43.2563 		35.5299
v 8.7124 		43.256 		35.5284
v 8.705 		43.256 		35.529
v 8.6881 		43.2587 		35.537
v 18.0308 		55.1318 		32.5878
v 14.8227 		54.9921 		31.2109
v 17.8446 		55.1155 		32.508
v 9.6206 		53.641 		29.8958
v 9.6221 		53.6422 		29.8953
v 17.5129 		55.3362 		32.3905
v 9.6192 		53.6342 		29.8968
v 7.2982 		59.293 		31.2061
v 8.7243 		43.2522 		35.556
v 9.6166 		53.6233 		29.8986
v 8.7181 		43.2676 		35.5628
v 9.6201 		53.6386 		29.8961
v 9.6237 		53.6416 		29.8949
v 9.6309 		53.639 		29.8934
v 8.1269 		59.2494 		30.8822
v 9.6313 		53.6371 		29.8935
v 21.5362 		47.112 		35.2629
v 17.4536 		55.4077 		32.3727
v 14.526 		55.8603 		31.0697
v 14.5522 		55.7538 		31.1109
v 21.6065 		47.2155 		35.233
v 5.8116 		52.2606 		31.9266
v 5.7656 		52.2695 		31.9735
v 17.3845 		55.1544 		32.4917
v 11.6249 		53.1813 		31.0593
v 21.7616 		47.1541 		35.2674
v 14.6592 		55.7058 		31.2038
v 17.4334 		55.1395 		32.4208
v 7.6942 		59.0228 		30.9867
v 17.4076 		55.1561 		32.5015
v 7.2098 		58.8226 		30.9867
v 8.9046 		53.9667 		29.904
v 8.6715 		43.2646 		35.5542
v 21.6394 		47.1079 		35.0393
v 21.5522 		46.9471 		35.0393
v 11.5448 		53.151 		30.7683
v 5.2676 		51.8851 		31.5357
v 5.3186 		52.0186 		31.5022
v 11.6572 		53.1249 		30.8294
v 8.6335 		43.2611 		35.5435
v 8.6312 		43.262 		35.5462
v 11.6563 		53.1252 		30.8292
v 8.4455 		54.7895 		28.8949
v 5.5541 		51.9014 		31.4001
v 8.6335 		43.2626 		35.5483
v 8.2871 		54.7998 		30.1084
v 8.1508 		54.7379 		29.9872
v 8.1207 		54.713 		29.9868
v 8.145 		54.6608 		30.1582
v 17.4459 		55.079 		32.3365
v 7.9783 		58.7867 		30.7357
v 8.3621 		43.6603 		35.3279
v 8.2871 		43.8656 		35.2499
v 8.3494 		43.6639 		35.3386
v 14.7589 		53.7461 		31.1827
v 8.3998 		43.577 		35.3949
v 11.2129 		53.0686 		30.9522
v 7.919 		58.9374 		30.5067
v 5.068 		51.3886 		31.6306
v 7.2312 		58.531 		30.4038
v 10.9379 		53.2024 		30.7692
v 8.252 		54.8285 		29.9713
v 5.0211 		51.2937 		31.6211
v 17.442 		55.0787 		32.3351
v 21.1506 		47.1488 		35.1288
v 17.5073 		55.085 		32.3629
v 21.1174 		47.0631 		35.1001
v 14.704 		54.1966 		31.0347
v 11.3751 		53.547 		30.8529
v 8.2159 		54.7962 		29.977
v 11.2672 		53.2133 		30.9069
v 11.3659 		53.2344 		30.9164
v 8.1207 		54.7462 		29.9083
v 8.1711 		54.7939 		29.8942
v 8.184 		54.8061 		29.8906
v 5.035 		51.3619 		31.565
v 7.9753 		54.5858 		29.9825
v 7.9744 		54.5849 		29.9817
v 5.0543 		43.6918 		34.4256
v 6.6952 		60.7491 		31.9029
v 7.1864 		60.6895 		31.6914
v 7.0031 		60.814 		31.829
v 17.3703 		55.1309 		32.5744
v 7.9349 		54.5304 		29.9776
v 7.9625 		54.5732 		29.9725
v 17.4183 		55.1309 		32.4039
v 5.517 		43.6535 		34.1527
v 7.9683 		54.5789 		29.977
v 7.9596 		54.5592 		29.989
v 7.1704 		60.3819 		31.6264
v 11.4706 		52.7527 		31.081
v 7.9437 		54.5255 		30.0071
v 11.7776 		52.6551 		31.2572
v 11.4772 		52.8129 		31.1092
v 7.9318 		54.5255 		29.9783
v 11.8159 		52.8713 		31.3132
v 14.249 		58.1546 		33.2795
v 5.504 		43.7544 		34.2983
v 5.5176 		43.8344 		34.2696
v 6.9405 		60.6672 		31.8068
v 6.6575 		53.3682 		31.2773
v 7.9744 		54.5849 		29.9816
v 7.9747 		54.586 		29.9806
v 7.9702 		54.5852 		29.9711
v 7.9703 		54.585 		29.9715
v 7.9705 		54.5846 		29.9727
v 7.9707 		54.5842 		29.9738
v 7.9641 		54.5757 		29.9722
v 17.2931 		54.9717 		32.1948
v 21.7216 		46.7599 		35.3258
v 17.3296 		54.8492 		32.1467
v 21.3072 		46.6294 		35.1935
v 6.1559 		60.8926 		31.4256
v 17.0636 		55.0434 		32.1725
v 6.5027 		60.6002 		31.8442
v 7.9903 		54.6057 		29.9851
v 7.9829 		54.5961 		29.9835
v 8.0544 		54.6584 		29.9858
v 8.048 		54.6532 		29.9857
v 17.0621 		55.3116 		32.166
v 6.3111 		60.8535 		31.9589
v 11.8906 		52.6907 		30.9573
v 17.0823 		55.2834 		32.2042
v 6.1832 		60.8226 		31.9094
v 8.1041 		54.7599 		30.0123
v 6.3906 		60.3596 		31.6914
v 21.7062 		46.6386 		35.2303
v 11.864 		52.6317 		30.9878
v 17.0321 		55.3036 		32.1535
v 11.6385 		52.9962 		30.7832
v 5.7134 		43.6295 		34.2657
v 7.9867 		54.6081 		29.9723
v 8.0317 		54.6561 		29.9468
v 8.051 		54.7225 		29.9286
v 13.4404 		58.1092 		33.1143
v 13.7676 		58.2543 		33.1792
v 6.6187 		60.1541 		31.6264
v 13.5069 		58.0609 		33.076
v 6.624 		59.8456 		31.4464
v 8.0792 		54.7069 		29.9198
v 8.0391 		54.664 		29.9426
v 8.3294 		54.2267 		30.157
v 8.3259 		54.2236 		30.1582
v 5.7261 		43.5785 		34.1966
v 6.317 		60.2959 		31.6066
v 5.6885 		43.5248 		34.3004
v 21.3511 		46.91 		35.0265
v 6.5472 		59.8002 		31.3731
v 7.0607 		53.5216 		31.1425
v 5.7158 		43.4767 		34.2764
v 7.8967 		54.4701 		29.9864
v 6.9007 		60.2531 		31.6659
v 7.8769 		54.4388 		29.991
v 6.6741 		53.3682 		31.3263
v 7.817 		54.3342 		30.0216
v 5.6781 		43.4999 		34.2349
v 5.7665 		43.5586 		34.2369
v 7.8574 		54.3424 		30.1058
v 7.8525 		54.3328 		30.1101
v 7.8437 		54.3156 		30.1179
v 7.0654 		53.4214 		31.0955
v 7.0644 		53.423 		31.0941
v 18.2889 		54.6685 		32.5089
v 18.3102 		54.3861 		32.5462
v 7.0657 		53.423 		31.0972
v 7.8296 		54.2884 		30.1293
v 7.817 		54.2641 		30.1396
v 13.8584 		58.3474 		32.9716
v 5.4734 		43.7843 		34.094
v 11.1811 		52.9366 		30.941
v 6.9921 		53.4293 		31.1602
v 7.0697 		53.4456 		31.1194
v 7.9302 		54.4968 		30.0226
v 5.208 		59.9473 		31.52
v 7.0667 		53.4275 		31.102
v 4.9372 		60.3104 		31.6531
v 7.9214 		54.4782 		30.0327
v 4.9698 		60.3748 		31.7228
v 4.9736 		60.3736 		31.6214
v 5.3103 		60.5839 		31.5713
v 17.1825 		54.5232 		32.0156
v 13.5389 		58.2077 		32.6954
v 17.386 		54.5496 		32.1061
v 17.6636 		54.2856 		32.2591
v 17.6013 		54.8061 		32.2446
v 5.636 		60.0915 		31.592
v 7.7464 		54.5751 		30.0746
v 5.5396 		60.2748 		31.6792
v 21.2271 		46.4434 		35.1487
v 21.2598 		46.5309 		35.1802
v 10.9329 		52.6667 		30.9309
v 7.7843 		54.4286 		30.0227
v 21.551 		46.393 		35.2766
v 5.1389 		60.435 		31.7664
v 11.0023 		52.6068 		30.9309
v 7.0512 		53.4454 		31.077
v 7.7932 		54.4817 		30.093
v 17.1573 		54.6807 		32.0263
v 21.6184 		46.5496 		35.3142
v 7.193 		53.2069 		31.1336
v 7.1935 		53.2065 		31.1341
v 7.7981 		54.2279 		30.1549
v 7.7981 		54.2277 		30.1549
v 14.0088 		57.3241 		32.7901
v 14.0088 		57.3241 		32.7901
v 14.0088 		57.3241 		32.7901
v 13.9631 		57.3312 		32.8162
v 7.7967 		54.2218 		30.1567
v 13.9791 		57.3472 		32.7476
v 14.0088 		57.3241 		32.7901
v 4.8494 		43.8855 		34.3974
v 14.0088 		57.3241 		32.7901
v 14.1099 		57.5225 		32.9384
v 6.4104 		58.4898 		32.5492
v 6.7468 		58.5945 		32.5406
v 13.4102 		57.8657 		32.917
v 21.0853 		48.3714 		34.743
v 21.1269 		48.3803 		34.729
v 17.9629 		54.2103 		32.4392
v 7.1511 		59.6489 		31.3767
v 7.196 		53.2034 		31.1353
v 20.5971 		48.4539 		34.4401
v 13.2984 		57.5691 		32.7663
v 7.1817 		53.1955 		31.0972
v 7.1816 		53.1961 		31.0976
v 17.6277 		54.0616 		32.357
v 6.8067 		60.4789 		31.075
v 20.6303 		48.6028 		34.5647
v 11.8654 		53.5731 		30.2828
v 13.3755 		57.8221 		32.5913
v 7.1759 		53.2189 		31.1135
v 17.5942 		53.8825 		32.3404
v 7.0894 		60.5779 		31.1151
v 21.1022 		48.3622 		34.6967
v 7.7632 		54.2403 		30.0491
v 7.7937 		54.2936 		30.0335
v 20.9744 		48.3008 		34.6308
v 7.7631 		54.2401 		30.0492
v 7.7582 		54.2218 		30.0527
v 16.9879 		54.1859 		32.5869
v 20.8142 		48.275 		34.7121
v 6.2372 		60.7129 		31.3479
v 6.3229 		60.5228 		31.2652
v 13.738 		57.4057 		32.8185
v 21.621 		47.8888 		34.9835
v 17.3184 		53.6636 		32.5468
v 13.3974 		57.5029 		32.7714
v 21.2304 		47.9502 		34.7827
v 17.2404 		54.0005 		32.5489
v 13.2975 		57.3893 		32.6954
v 7.0042 		53.2673 		30.7861
v 6.5377 		60.3495 		31.1151
v 5.0202 		43.6087 		34.2088
v 11.4 		53.3139 		30.6607
v 7.0488 		53.2858 		30.8982
v 7.0034 		53.3344 		30.9045
v 6.8067 		59.7406 		30.855
v 21.46 		47.5543 		34.9393
v 7.0676 		53.2532 		30.8969
v 7.073 		53.2441 		30.8966
v 7.1051 		53.1882 		30.8943
v 21.1461 		47.7841 		34.7694
v 11.021 		53.1496 		30.4875
v 13.7851 		57.4407 		32.6572
v 11.3357 		53.1377 		30.6485
v 7.0377 		53.3271 		30.8967
v 11.0314 		53.2077 		30.5023
v 7.0292 		53.5134 		31.0661
v 7.0273 		53.5211 		31.066
v 8.3004 		54.1569 		30.157
v 6.0441 		60.0915 		31.2343
v 6.3283 		60.284 		31.2468
v 7.0342 		53.3404 		30.8962
v 17.0817 		53.973 		32.484
v 7.0326 		53.3465 		30.896
v 7.0269 		53.3677 		30.8952
v 13.7789 		57.2621 		32.7583
v 4.6216 		43.407 		34.6077
v 7.0324 		53.5024 		31.067
v 20.6992 		47.7963 		34.5448
v 13.7703 		57.3226 		32.6168
v 20.9688 		47.686 		34.7139
v 4.7758 		43.7303 		34.4656
v 20.6742 		47.7269 		34.5178
v 6.5682 		59.7655 		31.0181
v 6.5745 		59.6991 		30.9938
v 12.9656 		57.9126 		32.9241
v 6.7094 		53.3963 		30.8283
v 6.5783 		59.6899 		31.0178
v 11.4801 		52.6563 		30.5391
v 17.2059 		54.2141 		32.0565
v 6.2206 		53.445 		31.0362
v 8.2248 		53.8161 		30.157
v 17.4056 		54.1183 		32.1948
v 5.3254 		59.7513 		31.3298
v 11.7017 		52.7192 		30.5358
v 5.5998 		60.179 		31.3648
v 7.6871 		54.0181 		30.0478
v 7.6895 		54.0271 		30.0459
v 7.6928 		54.0401 		30.0431
v 7.693 		54.0409 		30.0429
v 7.593 		54.0053 		30.0793
v 17.4329 		53.6787 		32.2683
v 5.7217 		59.9473 		31.2595
v 16.9387 		53.9439 		32.0583
v 7.1573 		52.4318 		31.2308
v 20.3764 		48.313 		34.5721
v 6.9939 		59.3888 		31.2613
v 20.4028 		48.2641 		34.5917
v 3.9124 		43.728 		34.3324
v 6.9295 		59.1758 		31.1267
v 16.939 		54.1732 		31.9388
v 16.9301 		54.4897 		31.9041
v 10.8795 		52.944 		30.7378
v 3.9574 		43.6476 		34.304
v 6.6195 		59.5905 		31.2773
v 7.6806 		53.9919 		30.0542
v 6.7717 		59.3176 		31.145
v 7.6512 		54.1429 		30.0962
v 11.3336 		52.7566 		30.7648
v 11.2888 		52.9413 		30.6325
v 14.9072 		56.0368 		31.7937
v 16.5659 		55.9973 		32.3003
v 6.6157 		59.6 		31.2527
v 7.7456 		54.1763 		30.0604
v 7.749 		54.1875 		30.0593
v 6.0278 		52.6154 		31.1379
v 4.7168 		43.5954 		34.2524
v 16.9108 		55.5299 		32.0859
v 6.4318 		52.8316 		30.9407
v 6.7987 		59.2684 		30.7995
v 6.6643 		59.5585 		30.927
v 7.7095 		54.083 		30.0488
v 7.7369 		54.153 		30.0584
v 7.744 		54.1711 		30.0609
v 12.7066 		58.2234 		32.7153
v 12.7031 		58.2326 		32.6628
v 6.6341 		59.6237 		30.9558
v 7.7392 		54.1586 		30.0594
v 7.7436 		54.17 		30.061
v 20.3281 		48.0864 		34.6077
v 6.6302 		59.632 		30.9594
v 16.371 		54.8572 		32.3125
v 7.7431 		54.1681 		30.0612
v 16.5187 		54.8812 		32.3775
v 10.0763 		55.4074 		1
v 12.7031 		58.1763 		32.7562
v 11.2506 		53.8772 		1
v 10.5126 		55.1559 		1
v 10.8685 		54.7999 		1
v 11.12 		54.3636 		1
v 10.0763 		51.8445 		1
v 7.6406 		53.8303 		30.0944
v 11.2506 		53.3744 		1
v 11.12 		52.888 		1
v 6.7631 		59.3452 		30.8333
v 10.8685 		52.4516 		1
v 10.5126 		52.0957 		1
v 7.426 		53.8772 		1
v 7.5565 		54.3636 		1
v 7.8081 		54.7999 		1
v 8.1646 		55.1559 		1
v 9.5904 		55.5379 		1
v 16.344 		55.303 		32.2378
v 8.6003 		55.4074 		1
v 9.0868 		55.5379 		1
v 9.5904 		51.714 		1
v 7.426 		53.3744 		1
v 9.0868 		51.714 		1
v 16.839 		55.0182 		32.4424
v 8.6003 		51.8445 		1
v 8.1646 		52.0957 		1
v 7.8081 		52.4516 		1
v 7.5565 		52.888 		1
v 10.0018 		55.3762 		28.3711
v 6.0957 		52.917 		30.8369
v 10.4364 		55.1244 		28.2747
v 12.706 		58.1614 		32.7729
v 20.3195 		48.022 		34.6596
v 9.9561 		55.1173 		28.4156
v 11.3917 		52.4997 		30.5459
v 20.3002 		48.1039 		34.5946
v 6.7426 		59.3894 		30.8529
v 10.3382 		54.9283 		28.3269
v 7.0253 		53.4785 		30.6582
v 7.03 		53.4423 		30.6482
v 7.0499 		53.3163 		30.6212
v 12.7081 		58.1635 		32.774
v 7.6561 		53.7162 		30.1553
v 7.6525 		53.7353 		30.1433
v 7.6501 		53.7395 		30.136
v 7.6571 		53.7159 		30.1582
v 7.1942 		53.5114 		30.5651
v 7.2069 		53.5257 		30.5604
v 7.7956 		54.2168 		30.1582
v 7.1063 		53.332 		30.754
v 7.1034 		53.337 		30.7542
v 7.6397 		53.7942 		30.1009
v 7.6392 		53.8245 		30.0959
v 7.1028 		53.3382 		30.7542
v 6.5368 		59.6397 		31.143
v 7.7419 		54.7723 		29.1017
v 7.4916 		54.3369 		29.2271
v 11.174 		53.8457 		28.2145
v 7.1179 		53.312 		30.7532
v 11.0432 		54.3322 		28.1937
v 7.1133 		53.32 		30.7535
v 7.9632 		53.8066 		29.1539
v 20.3975 		48.049 		34.4179
v 6.0687 		59.15 		31.1424
v 7.362 		53.8511 		29.3235
v 16.3428 		54.8465 		31.7973
v 16.7886 		54.9195 		31.9762
v 16.6981 		54.9049 		31.94
v 20.3631 		48.1303 		34.5003
v 12.8271 		58.0671 		32.8894
v 20.4224 		48.092 		34.5294
v 10.8771 		54.263 		28.2504
v 10.9839 		53.8422 		28.2703
v 8.0385 		54.164 		29.0886
v 7.0328 		53.3961 		30.628
v 7.1302 		53.4572 		30.5867
v 8.2005 		54.4989 		29.0014
v 20.0775 		47.8518 		34.6738
v 10.792 		54.7679 		28.2145
v 20.014 		47.7207 		34.6581
v 16.4932 		54.9693 		31.9346
v 6.573 		59.5956 		31.186
v 6.5522 		59.6071 		31.1278
v 10.8353 		52.7669 		30.8363
v 12.5485 		58.0161 		32.6661
v 12.5373 		58.4168 		32.7835
v 6.1927 		59.6608 		31.0564
v 10.6057 		52.5546 		30.774
v 15.9596 		55.1956 		31.6843
v 10.7036 		52.6385 		30.7853
v 16.0708 		55.0402 		31.7475
v 4.3321 		58.1579 		33.3954
v 4.7678 		58.0917 		33.2528
v 7.0174 		53.5356 		30.673
v 19.7636 		47.6379 		34.4944
v 7.0053 		53.5793 		30.6704
v 3.9889 		58.2608 		33.5028
v 6.3419 		59.4965 		30.9677
v 7.0331 		53.3793 		30.6189
v 15.7881 		54.8471 		31.6478
v 16.0877 		55.0037 		31.7795
v 10.7238 		53.3608 		30.5616
v 6.5558 		59.6442 		31.0638
v 10.6327 		53.1884 		30.6165
v 15.9741 		54.8797 		31.7234
v 10.6105 		53.0807 		30.5984
v 13.1207 		57.7741 		32.8894
v 10.6057 		53.0351 		30.577
v 12.8852 		57.64 		32.7856
v 12.7333 		57.4454 		32.6584
v 10.655 		54.6362 		28.2703
v 13.191 		57.723 		32.8491
v 12.8733 		57.3843 		32.6207
v 15.5025 		55.4875 		31.8605
v 7.004 		58.8184 		30.9086
v 13.0664 		57.5904 		32.7595
v 15.2323 		55.9087 		31.7768
v 11.0456 		52.8571 		28.3711
v 10.6615 		53.3524 		30.359
v 19.745 		48.4551 		34.0848
v 10.7837 		53.3459 		30.4317
v 15.388 		55.7434 		31.802
v 15.5589 		55.7437 		31.867
v 7.0247 		59.4117 		30.6886
v 7.1383 		58.9946 		30.5376
v 20.2794 		47.9075 		34.3102
v 20.0172 		47.8844 		34.1913
v 15.5381 		55.572 		31.8198
v 10.795 		52.4214 		28.4963
v 20.3699 		48.0665 		34.4036
v 12.8947 		57.5377 		32.7301
v 7.156 		53.2459 		30.7506
v 15.6558 		55.583 		31.5784
v 6.8545 		53.2842 		30.7037
v 10.7472 		53.3121 		30.3839
v 15.4912 		55.7862 		31.5324
v 13.0605 		57.486 		32.6595
v 5.3785 		59.5407 		31.2886
v 10.5924 		52.6634 		28.5263
v 5.447 		59.5306 		31.3209
v 5.9637 		59.5469 		31.3278
v 15.3156 		56.0383 		31.4316
v 12.3949 		57.6483 		32.5916
v 12.4857 		57.7405 		32.6593
v 5.4343 		59.5614 		31.2406
v 5.6763 		59.5994 		31.1652
v 10.2777 		52.4021 		28.6493
v 12.5915 		57.5385 		32.6676
v 7.1852 		53.2498 		30.5672
v 15.6025 		55.5892 		31.6683
v 10.9664 		53.4118 		28.3272
v 13.5511 		57.1529 		32.6593
v 10.83 		53.0081 		28.4156
v 5.7884 		58.9439 		31.0397
v 5.741 		58.9237 		30.995
v 5.7766 		58.973 		30.9641
v 10.4408 		52.0666 		28.6425
v 19.836 		47.807 		34.1563
v 15.0166 		55.6064 		31.6324
v 5.9729 		59.1637 		30.949
v 15.2406 		55.079 		31.7587
v 2.6873 		61.3545 		35.0591
v 9.015 		55.5079 		28.6425
v 2.6684 		61.2142 		35.063
v 6.759 		53.0194 		30.5892
v 15.5206 		55.2537 		31.5063
v 10.846 		52.7714 		30.701
v 6.7379 		53.5274 		30.4189
v 15.2652 		55.1541 		31.6128
v 2.7126 		60.979 		35.0206
v 7.1303 		53.227 		30.4234
v 13.3871 		57.1061 		32.6008
v 9.5169 		55.5073 		28.4963
v 13.8866 		57.2271 		32.6693
v 15.4797 		54.9978 		31.6362
v 13.9112 		57.1963 		32.7079
v 9.1372 		55.155 		28.6493
v 9.5447 		55.1926 		28.5263
v 15.5114 		54.9948 		31.5544
v 20.91 		47.5359 		34.9844
v 2.3824 		61.3832 		35.1941
v 20.8222 		47.3796 		34.9909
v 2.3682 		61.3672 		35.1983
v 2.3812 		61.3841 		35.1891
v 2.3836 		61.3859 		35.1914
v 20.7585 		47.2283 		34.9521
v 4.4486 		57.5839 		33.0532
v 11.5522 		52.1547 		31.285
v 4.4777 		57.6068 		33.0107
v 4.5922 		57.6643 		32.9502
v 15.4758 		54.9289 		31.6063
v 4.7105 		57.7859 		32.9209
v 9.9122 		55.0114 		27.3979
v 6.0658 		53.431 		30.6791
v 15.4346 		54.8684 		31.6751
v 13.8702 		57.2105 		32.739
v 10.0763 		55.4074 		27.3979
v 10.5126 		55.1559 		27.3979
v 10.2516 		54.8159 		27.3979
v 10.5286 		54.5389 		27.3979
v 10.7241 		54.1996 		27.3979
v 4.7752 		57.6851 		33.0781
v 10.8255 		53.8214 		27.3979
v 6.8936 		52.8509 		30.7345
v 11.12 		54.3636 		27.3979
v 4.4937 		57.5907 		33.079
v 11.2506 		53.8772 		27.3979
v 15.4361 		54.8681 		31.568
v 10.8685 		54.7999 		27.3979
v 15.4455 		54.8403 		31.5802
v 15.4773 		54.8497 		31.5567
v 6.8435 		52.8301 		30.604
v 14.3045 		57.7061 		31.4965
v 14.2549 		57.7417 		31.5274
v 7.0686 		52.4042 		30.6453
v 10.0763 		55.4074 		26.0086
v 4.6044 		57.4472 		32.987
v 4.7533 		57.5335 		33.0119
v 11.4727 		52.1218 		31.3568
v 4.5634 		57.4327 		32.9559
v 4.588 		57.4635 		32.9173
v 15.461 		54.8521 		31.5992
v 6.7711 		52.4697 		30.736
v 2.4133 		61.3082 		35.1727
v 11.6626 		52.1191 		31.1732
v 20.8997 		47.2692 		34.6988
v 21.0142 		47.4795 		34.6988
v 15.4859 		54.8394 		31.5295
v 2.3525 		61.3586 		35.1834
v 10.5126 		55.1559 		26.0086
v 9.9122 		55.0114 		26.0086
v 11.7684 		51.9444 		31.1898
v 11.8085 		51.9616 		31.1753
v 11.7907 		51.9661 		31.2296
v 11.9452 		52.0743 		31.3358
v 2.6132 		61.374 		35.1119
v 2.6173 		61.3815 		35.1051
v 13.3731 		57.1518 		31.0564
v 13.3868 		57.2191 		31.1124
v 2.504 		61.2581 		35.0686
v 10.7241 		54.1996 		26.0086
v 20.6226 		46.8314 		34.7827
v 10.8255 		53.8214 		26.0086
v 10.8685 		54.7999 		26.0086
v 11.12 		54.3636 		26.0086
v 11.2506 		53.8772 		26.0086
v 11.9867 		52.0634 		31.2064
v 15.5209 		54.8489 		31.544
v 4.7512 		57.737 		32.8873
v 10.2516 		54.8159 		26.0086
v 10.5286 		54.5389 		26.0086
v 5.1525 		53.2365 		31.0804
v 10.8685 		52.4516 		27.3979
v 10.8255 		53.4302 		27.3979
v 20.2682 		47.1787 		34.748
v 2.4287 		58.2041 		32.8553
v 15.5286 		54.8966 		31.5194
v 2.483 		61.3933 		35.1636
v 3.1323 		58.313 		32.5922
v 2.4809 		61.396 		35.1541
v 10.7241 		53.052 		27.3979
v 14.3549 		56.288 		31.0567
v 2.4862 		61.3987 		35.1588
v 10.5286 		52.7127 		27.3979
v 13.9726 		56.0549 		30.8716
v 10.2516 		52.4359 		27.3979
v 20.3738 		47.4095 		34.7901
v 15.4725 		54.8358 		31.5241
v 11.2506 		53.3744 		27.3979
v 11.12 		52.888 		27.3979
v 20.3981 		47.4786 		34.8177
v 5.1798 		52.5549 		31.172
v 14.4391 		56.108 		31.0347
v 15.399 		54.8619 		31.6603
v 9.9122 		52.2401 		27.3979
v 19.9978 		47.2897 		34.4363
v 20.007 		47.236 		34.4538
v 20.0071 		47.236 		34.4535
v 19.9985 		47.288 		34.4356
v 10.0763 		51.8445 		27.3979
v 10.5126 		52.0957 		27.3979
v 2.3949 		61.3574 		35.1636
v 2.4337 		58.1015 		32.9084
v 2.5984 		57.9019 		32.8743
v 19.9843 		47.3685 		34.4106
v 19.9858 		47.3597 		34.4135
v 19.9863 		47.3611 		34.4105
v 14.8805 		54.9503 		32.4309
v 20.2513 		47.4009 		34.4971
v 19.9662 		47.3323 		34.4138
v 13.2892 		56.3643 		30.8125
v 13.4081 		56.1231 		30.8072
v 2.6829 		58.1104 		32.7465
v 13.8622 		56.2518 		30.9356
v 5.9006 		53.205 		30.75
v 15.0125 		55.0547 		32.5394
v 2.4079 		61.3183 		35.1366
v 2.9151 		58.022 		32.6462
v 13.3171 		56.0798 		30.7672
v 16.3914 		54.4188 		32.4024
v 11.2506 		53.3744 		26.0086
v 11.12 		52.888 		26.0086
v 10.8685 		52.4516 		26.0086
v 10.8255 		53.4302 		26.0086
v 3.0789 		57.6222 		32.6643
v 16.6367 		54.7299 		32.4863
v 16.7352 		54.4642 		32.5507
v 13.4419 		56.0576 		30.755
v 10.7241 		53.052 		26.0086
v 3.1883 		57.3226 		32.5993
v 16.6436 		54.452 		32.5142
v 12.0547 		51.899 		30.8882
v 13.2447 		56.765 		30.8944
v 7.0766 		52.0058 		30.8653
v 2.4954 		57.6097 		32.9152
v 16.6267 		54.6142 		32.5038
v 2.4782 		61.2607 		35.0677
v 16.4466 		54.6264 		32.4169
v 16.3677 		54.7275 		32.3615
v 13.161 		56.5241 		30.806
v 2.4438 		61.2326 		35.0544
v 10.5286 		52.7127 		26.0086
v 10.2516 		52.4359 		26.0086
v 10.0763 		51.8445 		26.0086
v 10.5126 		52.0957 		26.0086
v 9.9122 		52.2401 		26.0086
v 12.6758 		56.571 		30.6687
v 6.7765 		51.6745 		31.0356
v 11.4181 		52.2722 		31.2509
v 2.7396 		57.847 		32.8153
v 12.9068 		56.633 		30.7553
v 16.1684 		54.6225 		32.2864
v 2.7366 		57.6854 		32.828
v 12.3525 		56.1522 		30.456
v 6.831 		51.5977 		30.9149
v 2.7639 		57.4988 		32.8022
v 2.8612 		57.4585 		32.7557
v 20.0091 		47.2237 		34.4578
v 7.02 		51.5129 		30.8997
v 8.4253 		54.8159 		27.3979
v 9.1428 		55.1128 		27.3979
v 8.7643 		55.0114 		27.3979
v 9.5344 		55.1128 		27.3979
v 2.5307 		61.062 		35.0947
v 8.6003 		55.4074 		27.3979
v 9.0868 		55.5379 		27.3979
v 9.5904 		55.5379 		27.3979
v 20.3269 		47.1473 		34.5875
v 20.0359 		47.066 		34.5098
v 12.6811 		56.7243 		30.7277
v 12.6221 		56.7412 		30.7437
v 11.1328 		52.2624 		31.2073
v 16.4484 		54.1144 		32.3615
v 8.1483 		54.5389 		27.3979
v 7.9525 		54.1996 		27.3979
v 7.8511 		53.8214 		27.3979
v 2.6784 		57.5341 		32.8384
v 19.8562 		47.1117 		34.433
v 7.426 		53.8772 		27.3979
v 7.5565 		54.3636 		27.3979
v 7.8081 		54.7999 		27.3979
v 8.1646 		55.1559 		27.3979
v 2.5002 		57.4335 		32.8755
v 11.395 		52.0094 		31.2423
v 2.5002 		57.2695 		32.8153
v 19.9197 		47.4036 		34.5884
v 8.6003 		55.4074 		26.0086
v 9.0868 		55.5379 		26.0086
v 9.5904 		55.5379 		26.0086
v 14.2757 		57.6943 		31.5719
v 16.597 		54.1311 		32.4264
v 14.4231 		57.4902 		31.6517
v 9.5344 		55.1128 		26.0086
v 9.1428 		55.1128 		26.0086
v 19.7636 		47.0426 		34.5665
v 2.6971 		57.3502 		32.7915
v 8.4253 		54.8159 		26.0086
v 13.6413 		57.4027 		32.572
v 20.0792 		46.7178 		34.6759
v 20.5488 		46.7899 		34.8919
v 20.0632 		46.7596 		34.6902
v 20.0807 		46.7498 		34.6427
v 6.115 		52.3852 		31.1204
v 13.3568 		57.6275 		32.5175
v 6.697 		51.9097 		30.8929
v 11.0726 		52.3087 		30.7683
v 8.7643 		55.0114 		26.0086
v 19.691 		46.8308 		34.5125
v 11.3496 		52.1707 		30.9798
v 19.6972 		46.8694 		34.5374
v 19.7194 		46.8652 		34.484
v 7.8081 		54.7999 		26.0086
v 7.5565 		54.3636 		26.0086
v 7.426 		53.8772 		26.0086
v 7.8511 		53.8214 		26.0086
v 8.1646 		55.1559 		26.0086
v 11.3912 		52.3807 		31.0222
v 7.9525 		54.1996 		26.0086
v 16.8387 		54.1625 		32.5276
v 4.7565 		57.2458 		32.7752
v 8.1483 		54.5389 		26.0086
v 6.4089 		52.2218 		30.9751
v 6.8485 		52.0643 		30.7847
v 2.432 		57.158 		32.7657
v 2.83 		57.1758 		32.6809
v 16.8233 		53.9291 		32.3792
v 2.6031 		61.1376 		35.0873
v 19.9852 		47.368 		34.4081
v 16.9277 		53.9469 		32.4217
v 10.8848 		51.2984 		31.3301
v 9.5904 		51.714 		27.3979
v 9.0868 		51.714 		27.3979
v 8.6003 		51.8445 		27.3979
v 8.4253 		52.4359 		27.3979
v 8.7643 		52.2401 		27.3979
v 16.5516 		53.9015 		32.2633
v 11.2129 		51.5051 		31.2658
v 11.2212 		51.633 		31.2628
v 2.6307 		57.2547 		32.774
v 12.9857 		57.4039 		32.2882
v 2.3661 		61.2032 		35.1567
v 6.0195 		51.9228 		31.1397
v 9.5344 		52.1387 		27.3979
v 9.1428 		52.1387 		27.3979
v 11.3031 		51.6128 		31.339
v 2.386 		61.1655 		35.0799
v 8.1646 		52.0957 		27.3979
v 7.8081 		52.4516 		27.3979
v 7.5565 		52.888 		27.3979
v 19.5406 		48.5022 		33.9445
v 8.1483 		52.7127 		27.3979
v 2.4527 		61.1931 		35.1561
v 7.9525 		53.052 		27.3979
v 7.8511 		53.4302 		27.3979
v 7.426 		53.3744 		27.3979
v 11.7053 		52.1986 		30.7203
v 19.427 		48.5633 		34.2568
v 16.3069 		53.8792 		32.1586
v 15.9881 		54.0649 		32.1589
v 8.6003 		51.8445 		26.0086
v 0.1667 		58.3035 		33.8095
v 11.6806 		52.1292 		30.6927
v 12.8926 		57.3066 		32.5368
v 5.2471 		51.9889 		31.3153
v 5.727 		51.7887 		31.237
v 5.7858 		51.7718 		31.2533
v 5.7508 		51.7982 		31.2981
v 1.5377 		58.3121 		33.3186
v 16.2805 		53.97 		32.2235
v 12.7413 		57.6877 		32.1452
v 12.8988 		57.6874 		32.2173
v 9.0868 		51.714 		26.0086
v 1.2414 		57.5999 		33.2018
v 9.5904 		51.714 		26.0086
v 9.5344 		52.1387 		26.0086
v 1.7723 		57.9093 		33.219
v 16.8571 		54.2782 		31.8854
v 9.1428 		52.1387 		26.0086
v 8.7643 		52.2401 		26.0086
v 19.4163 		47.7898 		34.0969
v 12.9309 		57.5706 		32.2155
v 8.4253 		52.4359 		26.0086
v 5.2166 		51.9026 		31.345
v 10.7739 		52.01 		31.2957
v 16.5851 		54.756 		31.8311
v 12.9338 		57.443 		32.2185
v 16.5062 		54.6311 		31.7676
v 12.8879 		57.3991 		32.1865
v 2.335 		61.3293 		35.2083
v 2.3106 		61.3432 		35.2024
v 2.1884 		58.1938 		33.0119
v 1.8506 		58.4171 		33.1015
v 10.6333 		52.1696 		30.8493
v 10.7119 		52.2591 		30.911
v 19.4003 		46.9201 		34.3891
v 2.3454 		61.3432 		35.2
v 2.3338 		58.4224 		32.9161
v 12.1327 		57.3027 		32.3727
v 8.1646 		52.0957 		26.0086
v 1.8476 		58.1169 		33.1946
v 7.8081 		52.4516 		26.0086
v 2.3296 		61.3393 		35.1751
v 7.5565 		52.888 		26.0086
v 2.2484 		57.9209 		33.0294
v 15.8584 		46.07 		35.1588
v 7.426 		53.3744 		26.0086
v 7.8511 		53.4302 		26.0086
v 2.1591 		58.0724 		33.0588
v 10.7611 		51.8649 		30.9807
v 8.8373 		50.4359 		32.0657
v 15.8163 		46.2637 		35.0562
v 15.8685 		46.0742 		35.1493
v 8.7124 		50.1262 		32.2585
v 8.1483 		52.7127 		26.0086
v 15.862 		46.0647 		35.1395
v 7.9525 		53.052 		26.0086
v 2.2237 		58.4678 		32.6287
v 2.3115 		61.3002 		35.1739
v 10.0763 		55.4074 		24.6193
v 8.4796 		50.4219 		32.0236
v 10.5126 		55.1559 		24.6193
v 9.9122 		55.0114 		24.6193
v 8.8863 		50.1167 		32.2298
v 2.3166 		61.3126 		35.2054
v 1.92 		58.3969 		32.7295
v 2.3104 		61.3079 		35.2
v 8.958 		50.1054 		32.1956
v 15.8893 		45.9084 		35.2309
v 2.3083 		61.3165 		35.179
v 12.6298 		57.2775 		32.0061
v 15.9006 		45.7799 		35.2772
v 16.5392 		54.438 		31.7498
v 15.8952 		45.7778 		35.2819
v 2.1514 		58.3115 		32.624
v 15.7439 		45.8446 		35.1656
v 16.085 		54.8044 		31.6938
v 13.9589 		51.0495 		32.3558
v 16.12 		54.6839 		31.6469
v 13.961 		51.003 		32.4065
v 13.9812 		51.043 		32.4543
v 13.9441 		51.1842 		32.4576
v 14.1538 		56.2732 		31.5191
v 15.7567 		45.8143 		35.2481
v 14.2155 		51.0104 		32.5747
v 16.1755 		54.3903 		31.6075
v 14.1152 		51.0214 		32.4377
v 15.7985 		45.7381 		35.2362
v 1.3523 		58.3892 		32.834
v 16.4552 		53.9928 		31.7973
v 10.8685 		54.7999 		24.6193
v 11.12 		54.3636 		24.6193
v 11.2506 		53.8772 		24.6193
v 10.8255 		53.8214 		24.6193
v 14.3057 		50.4531 		31.9954
v 2.2706 		61.2711 		35.1941
v 16.9049 		54.0376 		31.9762
v 2.2679 		61.2702 		35.1914
v 10.2516 		54.8159 		24.6193
v 10.5286 		54.5389 		24.6193
v 10.7241 		54.1996 		24.6193
v 15.8745 		45.6782 		35.3122
v 13.4022 		50.4602 		32.5507
v 16.6631 		54.0136 		31.8798
v 15.8771 		45.6794 		35.3095
v 2.2748 		61.2788 		35.1864
v 16.8165 		54.1598 		31.8904
v 14.3949 		56.5929 		31.557
v 16.6628 		54.218 		31.816
v 15.7991 		45.709 		35.3021
v 16.8132 		54.0287 		31.94
v 14.1553 		51.0676 		31.9634
v 2.3362 		61.2601 		35.1339
v 1.9642 		57.5848 		33.0733
v 13.3467 		57.0482 		32.33
v 9.9122 		55.0114 		23.2296
v 2.1709 		57.4149 		32.9559
v 13.5428 		56.7223 		32.4012
v 13.5538 		56.7997 		32.3899
v 10.0763 		55.4074 		23.2296
v 10.5126 		55.1559 		23.2296
v 13.3589 		56.6285 		32.3431
v 15.8098 		45.6963 		35.2519
v 14.0592 		50.6014 		31.8717
v 11.2506 		53.8772 		23.2296
v 10.5286 		54.5389 		23.2296
v 10.2516 		54.8159 		23.2296
v 2.2605 		61.1706 		35.1636
v 10.7241 		54.1996 		23.2296
v 2.1042 		57.306 		32.9084
v 2.2552 		61.1673 		35.1588
v 9.5759 		50.6556 		31.7662
v 10.8255 		53.8214 		23.2296
v 2.3032 		60.9623 		35.0763
v 1.8696 		57.309 		32.9244
v 9.602 		50.6708 		31.7267
v 10.8685 		54.7999 		23.2296
v 11.12 		54.3636 		23.2296
v 2.2721 		61.0362 		35.1051
v 9.5759 		50.6381 		31.7131
v 2.2994 		60.9662 		35.0591
v 15.8567 		45.666 		35.3166
v 11.2506 		53.3744 		24.6193
v 11.12 		52.888 		24.6193
v 10.8685 		52.4516 		24.6193
v 10.5286 		52.7127 		24.6193
v 1.8696 		57.3093 		32.9244
v 13.5609 		50.5773 		31.4061
v 15.7923 		45.615 		35.3187
v 1.8728 		57.3075 		32.9229
v 13.7655 		50.7841 		31.4262
v 10.2516 		52.4359 		24.6193
v 10.8255 		53.4302 		24.6193
v 10.7241 		53.052 		24.6193
v 3.261 		61.0979 		34.7486
v 2.984 		61.0086 		34.7794
v 13.6878 		50.8315 		31.39
v 15.8252 		45.6307 		35.2938
v 10.0763 		51.8445 		24.6193
v 10.5126 		52.0957 		24.6193
v 9.9122 		52.2401 		24.6193
v 3.277 		61.1065 		34.764
v 1.8533 		57.2944 		32.9019
v 15.8264 		45.6112 		35.3208
v 8.5683 		51.0742 		31.6997
v 15.8884 		53.8407 		31.9785
v 15.7184 		53.9145 		31.9788
v 8.5579 		50.7532 		31.8783
v 3.5007 		60.9582 		34.6489
v 1.8711 		57.306 		32.9218
v 10.8685 		52.4516 		23.2296
v 11.12 		52.888 		23.2296
v 14.3457 		50.4341 		31.6961
v 11.2506 		53.3744 		23.2296
v 10.7241 		53.052 		23.2296
v 10.8255 		53.4302 		23.2296
v 10.5286 		52.7127 		23.2296
v 13.296 		56.9943 		32.2912
v 10.2516 		52.4359 		23.2296
v 13.5211 		56.7635 		32.4516
v 16.306 		53.884 		31.8032
v 16.1984 		54.0925 		31.6469
v 15.8285 		45.6192 		35.3154
v 2.8665 		61.3002 		34.9841
v 2.8606 		61.2892 		34.9951
v 12.9407 		50.6432 		32.4608
v 13.1459 		50.7087 		32.4501
v 1.7551 		57.3573 		32.6243
v 12.9427 		50.5892 		32.295
v 1.7584 		57.3558 		32.6228
v 13.0759 		57.1375 		32.5284
v 13.1112 		57.1776 		32.5548
v 9.9122 		52.2401 		23.2296
v 13.1604 		50.6906 		32.381
v 2.725 		61.0893 		35.0072
v 8.956 		51.1367 		31.5903
v 1.7702 		57.2612 		32.7794
v 13.1937 		50.7156 		32.4226
v 13.2646 		56.9596 		32.5053
v 10.0763 		51.8445 		23.2296
v 10.5126 		52.0957 		23.2296
v 15.1741 		54.2467 		32.5124
v 1.7942 		57.2743 		32.8618
v 15.609 		54.3158 		32.0536
v 2.7585 		61.0359 		34.9989
v 2.755 		61.0703 		34.8898
v 9.0868 		55.5379 		24.6193
v 9.5904 		55.5379 		24.6193
v 12.8021 		51.0326 		32.2066
v 8.6003 		55.4074 		24.6193
v 1.7492 		57.271 		32.7889
v 12.6841 		50.785 		32.1289
v 12.8161 		51.0157 		32.1414
v 9.5344 		55.1128 		24.6193
v 9.1428 		55.1128 		24.6193
v 15.73 		45.6518 		35.2944
v 15.7368 		45.658 		35.3021
v 2.9282 		60.9267 		34.8862
v 8.7643 		55.0114 		24.6193
v 12.8297 		51.0555 		32.1684
v 8.4253 		54.8159 		24.6193
v 15.7496 		45.672 		35.3095
v 7.426 		53.8772 		24.6193
v 7.5565 		54.3636 		24.6193
v 12.7461 		56.8551 		32.0212
v 12.9148 		56.6766 		32.0426
v 13.2471 		56.953 		32.2594
v 15.2634 		54.2432 		32.5599
v 2.763 		60.9591 		34.7928
v 12.6559 		50.8398 		32.2959
v 1.753 		57.2977 		32.6934
v 7.8081 		54.7999 		24.6193
v 7.8511 		53.8214 		24.6193
v 15.7594 		45.5824 		35.3047
v 7.9525 		54.1996 		24.6193
v 8.1483 		54.5389 		24.6193
v 15.1768 		54.2467 		32.5139
v 12.4919 		50.9463 		32.2054
v 8.1646 		55.1559 		24.6193
v 12.5248 		51.1495 		32.1034
v 15.7522 		45.5776 		35.3074
v 8.6003 		55.4074 		23.2296
v 9.0868 		55.5379 		23.2296
v 12.2848 		51.1531 		32.0515
v 15.7514 		45.5785 		35.3122
v 9.5904 		55.5379 		23.2296
v 8.4253 		54.8159 		23.2296
v 1.6459 		57.6465 		33.1801
v 12.6906 		56.7997 		32.257
v 15.7496 		45.5764 		35.3095
v 9.1428 		55.1128 		23.2296
v 8.7643 		55.0114 		23.2296
v 9.5344 		55.1128 		23.2296
v 15.7718 		45.6616 		35.2433
v 15.1736 		54.2886 		32.5863
v 15.1626 		54.2841 		32.572
v 2.6046 		61.186 		34.9969
v 2.5011 		61.092 		34.9669
v 7.426 		53.8772 		23.2296
v 15.3201 		46.0255 		35.047
v 13.1346 		57.1965 		32.279
v 7.5565 		54.3636 		23.2296
v 13.0311 		57.1052 		32.2102
v 8.4686 		51.1261 		31.5962
v 7.8081 		54.7999 		23.2296
v 8.1646 		55.1559 		23.2296
v 12.7253 		57.1559 		32.1067
v 15.5681 		46.089 		35.1173
v 8.1483 		54.5389 		23.2296
v 7.8511 		53.8214 		23.2296
v 12.0882 		50.653 		32.2828
v 7.9525 		54.1996 		23.2296
v 1.6092 		57.4297 		33.0395
v 2.5892 		60.9238 		34.8764
v 9.0868 		51.714 		24.6193
v 8.6003 		51.8445 		24.6193
v 9.5904 		51.714 		24.6193
v 9.5344 		52.1387 		24.6193
v 14.89 		54.7548 		32.4015
v 4.5269 		63.2569 		32.9446
v 15.0333 		54.7421 		32.4771
v 12.5951 		57.1188 		32.4163
v 4.2054 		63.2916 		32.9484
v 12.3937 		57.0474 		32.36
v 8.8676 		50.6435 		31.5475
v 13.2732 		50.1431 		32.5608
v 15.5861 		45.874 		35.2161
v 8.4935 		50.6536 		31.5778
v 8.4535 		50.8042 		31.5487
v 1.4264 		57.6068 		32.7269
v 1.3562 		57.5412 		32.8123
v 12.464 		56.9963 		32.3196
v 4.5453 		63.1935 		32.9173
v 9.1428 		52.1387 		24.6193
v 8.7643 		52.2401 		24.6193
v 15.6639 		45.9754 		35.1659
v 8.4253 		52.4359 		24.6193
v 12.9205 		50.1502 		32.4208
v 8.9702 		50.8247 		31.5389
v 15.6894 		45.9078 		35.0998
v 12.1309 		56.6852 		32.0734
v 15.1721 		54.021 		32.3792
v 7.426 		53.3744 		24.6193
v 15.4791 		53.8869 		32.5299
v 1.4208 		57.511 		32.7818
v 8.1483 		52.7127 		24.6193
v 12.5296 		56.6585 		32.1437
v 9.368 		50.4798 		31.9139
v 13.1717 		50.2469 		32.4884
v 15.4678 		53.6849 		32.5629
v 1.737 		57.3039 		32.7008
v 12.1932 		50.4089 		32.4665
v 9.3193 		50.3828 		31.781
v 9.5281 		50.1974 		31.9035
v 12.3483 		56.8029 		32.1426
v 0.9628 		57.9493 		33.4717
v 1.0812 		58.1958 		33.5079
v 7.9525 		53.052 		24.6193
v 7.8511 		53.4302 		24.6193
v 7.8081 		52.4516 		24.6193
v 7.5565 		52.888 		24.6193
v 12.3465 		50.4486 		32.3985
v 15.4752 		45.8686 		35.0568
v 8.1646 		52.0957 		24.6193
v 15.4719 		54.0406 		32.5507
v 15.7098 		45.7378 		35.1713
v 12.3756 		50.437 		32.4125
v 9.3193 		50.4364 		31.9426
v 0.5179 		58.0277 		33.5948
v 12.8692 		56.6309 		32.2354
v 12.8555 		56.3479 		32.0826
v 9.5344 		52.1387 		23.2296
v 15.2551 		54.0946 		32.4475
v 9.1428 		52.1387 		23.2296
v 13.1005 		56.4283 		32.174
v 8.7643 		52.2401 		23.2296
v 8.4253 		52.4359 		23.2296
v 9.0868 		51.714 		23.2296
v 8.6003 		51.8445 		23.2296
v 9.5904 		51.714 		23.2296
v 4.2149 		63.2041 		32.9051
v 0.0582 		58.1543 		33.7229
v -0.0062 		57.9903 		33.7134
v 7.426 		53.3744 		23.2296
v 7.9525 		53.052 		23.2296
v 7.8511 		53.4302 		23.2296
v 12.4032 		50.4448 		32.3484
v 15.6888 		45.7645 		35.273
v 8.1483 		52.7127 		23.2296
v 12.4412 		50.4178 		32.2861
v 0.1448 		58.1134 		33.6846
v 7.8081 		52.4516 		23.2296
v 8.1646 		52.0957 		23.2296
v 12.946 		56.3097 		32.0734
v 12.3798 		50.432 		32.3923
v 12.9926 		56.2975 		32.0459
v 0.1377 		58.1169 		33.6879
v 12.9626 		56.3257 		32.0046
v 0.3524 		58.0158 		33.5933
v 15.52 		45.8259 		35.0918
v 12.4237 		50.2671 		32.5593
v 7.5565 		52.888 		23.2296
v 4.195 		63.3166 		32.8829
v 4.4178 		63.3219 		32.8007
v 12.6058 		50.1484 		32.3095
v 13.1895 		56.5007 		32.15
v 4.5409 		63.2602 		32.7417
v 9.9122 		55.0114 		21.8403
v 0.0457 		58.079 		33.5687
v 8.8373 		50.3122 		31.6944
v 10.0763 		55.4074 		21.8403
v 10.5126 		55.1559 		21.8403
v 0.0324 		58.0855 		33.5746
v 4.2167 		63.227 		32.8446
v 12.2902 		49.9767 		32.1337
v 10.2516 		54.8159 		21.8403
v 10.5286 		54.5389 		21.8403
v 10.7241 		54.1996 		21.8403
v 12.4269 		50.3739 		32.1675
v 10.8255 		53.8214 		21.8403
v 12.386 		50.3997 		32.1437
v 12.4406 		50.1125 		32.1672
v 10.8685 		54.7999 		21.8403
v 11.12 		54.3636 		21.8403
v 12.5945 		56.4693 		32.0767
v 8.9453 		50.3261 		31.7365
v 15.3388 		45.8941 		35.0959
v 4.1746 		63.2127 		32.8847
v 14.9194 		54.1913 		32.3143
v 0.0024 		58.3717 		33.3806
v 8.4307 		50.4382 		31.9667
v 11.2506 		53.8772 		21.8403
v 15.062 		54.1862 		32.3908
v 12.4248 		50.437 		32.2766
v 15.2038 		45.763 		35.0443
v 10.0763 		55.4074 		20.451
v 9.9122 		55.0114 		20.451
v 0.0472 		58.1528 		33.4316
v 12.4228 		50.3789 		32.1867
v 10.5126 		55.1559 		20.451
v 8.5876 		50.3122 		31.6944
v 12.3362 		56.5959 		32.0518
v 14.9449 		53.8869 		32.2369
v 14.9377 		53.7241 		32.2588
v 13.0187 		50.0959 		31.4381
v 0.3776 		58.0855 		33.2282
v 12.9878 		50.176 		31.45
v 12.2062 		57.1535 		31.7792
v 12.2368 		56.9352 		31.7466
v 12.879 		50.5539 		31.3841
v 8.7124 		49.9841 		31.8302
v 14.9333 		54.1023 		32.2722
v 10.2516 		54.8159 		20.451
v 10.5286 		54.5389 		20.451
v 10.7241 		54.1996 		20.451
v 10.8255 		53.8214 		20.451
v 8.4668 		50.0049 		31.8931
v 11.12 		54.3636 		20.451
v 11.2506 		53.8772 		20.451
v 12.3916 		56.934 		31.8522
v 10.8685 		54.7999 		20.451
v 13.0121 		50.163 		31.3835
v 13.0064 		50.1891 		31.3731
v 0.0401 		58.1564 		33.4352
v 8.8863 		49.9936 		31.859
v 4.2861 		62.9571 		32.8093
v 15.1617 		54.6564 		31.781
v 12.5835 		56.7128 		31.9136
v 12.1039 		50.5085 		31.915
v 11.2506 		53.3744 		21.8403
v 11.12 		52.888 		21.8403
v 10.8685 		52.4516 		21.8403
v 10.5286 		52.7127 		21.8403
v 12.5328 		56.9779 		31.9762
v 12.1564 		50.9689 		31.8634
v 12.3201 		51.1089 		31.8827
v 4.1523 		63.3065 		32.9241
v 15.3658 		54.8014 		31.8095
v 12.2629 		56.7294 		31.7934
v 4.3949 		62.5216 		32.6272
v 8.958 		50.0049 		31.8931
v 15.3755 		54.8026 		31.7848
v 12.157 		50.5675 		31.9524
v 4.763 		62.6465 		32.6895
v 15.4719 		54.8153 		31.5502
v 15.6517 		45.5764 		35.2724
v 15.6496 		45.5791 		35.2819
v 15.4749 		54.8251 		31.5318
v 15.4808 		54.8269 		31.5345
v 15.6464 		45.5744 		35.2772
v 14.055 		49.8672 		31.98
v 3.6125 		60.8956 		34.543
v 14.3258 		49.6605 		32.1203
v 0.9032 		57.8518 		33.4284
v 3.6472 		60.7372 		34.4404
v 3.8744 		60.7574 		34.4188
v 15.5858 		54.8118 		31.5659
v 14.3347 		49.5626 		31.9148
v 14.1292 		49.8266 		31.7762
v 12.8778 		56.3785 		31.9637
v 12.6876 		56.4888 		31.8952
v 3.6467 		60.5607 		34.5014
v 3.6576 		60.4875 		34.4807
v 3.6323 		60.5634 		34.5079
v 7.7811 		50.2386 		31.9836
v 14.0885 		49.3556 		31.9296
v 14.0357 		49.3253 		31.9607
v 15.4473 		45.6438 		35.1947
v 15.4506 		45.6393 		35.1778
v 15.482 		54.8165 		31.5259
v 12.4593 		56.5114 		31.8056
v 14.061 		49.3707 		32.0055
v 15.5179 		45.6046 		35.2232
v 13.9477 		49.6433 		31.9501
v 10.7241 		53.052 		21.8403
v 10.2516 		52.4359 		21.8403
v 0.4224 		58.2531 		33.1739
v 15.2777 		45.7117 		35.1027
v 7.4266 		50.7313 		31.4351
v 12.8532 		49.7652 		32.4736
v 12.9611 		49.4303 		32.5798
v 12.8873 		49.8278 		32.5219
v 10.8255 		53.4302 		21.8403
v 18.8376 		48.5251 		34.1417
v 12.6986 		49.8088 		32.3612
v 10.0763 		51.8445 		21.8403
v 10.5126 		52.0957 		21.8403
v 9.9122 		52.2401 		21.8403
v 3.5647 		60.6789 		34.5679
v 19.179 		48.1475 		34.3028
v 12.76 		49.3974 		32.4943
v 11.2506 		53.3744 		20.451
v 7.4883 		50.3973 		31.4689
v 11.12 		52.888 		20.451
v 10.8685 		52.4516 		20.451
v 10.5286 		52.7127 		20.451
v 3.8768 		60.7268 		34.4315
v 8.0228 		50.1867 		31.42
v 12.4266 		49.8085 		32.2381
v 12.5414 		49.6667 		32.3259
v 10.2516 		52.4359 		20.451
v 12.2584 		49.6869 		32.2722
v 2.294 		57.2197 		32.8259
v 12.391 		56.6508 		31.8189
v 18.7359 		48.3103 		34.1103
v 7.2869 		50.0265 		31.703
v 12.1339 		49.6018 		32.3733
v 12.5625 		56.294 		31.7946
v 12.4957 		56.3067 		31.9723
v 12.6366 		56.0736 		31.8732
v 18.5606 		47.9049 		34.016
v 4.5575 		60.3021 		34.0038
v 18.4339 		47.6551 		33.9955
v 10.8255 		53.4302 		20.451
v 10.7241 		53.052 		20.451
v 7.8321 		50.534 		31.7659
v 2.3344 		56.7036 		32.6435
v 7.9762 		50.3881 		31.797
v 18.9921 		47.7162 		34.2022
v 15.4622 		54.5816 		31.3868
v 2.1626 		56.7863 		32.7204
v 10.0763 		51.8445 		20.451
v 10.5126 		52.0957 		20.451
v 9.9122 		52.2401 		20.451
v 12.6615 		56.0481 		31.8341
v 12.6521 		56.0893 		31.8071
v 7.8051 		50.5675 		31.7801
v 18.4983 		47.6198 		33.8187
v 7.8321 		50.5521 		31.8201
v 12.2715 		49.4173 		32.4881
v 3.867 		60.7366 		34.39
v 8.4253 		54.8159 		21.8403
v 8.7643 		55.0114 		21.8403
v 9.1428 		55.1128 		21.8403
v 1.7595 		57.139 		32.9298
v 9.5344 		55.1128 		21.8403
v 9.0868 		55.5379 		21.8403
v 4.1111 		60.6052 		34.2773
v 7.7425 		50.1935 		31.9729
v 12.5723 		49.2817 		32.5219
v 7.7811 		50.2196 		31.9263
v 3.9456 		60.4507 		34.2088
v 8.6003 		55.4074 		21.8403
v 4.0888 		60.5916 		34.2538
v 9.5904 		55.5379 		21.8403
v 7.9762 		50.4311 		31.9266
v 8.1483 		54.5389 		21.8403
v 7.426 		53.8772 		21.8403
v 7.5565 		54.3636 		21.8403
v 7.8081 		54.7999 		21.8403
v 8.1646 		55.1559 		21.8403
v 15.3527 		54.7711 		31.4713
v 7.9525 		54.1996 		21.8403
v 18.0531 		47.7921 		33.8329
v 13.7552 		50.8826 		31.3459
v 7.8511 		53.8214 		21.8403
v 4.0995 		60.5812 		34.2989
v 13.3402 		57.1242 		31.1216
v 18.0952 		47.7601 		33.8519
v 9.0396 		49.4125 		32.2372
v 9.448 		49.7192 		32.1185
v 13.6668 		56.2512 		31.2115
v 8.4253 		54.8159 		20.451
v 3.8085 		60.305 		34.1868
v 8.7643 		55.0114 		20.451
v 12.8398 		50.7251 		31.148
v 12.9335 		50.5245 		31.2346
v 9.233 		49.7127 		32.0992
v 12.9318 		50.5255 		31.2393
v 12.9318 		50.5254 		31.2393
v 12.9036 		50.5171 		31.2351
v 3.6252 		60.5201 		34.3422
v 9.1428 		55.1128 		20.451
v 9.5344 		55.1128 		20.451
v 13.8094 		56.3186 		31.2794
v 18.8815 		47.3618 		34.0296
v 18.5342 		47.2461 		33.9727
v 9.0868 		55.5379 		20.451
v 8.6003 		55.4074 		20.451
v 15.0742 		54.4923 		31.7937
v 9.5904 		55.5379 		20.451
v 12.8543 		56.6116 		30.8908
v 13.1409 		56.6279 		31.0261
v 13.0896 		56.4945 		30.9926
v 12.5892 		50.4314 		31.2153
v 12.6274 		50.4545 		31.2613
v 9.0369 		49.4698 		32.2087
v 7.8081 		54.7999 		20.451
v 7.5565 		54.3636 		20.451
v 12.6509 		50.4424 		31.1987
v 1.5282 		56.7051 		32.9143
v 18.105 		47.349 		33.8324
v 8.1646 		55.1559 		20.451
v 18.5113 		47.2585 		34.0352
v 18.0955 		47.4039 		33.8573
v 15.3705 		53.881 		31.827
v 7.9525 		54.1996 		20.451
v 8.1483 		54.5389 		20.451
v 15.3144 		53.7947 		31.4052
v 15.5331 		53.9024 		31.4316
v 8.5229 		49.5226 		32.556
v 8.7124 		49.5333 		32.5872
v 7.8511 		53.8214 		20.451
v 18.024 		47.4294 		33.8267
v 3.8649 		60.5124 		34.4019
v 3.8472 		60.2964 		34.3478
v 13.2494 		51.0982 		31.186
v 7.426 		53.8772 		20.451
v 8.9809 		49.5104 		32.5187
v 12.2641 		51.1388 		30.8662
v 9.0868 		51.714 		21.8403
v 8.6003 		51.8445 		21.8403
v 15.337 		53.9952 		31.8717
v 9.5904 		51.714 		21.8403
v 9.5344 		52.1387 		21.8403
v 8.4499 		49.6552 		32.4404
v 19.3146 		47.311 		34.3719
v 8.8507 		49.8156 		32.4089
v 8.9702 		49.8002 		32.362
v 14.9855 		53.7609 		31.5903
v 12.6577 		56.7146 		30.7891
v 11.4057 		50.6693 		32.0429
v 12.1941 		56.4191 		30.5622
v 11.8975 		50.8713 		32.1256
v 1.2532 		56.8507 		33.0395
v 18.8088 		48.5405 		33.5713
v 11.8313 		50.833 		32.1612
v 1.2927 		57.2075 		32.7978
v 18.8842 		48.2305 		33.7042
v 1.2517 		56.8418 		32.7829
v 1.3817 		56.7421 		32.7198
v 12.076 		57.7717 		30.906
v 8.4553 		49.694 		32.0444
v 9.1428 		52.1387 		21.8403
v 8.8507 		49.6786 		31.9975
v 14.9882 		54.7071 		31.323
v 8.9702 		49.694 		32.0444
v 8.7643 		52.2401 		21.8403
v 18.2032 		48.2566 		33.5452
v 8.4253 		52.4359 		21.8403
v 11.8651 		50.5017 		32.3508
v 12.8033 		58.256 		32.5394
v 11.8014 		50.0414 		32.3843
v 8.1483 		52.7127 		21.8403
v 13.0854 		58.318 		32.5629
v 7.9525 		53.052 		21.8403
v 7.8511 		53.4302 		21.8403
v 8.1646 		52.0957 		21.8403
v 7.8081 		52.4516 		21.8403
v 7.5565 		52.888 		21.8403
v 7.426 		53.3744 		21.8403
v 15.0419 		54.6303 		31.277
v 18.3651 		48.2919 		33.5945
v 15.5144 		54.3037 		31.3497
v 1.7601 		56.5832 		32.8087
v 9.5904 		51.714 		20.451
v 8.5229 		49.3882 		32.1512
v 9.0868 		51.714 		20.451
v 8.6003 		51.8445 		20.451
v 18.156 		47.6922 		33.6852
v 8.7643 		52.2401 		20.451
v 15.1424 		53.865 		31.277
v 8.8109 		49.3802 		32.128
v 8.9023 		49.3882 		32.1512
v 15.1421 		54.0453 		31.2207
v 1.185 		56.3883 		32.8173
v 1.3013 		56.3215 		32.7619
v 4.5436 		60.2781 		34.0302
v 1.1696 		56.334 		32.8621
v 1.1352 		56.6273 		33.0134
v 4.5275 		60.0108 		33.9931
v 9.0307 		49.6101 		32.139
v 1.3662 		56.5725 		32.9271
v 11.6056 		50.5646 		32.2042
v 1.2565 		56.4274 		32.9078
v 11.47 		50.128 		32.2253
v 12.7674 		58.2225 		32.5132
v 12.7674 		58.2226 		32.5132
v 12.7674 		58.2226 		32.5132
v 4.2671 		60.2116 		34.1551
v 1.3321 		56.3088 		32.8434
v 17.9101 		48.5177 		33.6838
v 11.6712 		50.3151 		32.2828
v 8.7124 		49.3775 		32.12
v 8.4253 		52.4359 		20.451
v 12.7674 		58.2225 		32.513
v 9.5344 		52.1387 		20.451
v 18.1136 		48.3053 		33.7908
v 12.7372 		58.2525 		32.5875
v 9.1428 		52.1387 		20.451
v 12.7692 		58.2243 		32.5145
v 11.8539 		49.9767 		32.1408
v 8.1646 		52.0957 		20.451
v 7.8081 		52.4516 		20.451
v 7.5565 		52.888 		20.451
v 8.1483 		52.7127 		20.451
v 9.54 		49.2983 		32.532
v 7.9525 		53.052 		20.451
v 7.8511 		53.4302 		20.451
v 3.8934 		60.0375 		34.2915
v 9.5266 		49.2375 		32.3647
v 11.3042 		50.3673 		32.0708
v 19.3896 		49.751 		33.787
v 19.4899 		49.7299 		33.8662
v 19.4391 		49.708 		33.8908
v 0.9403 		57.018 		33.1819
v 0.9599 		56.5182 		32.9253
v 0.2323 		56.9492 		33.361
v 0.7543 		56.6422 		33.1151
v 19.4136 		49.7889 		33.8267
v 18.0204 		48.547 		33.3504
v 11.7776 		50.6097 		31.743
v 19.4629 		49.6949 		33.8252
v 9.1066 		49.1064 		32.5249
v 9.0948 		49.15 		32.5848
v 11.7429 		51.1279 		31.9139
v 0.9338 		56.4716 		32.9743
v 9.1052 		49.1278 		32.5062
v 0.9898 		56.5057 		33.0042
v 7.426 		53.3744 		20.451
v 4.1496 		60.087 		34.1705
v 11.9642 		50.7894 		31.8086
v 3.8171 		55.3685 		32.7266
v 3.8504 		55.4151 		32.753
v 3.8685 		60.2877 		34.3366
v 3.9393 		60.2649 		34.3007
v 10.5126 		55.1559 		19.0616
v 10.0763 		55.4074 		19.0616
v 3.8685 		60.2677 		34.3322
v 9.9122 		55.0114 		19.0616
v 3.8732 		55.3724 		32.7847
v 3.8106 		55.246 		32.6895
v 19.3828 		53.6129 		34.8233
v 3.9693 		55.2342 		32.6085
v 11.7106 		50.9689 		31.6232
v 18.1421 		47.8868 		33.6212
v 18.6837 		53.4957 		34.4199
v 9.069 		49.0869 		32.4237
v 18.6499 		53.6105 		34.5202
v 18.8987 		53.598 		34.6344
v 13.2364 		58.1828 		32.5299
v 9.069 		49.08 		32.4036
v 10.7241 		54.1996 		19.0616
v 10.5286 		54.5389 		19.0616
v 10.8255 		53.8214 		19.0616
v 19.214 		53.5363 		34.7587
v 12.6826 		58.1436 		32.4513
v 3.9328 		55.2434 		32.7945
v 10.2516 		54.8159 		19.0616
v 18.7958 		53.3886 		34.5128
v 3.8453 		60.2686 		34.3425
v 10.8685 		54.7999 		19.0616
v 3.8466 		60.2709 		34.3408
v 11.12 		54.3636 		19.0616
v 3.8625 		60.2896 		34.3396
v 11.2506 		53.8772 		19.0616
v 3.845 		60.2689 		34.341
v 3.845 		60.2689 		34.341
v 19.2179 		53.5239 		34.748
v 2.7375 		55.2306 		33.2884
v 17.208 		48.0143 		33.2729
v 17.4269 		47.645 		33.5693
v 9.3244 		49.0029 		32.4576
v 18.7228 		53.3527 		34.4932
v 17.6609 		47.9594 		33.4355
v 2.3501 		54.9011 		33.6256
v 12.7384 		57.9155 		32.2588
v 2.6423 		54.9319 		33.4791
v 18.377 		53.5743 		34.3879
v 18.6866 		53.6105 		34.4099
v 9.0417 		49.3612 		32.2627
v 2.6239 		55.2119 		33.423
v 12.3163 		58.4726 		32.4771
v 12.2062 		58.3803 		32.4015
v 12.6257 		58.0021 		32.3143
v 18.3915 		53.2827 		34.3443
v 11.1248 		51.046 		31.7872
v 9.0426 		49.3416 		32.2725
v 10.8255 		53.4302 		19.0616
v 10.7241 		53.052 		19.0616
v 10.5286 		52.7127 		19.0616
v 2.9051 		55.1375 		33.316
v 10.2516 		52.4359 		19.0616
v 11.2506 		53.3744 		19.0616
v 11.12 		52.888 		19.0616
v 10.8685 		52.4516 		19.0616
v 8.7124 		49.1044 		32.2511
v 8.7124 		48.8576 		32.3695
v 8.8174 		48.8602 		32.3781
v 18.0593 		47.4629 		33.7413
v 10.0763 		51.8445 		19.0616
v 8.9907 		49.1284 		32.322
v 10.5126 		52.0957 		19.0616
v 9.9122 		52.2401 		19.0616
v 8.9987 		48.8816 		32.4424
v 12.34 		58.1611 		32.3431
v 18.0872 		53.3952 		34.2319
v 17.9534 		53.375 		34.1657
v 8.915 		48.8688 		32.403
v 3.277 		55.1517 		32.9633
v 3.2622 		55.3012 		33.0155
v 3.3138 		55.2 		33.1048
v 18.1198 		47.3911 		33.7911
v 3.2856 		55.3012 		33.0852
v 3.5345 		55.3329 		32.9582
v 11.2778 		51.0285 		31.458
v 3.2666 		55.3403 		33.054
v 18.0293 		47.3754 		33.7997
v 11.3784 		51.1026 		31.4411
v 17.8739 		47.4783 		33.6829
v 18.1225 		53.34 		34.1272
v 3.3307 		55.3101 		32.9799
v 8.6003 		55.4074 		19.0616
v 18.1106 		53.2151 		34.1536
v 9.0868 		55.5379 		19.0616
v 9.5904 		55.5379 		19.0616
v 8.7643 		55.0114 		19.0616
v 8.4253 		54.8159 		19.0616
v 18.1201 		53.1949 		34.1827
v 8.5102 		48.8688 		32.403
v 11.847 		50.2956 		31.9035
v 4.0269 		59.974 		34.1818
v 11.6293 		50.5032 		31.773
v 14.6838 		48.5028 		33.8258
v 14.7212 		48.5058 		33.803
v 11.7403 		50.23 		31.9524
v 18.0967 		53.2151 		34.1948
v 9.5344 		55.1128 		19.0616
v 9.1428 		55.1128 		19.0616
v 14.7159 		48.4471 		33.8582
v 14.7544 		48.4477 		33.8371
v 12.214 		58.0413 		32.2523
v 3.7528 		59.8741 		34.3399
v 14.6794 		48.3225 		33.9261
v 3.1074 		55.319 		33.1359
v 7.8511 		53.8214 		19.0616
v 7.426 		53.8772 		19.0616
v 7.5565 		54.3636 		19.0616
v 7.8081 		54.7999 		19.0616
v 8.1646 		55.1559 		19.0616
v 7.9525 		54.1996 		19.0616
v 3.1346 		55.2816 		33.1623
v 14.7328 		47.9559 		34.1115
v 9.0518 		48.8101 		31.6256
v 15.0493 		47.8592 		34.1391
v 14.9336 		47.6412 		34.1396
v 8.1483 		54.5389 		19.0616
v 9.0957 		48.8039 		31.6715
v 11.5134 		50.4367 		31.8566
v 9.0446 		49.0255 		31.5775
v 17.7947 		53.5613 		34.1061
v 17.7992 		53.5025 		34.1046
v 9.3407 		49.172 		31.6303
v 14.9205 		48.0882 		34.0658
v 17.8537 		53.2421 		33.9934
v 9.1057 		48.7802 		31.6086
v 17.8466 		53.5613 		33.9504
v 9.4305 		48.8804 		31.5579
v 3.5736 		59.737 		34.0539
v 3.7009 		59.7486 		33.9341
v 12.3658 		57.8458 		32.5412
v 12.27 		57.6462 		32.4931
v 12.1721 		57.5424 		32.4163
v 17.8362 		53.1608 		34.0625
v 3.7513 		60.0283 		34.0094
v 10.9738 		50.4866 		31.8889
v 12.3409 		57.7224 		32.5492
v 10.948 		50.3303 		31.4087
v 3.1118 		55.2816 		33.0938
v 12.2243 		57.4703 		32.4576
v 12.3234 		57.4632 		32.516
v 15.7638 		46.3651 		35.0138
v 15.7309 		46.4648 		34.9313
v 3.5552 		55.0203 		33.0205
v 3.2773 		54.9942 		33.1602
v 15.1166 		47.0405 		34.5991
v 15.418 		47.1509 		34.5949
v 9.0868 		51.714 		19.0616
v 8.6003 		51.8445 		19.0616
v 9.5904 		51.714 		19.0616
v 9.5344 		52.1387 		19.0616
v 12.4708 		57.648 		32.0637
v 12.4738 		57.8577 		32.2022
v 15.4263 		47.1405 		34.5546
v 15.259 		47.4635 		34.4211
v 12.4797 		57.7981 		32.1589
v 17.7775 		53.3483 		34.0785
v 15.447 		47.1455 		34.5831
v 10.7276 		50.736 		31.6908
v 10.7546 		50.7025 		31.5612
v 10.63 		51.0323 		31.5487
v 12.6007 		57.8556 		32.1986
v 9.1428 		52.1387 		19.0616
v 8.7643 		52.2401 		19.0616
v 8.4253 		52.4359 		19.0616
v 17.8451 		53.135 		34.0409
v 15.0864 		47.3555 		34.4546
v 3.2213 		54.9767 		32.9654
v 8.1483 		52.7127 		19.0616
v 7.9525 		53.052 		19.0616
v 7.8511 		53.4302 		19.0616
v 7.6868 		49.6119 		32.3101
v 17.8511 		53.1605 		34.0174
v 7.5565 		52.888 		19.0616
v 7.8632 		49.8459 		32.2289
v 7.426 		53.3744 		19.0616
v 8.1646 		52.0957 		19.0616
v 7.8081 		52.4516 		19.0616
v 11.7931 		58.4391 		32.4326
v 11.8912 		58.0662 		32.4056
v 10.6968 		50.4634 		31.7478
v 12.033 		58.2285 		32.5187
v 7.9466 		49.4262 		32.2656
v 3.3102 		55.0031 		32.9188
v 10.0763 		55.4074 		17.6723
v 10.7089 		50.4486 		31.6899
v 9.9122 		55.0114 		17.6723
v 3.0439 		60.6453 		34.8183
v 10.5126 		55.1559 		17.6723
v 10.6953 		50.4041 		31.7374
v 11.8141 		58.4678 		32.3638
v 8.4019 		49.7617 		32.0639
v 14.8425 		47.1882 		34.4668
v 15.0976 		47.1642 		34.5407
v 3.49 		55.0203 		32.8239
v 3.4995 		55.2119 		32.8526
v 2.8535 		54.9589 		33.1605
v 10.7241 		54.1996 		17.6723
v 7.9326 		49.1836 		32.3858
v 10.5286 		54.5389 		17.6723
v 7.9098 		49.2512 		32.5631
v 11.7225 		49.9061 		32.4062
v 10.8255 		53.8214 		17.6723
v 11.4979 		58.0638 		32.1037
v 18.8462 		51.312 		34.7848
v 11.8823 		58.1991 		32.2345
v 11.8453 		58.0016 		32.1337
v 18.9595 		51.2023 		34.8758
v 4.4427 		54.3731 		32.7067
v 18.964 		51.2091 		34.8684
v 4.4086 		54.7581 		32.6032
v 14.9722 		46.94 		34.6356
v 18.7685 		51.385 		34.748
v 10.2516 		54.8159 		17.6723
v 11.2506 		53.8772 		17.6723
v 11.12 		54.3636 		17.6723
v 10.8685 		54.7999 		17.6723
v 11.7649 		49.7071 		32.4979
v 14.8562 		47.1693 		34.4781
v 11.4051 		57.9434 		32.0266
v 18.8397 		51.3135 		34.8041
v 11.3888 		57.9271 		32.0957
v 11.3769 		57.9737 		32.0681
v 3.5143 		60.7651 		34.6127
v 14.9155 		47.1491 		34.4149
v 3.5305 		60.7374 		34.5983
v 18.6386 		51.2951 		34.7379
v 8.2266 		49.0821 		32.4098
v 4.4543 		54.5208 		32.5922
v 3.396 		60.7001 		34.4991
v 8.3681 		48.9961 		32.4442
v 14.5563 		47.0189 		34.5214
v 11.729 		57.8616 		32.0426
v 14.7135 		47.1461 		34.5214
v 11.4757 		57.7293 		32.1064
v 3.9388 		54.3844 		32.9808
v 7.6093 		49.317 		32.4249
v 11.5694 		49.6626 		32.4309
v 7.6452 		49.3167 		32.4635
v 3.8424 		54.5404 		32.9164
v 18.5351 		51.5307 		34.6285
v 9.9122 		55.0114 		16.2827
v 7.6452 		49.2948 		32.3979
v 18.3954 		51.6434 		34.5282
v 4.0034 		54.4725 		32.8957
v 15.5758 		46.8258 		34.7323
v 4.0177 		54.3826 		32.9384
v 10.0763 		55.4074 		16.2827
v 10.5126 		55.1559 		16.2827
v 3.2414 		60.6645 		34.6913
v 7.8125 		48.9626 		32.5133
v 3.2358 		60.6734 		34.5445
v 15.1448 		46.6997 		34.7753
v 3.1809 		60.8636 		34.6457
v 18.5629 		51.4197 		34.6774
v 15.1765 		46.7128 		34.7486
v 4.0998 		54.3286 		32.9093
v 7.5752 		49.8827 		31.649
v 3.7489 		54.7863 		32.6607
v 3.0246 		60.7328 		34.5917
v 7.6334 		49.4045 		31.813
v 18.4577 		51.3402 		34.5436
v 11.12 		54.3636 		16.2827
v 10.8685 		54.7999 		16.2827
v 12.0582 		57.5086 		31.996
v 10.2516 		54.8159 		16.2827
v 15.5093 		46.625 		34.8643
v 3.8204 		54.5422 		32.6088
v 10.8258 		53.8214 		16.2827
v 10.5286 		54.5389 		16.2827
v 12.0526 		49.8153 		32.2066
v 7.8161 		49.7744 		31.6303
v 10.7241 		54.1996 		16.2827
v 3.9135 		54.5419 		32.8802
v 8.0946 		49.5543 		31.6089
v 11.2506 		53.8772 		16.2827
v 11.7711 		49.8459 		32.1734
v 11.8129 		49.6475 		32.2677
v 3.3948 		60.4035 		34.6133
v 11.2506 		53.3744 		17.6723
v 11.12 		52.888 		17.6723
v 10.8685 		52.4516 		17.6723
v 10.5286 		52.7127 		17.6723
v 11.554 		57.2894 		32.0144
v 15.2094 		46.4132 		34.9366
v 15.1344 		46.3494 		34.9286
v 18.4737 		51.2323 		34.5623
v 11.5246 		49.492 		32.2772
v 15.3744 		46.3731 		34.961
v 15.3486 		46.4624 		34.8939
v 8.0848 		49.5306 		31.5473
v 8.1385 		49.5605 		31.5639
v 18.2471 		51.2195 		34.6299
v 10.7241 		53.052 		17.6723
v 10.2516 		52.4359 		17.6723
v 11.4208 		49.4149 		32.4371
v 3.1026 		60.332 		34.6569
v 15.3388 		46.4316 		34.7352
v 18.4283 		51.2501 		34.5353
v 3.1486 		60.4848 		34.4303
v 18.4304 		51.1863 		34.5015
v 18.4342 		51.2213 		34.5181
v 11.1853 		49.6448 		32.1618
v 11.1714 		49.6617 		32.2274
v 3.6045 		54.4695 		32.6607
v 11.4938 		57.7984 		31.9613
v 11.3986 		49.7124 		32.1491
v 3.7083 		54.4725 		32.605
v 7.6037 		49.333 		31.6261
v 11.4181 		49.7774 		32.3267
v 11.1432 		49.6394 		32.1885
v 3.2393 		60.569 		34.4449
v 12.0553 		57.2888 		31.8124
v 18.2064 		51.3014 		34.3805
v 11.7658 		57.5305 		31.9136
v 11.6913 		57.4451 		31.8569
v 10.8255 		53.4302 		17.6723
v 7.7793 		48.9721 		31.7673
v 15.1908 		46.6985 		34.5985
v 4.2042 		54.1652 		32.8784
v 4.4546 		54.1652 		32.7408
v 4.4427 		53.9578 		32.7067
v 15.1848 		46.6502 		34.5846
v 2.8926 		60.8508 		34.9215
v 7.6782 		49.3043 		31.8388
v 17.55 		52.1117 		34.0447
v 15.2587 		46.3524 		34.7023
v 7.9018 		48.7811 		31.9417
v 17.5494 		52.0862 		34.0216
v 10.0763 		51.8445 		17.6723
v 17.8472 		51.9302 		34.2405
v 10.5126 		52.0957 		17.6723
v 9.9122 		52.2401 		17.6723
v 17.8736 		51.9429 		34.2283
v 11.3612 		57.4599 		31.7745
v 11.1177 		57.567 		31.7869
v 2.8027 		60.7609 		34.9215
v 11.2506 		53.3744 		16.2827
v 11.12 		52.888 		16.2827
v 10.8685 		52.4516 		16.2827
v 10.5286 		52.7127 		16.2827
v 14.9846 		46.5846 		34.8094
v 11.357 		49.2844 		32.4
v 3.584 		53.8662 		33.1062
v 11.5869 		48.9902 		32.5507
v 3.8919 		54.1652 		33.046
v 11.476 		49.1631 		32.5287
v 10.2516 		52.4359 		16.2827
v 3.9927 		54.1652 		32.9941
v 11.3737 		49.3295 		32.4276
v 11.3882 		49.3117 		32.3588
v 10.8258 		53.4302 		16.2827
v 9.341 		50.7701 		30.8226
v 10.7241 		53.052 		16.2827
v 2.6675 		60.6473 		34.8749
v 14.9039 		46.5045 		34.7753
v 11.1022 		57.5519 		31.8525
v 11.0764 		57.5768 		31.8139
v 10.0763 		51.8445 		16.2827
v 10.5126 		52.0957 		16.2827
v 11.8432 		49.1708 		32.4884
v 9.9122 		52.2401 		16.2827
v 11.3093 		57.4264 		31.9414
v 11.9236 		49.0504 		32.5608
v 9.524 		50.6248 		30.83
v 8.6003 		55.4074 		17.6723
v 8.7643 		55.0114 		17.6723
v 8.4253 		54.8159 		17.6723
v 9.1428 		55.1128 		17.6723
v 3.7291 		53.8614 		33.0348
v 14.7877 		46.3966 		34.7424
v 9.5344 		55.1128 		17.6723
v 11.3837 		49.9372 		31.5639
v 11.2704 		49.4191 		31.8462
v 10.4455 		58.396 		31.6911
v 11.1373 		49.4704 		31.8127
v 18.0451 		51.8287 		34.3069
v 14.8544 		46.8623 		34.6774
v 17.7271 		51.8204 		34.1091
v 11.2544 		49.7056 		31.711
v 2.7126 		60.7357 		34.7732
v 14.928 		46.9145 		34.6596
v 9.0868 		55.5379 		17.6723
v 9.5904 		55.5379 		17.6723
v 3.9085 		53.8558 		32.9464
v 10.3133 		58.3344 		31.7285
v 10.3524 		57.9861 		31.5185
v 3.8527 		53.7917 		32.9102
v 2.7452 		60.7897 		34.7373
v 17.8603 		51.9269 		34.2002
v 11.1666 		49.3986 		31.6261
v 8.8391 		50.8849 		30.8564
v 11.3671 		49.8785 		31.5473
v 10.3524 		58.0078 		31.4526
v 7.426 		53.8772 		17.6723
v 7.5565 		54.3636 		17.6723
v 10.3883 		57.9855 		31.4796
v 17.5352 		52.0898 		34.0661
v 11.3576 		49.9025 		31.6089
v 8.773 		50.37 		30.9558
v 10.4043 		58.3946 		31.6499
v 14.7387 		46.7608 		34.6596
v 17.534 		52.0189 		34.0005
v 3.9954 		54.0525 		32.982
v 10.4043 		58.3714 		31.7193
v 17.4471 		51.8691 		34.102
v 9.7705 		58.143 		31.697
v 9.0188 		50.4531 		30.9149
v 3.9862 		53.9475 		32.9556
v 11.7942 		49.1868 		31.8762
v 11.7676 		49.2194 		31.9414
v 9.8627 		58.324 		31.789
v 11.8616 		49.1729 		31.932
v 10.0427 		58.2359 		31.722
v 4.0034 		53.8582 		32.8957
v 15.0054 		46.493 		34.5567
v 14.979 		46.3729 		34.6649
v 9.3392 		50.0962 		31.0756
v 9.2122 		50.5272 		30.8997
v 3.5997 		53.7962 		32.726
v 14.8138 		46.3645 		34.6175
v 9.7705 		58.2205 		31.4642
v 10.7371 		48.8069 		32.1452
v 17.6111 		51.4974 		34.2814
v 2.3534 		60.787 		34.9841
v 3.8198 		53.7888 		32.6094
v 2.5868 		60.8998 		34.9906
v 18.1412 		51.6315 		34.3505
v 15.0724 		46.5425 		34.5451
v 10.1854 		58.3403 		31.5683
v 10.7579 		49.767 		31.649
v 10.1445 		58.0896 		31.4399
v 7.8081 		54.7999 		17.6723
v 2.4649 		60.7864 		34.9046
v 8.643 		50.9917 		30.7256
v 7.8511 		53.8214 		17.6723
v 10.1946 		58.3889 		31.5935
v 8.1646 		55.1559 		17.6723
v 14.5756 		46.6033 		34.5991
v 14.6049 		46.5674 		34.4606
v 8.1483 		54.5389 		17.6723
v 4.1072 		53.8614 		32.8399
v 7.9525 		54.1996 		17.6723
v 17.7274 		51.3939 		34.3772
v 10.6475 		49.245 		31.9064
v 8.6003 		55.4074 		16.2827
v 9.0868 		55.5379 		16.2827
v 10.8036 		49.0723 		31.662
v 10.0878 		58.0514 		31.6178
v 9.5904 		55.5379 		16.2827
v 9.5344 		55.1128 		16.2827
v 9.1428 		55.1128 		16.2827
v 8.4253 		54.8159 		16.2827
v 15.2842 		47.4724 		34.3995
v 10.9338 		50.5604 		31.2859
v 15.2682 		47.4519 		34.3763
v 2.4023 		60.7022 		34.9494
v 9.0969 		50.9368 		30.7342
v 2.9952 		54.4452 		33.3957
v 15.1261 		47.3339 		34.3333
v 11.8898 		50.9979 		30.8487
v 9.3131 		51.0095 		30.6957
v 2.9641 		54.1652 		33.4936
v 9.4133 		51.0362 		30.6633
v 3.4158 		53.9578 		33.2362
v 3.1863 		53.8789 		33.3017
v 2.6194 		60.8585 		34.9663
v 9.5634 		51.0937 		30.6527
v 10.7505 		50.8244 		31.0934
v 8.7643 		55.0114 		16.2827
v 8.148 		54.5389 		16.2827
v 7.8511 		53.8214 		16.2827
v 7.9525 		54.1996 		16.2827
v 17.779 		51.4793 		34.3271
v 2.6449 		60.6699 		34.7794
v 14.6987 		47.3959 		34.1361
v 8.3414 		50.7503 		31.0466
v 2.954 		60.5622 		34.8047
v 17.9534 		51.3877 		34.2304
v 14.8772 		47.1455 		34.3016
v 2.9214 		60.5388 		34.7854
v 2.7324 		60.3676 		34.7459
v 8.2604 		50.319 		31.2859
v 2.8155 		60.4465 		34.756
v 17.9487 		51.3417 		34.2091
v 10.1374 		57.8224 		31.4838
v 7.426 		53.8772 		16.2827
v 7.5565 		54.3636 		16.2827
v 7.8081 		54.7999 		16.2827
v 8.1646 		55.1559 		16.2827
v 2.3863 		53.9833 		33.7354
v 13.6531 		48.7211 		33.5639
v 11.9034 		57.2559 		32.2045
v 11.9853 		57.1494 		32.257
v 9.5904 		51.714 		17.6723
v 9.0868 		51.714 		17.6723
v 8.6003 		51.8445 		17.6723
v 9.5344 		52.1387 		17.6723
v 11.7349 		57.163 		32.047
v 17.7132 		51.6514 		34.1061
v 13.7222 		48.6351 		33.2335
v 9.1428 		52.1387 		17.6723
v 2.3744 		53.9077 		33.6998
v 2.938 		53.8267 		33.3673
v 8.7643 		52.2401 		17.6723
v 2.6681 		53.8973 		33.5562
v 2.4762 		60.55 		34.837
v 2.5987 		60.3252 		34.745
v 8.4253 		52.4359 		17.6723
v 11.7376 		57.0779 		32.0734
v 7.8081 		52.4516 		17.6723
v 7.5565 		52.888 		17.6723
v 7.426 		53.3744 		17.6723
v 2.5583 		53.8973 		33.2255
v 7.8511 		53.4302 		17.6723
v 13.3595 		48.6571 		33.0173
v 11.7011 		57.1262 		32.0206
v 8.1646 		52.0957 		17.6723
v 11.7441 		57.1945 		32.0378
v 13.1121 		48.6502 		33.469
v 11.7394 		57.1897 		32.058
v 8.8542 		49.9381 		31.1928
v 12.8712 		48.7066 		33.27
v 11.6608 		56.7469 		31.9886
v 8.1483 		52.7127 		17.6723
v 12.0645 		56.7335 		32.1117
v 7.9525 		53.052 		17.6723
v 3.4363 		54.6436 		33.1122
v 12.9694 		48.6838 		32.9571
v 9.2437 		49.565 		31.2761
v 2.5471 		60.3765 		34.764
v 9.0868 		51.714 		16.2827
v 8.6003 		51.8445 		16.2827
v 9.5904 		51.714 		16.2827
v 9.5344 		52.1387 		16.2827
v 8.9046 		49.6952 		31.2314
v 9.4735 		49.6525 		31.2583
v 3.1901 		54.5184 		32.944
v 11.7969 		57.2476 		31.8127
v 15.0656 		47.1286 		34.3814
v 14.8906 		47.1268 		34.3141
v 9.1428 		52.1387 		16.2827
v 2.9208 		60.6289 		34.5917
v 8.7643 		52.2401 		16.2827
v 2.79 		60.4726 		34.6457
v 2.6814 		60.3564 		34.6626
v 14.8897 		47.1885 		34.3852
v 12.2211 		48.7039 		33.0279
v 11.7311 		57.2378 		31.929
v 11.7634 		57.2562 		31.8996
v 17.6212 		51.221 		34.0379
v 8.4253 		52.4359 		16.2827
v 17.669 		51.399 		34.0379
v 7.8511 		53.4302 		16.2827
v 7.9525 		53.052 		16.2827
v 11.7922 		57.2428 		31.8329
v 8.148 		52.7127 		16.2827
v 8.1646 		52.0957 		16.2827
v 7.8081 		52.4516 		16.2827
v 7.5565 		52.888 		16.2827
v 7.426 		53.3744 		16.2827
v 17.3818 		51.6149 		34.1233
v 3.2269 		59.8767 		34.4152
v 3.1661 		59.9957 		34.4807
v 14.6195 		46.9409 		34.2206
v 17.3596 		51.6226 		34.1121
v 17.4041 		51.3826 		34.2512
v 17.5275 		51.2156 		34.3049
v 10.0763 		55.4074 		14.8933
v 10.5126 		55.1559 		14.8933
v 9.9122 		55.0114 		14.8933
v 14.5602 		47.2935 		34.0349
v 3.4479 		54.3772 		32.6966
v 14.9822 		46.8471 		34.4004
v 8.1587 		51.1065 		31.0454
v 3.3535 		54.6436 		32.8636
v 10.8685 		54.7999 		14.8933
v 11.12 		54.3636 		14.8933
v 10.2516 		54.8159 		14.8933
v 3.3402 		60.1413 		34.5413
v 12.58 		48.671 		32.9045
v 7.5438 		50.5776 		31.1522
v 11.2506 		53.8772 		14.8933
v 10.5286 		54.5389 		14.8933
v 10.8258 		53.8214 		14.8933
v 10.7241 		54.1996 		14.8933
v 16.8361 		48.3121 		33.3041
v 17.2288 		51.3165 		34.1672
v 3.4609 		54.5291 		32.7998
v 16.589 		48.4073 		32.9443
v 2.8778 		59.8542 		34.4766
v 7.432 		50.8206 		30.9896
v 2.8098 		54.3144 		33.03
v 11.7821 		48.693 		32.8185
v 16.9129 		48.2703 		33.0929
v 11.7094 		48.7108 		32.7444
v 11.7542 		48.7238 		32.71
v 2.9089 		60.2101 		34.5051
v 2.8484 		59.8566 		34.4644
v 2.8686 		59.8637 		34.4363
v 11.5946 		57.0058 		31.6561
v 11.6967 		56.9121 		31.5609
v 9.9122 		55.0114 		13.504
v 10.0763 		55.4074 		13.504
v 10.5126 		55.1559 		13.504
v 11.8384 		56.7851 		31.5295
v 10.8685 		54.7999 		13.504
v 2.7573 		54.5003 		33.1751
v 3.1913 		60.3196 		34.3594
v 3.4508 		60.3748 		34.2814
v 7.2626 		51.051 		31.347
v 11.12 		54.3636 		13.504
v 11.2506 		53.8772 		13.504
v 10.8258 		53.8214 		13.504
v 3.0563 		53.9632 		32.9096
v 10.2516 		54.8159 		13.504
v 7.4005 		50.995 		31.35
v 10.5286 		54.5389 		13.504
v 10.7241 		54.1996 		13.504
v 10.9403 		56.9044 		31.6161
v 11.0236 		48.6155 		32.1624
v 11.3618 		56.7558 		31.7525
v 10.8258 		53.4302 		14.8933
v 3.4333 		53.8057 		33.1202
v 17.3804 		51.6446 		34.0741
v 10.7241 		53.052 		14.8933
v 10.5286 		52.7127 		14.8933
v 3.436 		53.8057 		33.119
v 7.7398 		51.1308 		31.132
v 3.1335 		60.0283 		34.3422
v 11.4324 		56.7436 		31.4544
v 10.2516 		52.4359 		14.8933
v 11.2506 		53.3744 		14.8933
v 11.12 		52.888 		14.8933
v 10.8685 		52.4516 		14.8933
v 17.4343 		51.6007 		33.9593
v 11.5243 		56.4713 		31.8367
v 3.3541 		59.7913 		34.3455
v 11.6605 		56.35 		31.8071
v 16.3938 		48.1902 		32.9568
v 17.4029 		51.644 		34.0091
v 3.4384 		59.8948 		34.3594
v 17.4418 		51.6336 		34.0602
v 9.9122 		52.2401 		14.8933
v 7.6346 		50.8217 		31.2744
v 3.4535 		59.877 		34.3482
v 10.0763 		51.8445 		14.8933
v 10.5126 		52.0957 		14.8933
v 8.5799 		51.0504 		31.3521
v 11.2506 		53.3744 		13.504
v 11.12 		52.888 		13.504
v 10.8685 		52.4516 		13.504
v 10.5286 		52.7127 		13.504
v 11.7216 		56.3046 		31.7712
v 7.0544 		50.7814 		32.0459
v 10.2516 		52.4359 		13.504
v 11.9773 		56.4627 		31.8741
v 7.0452 		50.8283 		31.9978
v 10.7241 		53.052 		13.504
v 10.8258 		53.4302 		13.504
v 16.1669 		48.281 		33.0294
v 3.404 		53.7609 		33.0517
v 3.3918 		53.7621 		33.0609
v 10.0763 		51.8445 		13.504
v 10.5126 		52.0957 		13.504
v 9.9122 		52.2401 		13.504
v 15.9465 		48.2018 		32.8301
v 7.0591 		50.8416 		32.0571
v 11.4973 		56.097 		31.6051
v 16.2378 		48.2943 		32.8707
v 6.6367 		50.7277 		32.1185
v 7.025 		50.8007 		32.0153
v 17.4127 		51.6087 		33.9474
v 9.0868 		55.5379 		14.8933
v 9.5904 		55.5379 		14.8933
v 9.5344 		55.1128 		14.8933
v 8.6003 		55.4074 		14.8933
v 9.8378 		48.8881 		32.6865
v 9.8378 		48.865 		32.6174
v 11.7969 		56.3794 		31.4544
v 3.3615 		53.7535 		32.9832
v 17.0624 		51.7214 		33.9587
v 17.0075 		51.6923 		33.9777
v 16.1301 		48.0719 		32.971
v 16.6892 		47.9161 		33.1602
v 3.3811 		53.7496 		32.9897
v 8.4253 		54.8159 		14.8933
v 3.3613 		53.768 		32.9185
v 9.8793 		48.8632 		32.6587
v 8.7643 		55.0114 		14.8933
v 11.9695 		56.1806 		31.5093
v 9.1428 		55.1128 		14.8933
v 6.2526 		50.9279 		32.4214
v 8.148 		54.5389 		14.8933
v 3.3764 		59.9141 		34.274
v 7.8511 		53.8214 		14.8933
v 7.9525 		54.1996 		14.8933
v 16.3683 		48.0505 		33.0122
v 3.5576 		59.7599 		34.2713
v 7.426 		53.8772 		14.8933
v 7.5565 		54.3636 		14.8933
v 7.8081 		54.7999 		14.8933
v 3.0655 		53.8178 		33.0101
v 8.1646 		55.1559 		14.8933
v 17.3777 		51.4862 		33.8662
v 17.356 		51.3871 		33.8525
v 16.3461 		47.9897 		33.0659
v 11.9669 		56.4583 		31.5941
v 17.292 		51.2091 		33.9006
v 3.2358 		53.8104 		32.9197
v 3.2604 		53.8092 		32.9066
v 10.2907 		52.5513 		30.8858
v 17.3145 		51.2601 		33.8745
v 8.6003 		55.4074 		13.504
v 9.0868 		55.5379 		13.504
v 9.5904 		55.5379 		13.504
v 9.5344 		55.1128 		13.504
v 9.1428 		55.1128 		13.504
v 3.2646 		54.008 		32.7812
v 6.4801 		50.8757 		32.0992
v 10.4494 		52.4958 		30.9318
v 16.1723 		48.1401 		32.9188
v 3.4677 		59.8613 		34.3378
v 16.1334 		48.1341 		33.0069
v 8.4253 		54.8159 		13.504
v 10.5289 		52.4585 		30.9422
v 16.3378 		48.0775 		33.0971
v 8.7643 		55.0114 		13.504
v 3.0451 		54.1652 		32.8767
v 6.0812 		50.8333 		32.1882
v 11.193 		56.3856 		31.6392
v 11.1497 		56.4449 		31.6051
v 10.935 		56.2121 		31.4331
v 10.0772 		52.4344 		30.7965
v 3.4247 		59.8684 		34.3105
v 6.6628 		50.3136 		32.3214
v 15.5565 		48.359 		32.7551
v 6.6367 		50.2155 		32.4042
v 3.4855 		59.9794 		34.1103
v 6.6112 		50.2407 		32.443
v 7.8511 		53.8214 		13.504
v 8.148 		54.5389 		13.504
v 10.2326 		52.6711 		30.8001
v 7.9525 		54.1996 		13.504
v 18.28 		53.5156 		32.8942
v 18.662 		53.6058 		33.052
v 7.8081 		54.7999 		13.504
v 8.1646 		55.1559 		13.504
v 6.1088 		50.4492 		32.3807
v 7.426 		53.8772 		13.504
v 7.5565 		54.3636 		13.504
v 3.2993 		53.8077 		32.8859
v 3.3995 		59.9334 		34.1957
v 14.696 		48.488 		33.7683
v 18.3669 		53.5269 		32.6833
v 10.5767 		53.388 		30.4794
v 6.4042 		50.3659 		32.532
v 9.0868 		51.714 		14.8933
v 8.6003 		51.8445 		14.8933
v 19.1499 		53.3234 		33.1596
v 9.5904 		51.714 		14.8933
v 8.4253 		52.4359 		14.8933
v 8.7643 		52.2401 		14.8933
v 3.347 		53.806 		32.8604
v 3.3497 		53.806 		32.8592
v 3.4304 		53.803 		32.8159
v 9.5344 		52.1387 		14.8933
v 18.7658 		53.3691 		32.8779
v 9.1428 		52.1387 		14.8933
v 6.3523 		50.332 		32.3647
v 3.5084 		53.8 		32.7743
v 10.6677 		56.9643 		31.4075
v 7.5565 		52.888 		14.8933
v 8.1646 		52.0957 		14.8933
v 7.8081 		52.4516 		14.8933
v 6.5958 		50.2253 		32.3775
v 3.4808 		53.8012 		32.7892
v 3.4455 		53.8024 		32.8079
v 10.6561 		56.6784 		31.4099
v 10.6588 		57.0112 		31.4556
v 15.3317 		48.4515 		32.6554
v 10.6541 		56.9504 		31.4663
v 8.148 		52.7127 		14.8933
v 7.9525 		53.052 		14.8933
v 7.8511 		53.4302 		14.8933
v 7.426 		53.3744 		14.8933
v 3.3034 		53.8075 		32.8838
v 3.4149 		59.9162 		34.1832
v 15.3951 		48.3551 		32.6474
v 9.0868 		51.714 		13.504
v 8.6003 		51.8445 		13.504
v 9.5904 		51.714 		13.504
v 9.5344 		52.1387 		13.504
v 15.4556 		48.399 		32.6109
v 9.1428 		52.1387 		13.504
v 2.5459 		53.9756 		33.1887
v 2.8098 		54.0166 		33.03
v 2.5352 		54.1652 		33.1573
v 8.7643 		52.2401 		13.504
v 8.4253 		52.4359 		13.504
v 11.2167 		58.4219 		30.8134
v 8.1646 		52.0957 		13.504
v 7.8081 		52.4516 		13.504
v 7.5565 		52.888 		13.504
v 14.728 		48.4322 		33.8012
v 18.7412 		53.2086 		32.987
v 14.5904 		48.1946 		33.7956
v 7.426 		53.3744 		13.504
v 8.148 		52.7127 		13.504
v 2.9454 		53.8229 		33.0745
v 18.3933 		53.1092 		32.7497
v 12.0102 		57.758 		30.8514
v 7.9525 		53.052 		13.504
v 7.8511 		53.4302 		13.504
v 1.7204 		54.8305 		33.9409
v 9.9122 		55.0114 		12.1147
v 1.845 		55.0965 		33.8205
v 15.4936 		46.1023 		34.9117
v 10.0763 		55.4074 		12.1147
v 10.5126 		55.1559 		12.1147
v 11.9992 		57.7325 		30.9178
v 1.9633 		54.8785 		33.8157
v 11.8006 		57.6879 		30.7657
v 15.4758 		46.2329 		34.8723
v 11.6347 		57.5848 		30.852
v 3.4057 		59.8797 		34.2473
v 10.3817 		53.3579 		30.4137
v 0.6802 		54.9174 		34.3876
v 10.4661 		53.5243 		30.3927
v 0.8866 		54.9589 		34.2811
v 10.4648 		53.5215 		30.3926
v 10.4174 		53.4167 		30.3906
v 0.6891 		54.8919 		34.409
v 11.2506 		53.8772 		12.1147
v 10.2519 		54.8159 		12.1147
v 10.5286 		54.5392 		12.1147
v 17.8336 		53.297 		32.6883
v 10.3711 		53.2323 		30.4599
v 10.3274 		53.2508 		30.4273
v 10.3125 		53.2131 		30.4208
v 11.0269 		57.8277 		30.8992
v 17.7553 		53.0968 		32.6186
v 0.4286 		54.8376 		34.5413
v 15.5737 		46.0353 		34.9808
v 10.7244 		54.1999 		12.1147
v 0.4052 		54.8578 		34.5294
v 10.8258 		53.8214 		12.1147
v 0.6742 		54.8919 		34.3642
v 6.9013 		50.6865 		31.4992
v 10.8685 		54.7999 		12.1147
v 11.12 		54.3636 		12.1147
v 18.0207 		53.0214 		32.6859
v 18.0715 		52.9663 		32.6554
v 3.075 		59.8945 		34.3271
v 0.4147 		54.8376 		34.5
v 18.0578 		53.0196 		32.6059
v 10.3524 		53.1214 		30.4266
v 6.7951 		50.246 		31.738
v 2.0751 		54.3393 		33.8854
v 1.8203 		54.4538 		33.9216
v 7.2071 		50.0755 		31.738
v 11.4692 		57.5279 		30.6162
v 10.0763 		55.4074 		10.7256
v 9.9122 		55.0114 		10.7256
v 11.669 		57.6129 		30.7031
v 11.665 		57.6225 		30.7045
v 11.6584 		57.6418 		30.7028
v 11.6577 		57.6401 		30.7072
v 10.5126 		55.1559 		10.7256
v 11.659 		57.6405 		30.7078
v 11.6796 		57.6474 		30.7162
v 17.8146 		52.958 		32.5967
v 10.2516 		54.8159 		10.7256
v 10.5286 		54.5389 		10.7256
v 10.7241 		54.1996 		10.7256
v 10.8255 		53.8214 		10.7256
v 10.8685 		54.7999 		10.7256
v 11.12 		54.3636 		10.7256
v 11.2506 		53.8772 		10.7256
v 6.6335 		50.2772 		31.6588
v 1.742 		54.398 		34.0077
v 1.2642 		54.2788 		34.2841
v 10.8685 		52.4516 		12.1147
v 1.3256 		54.3847 		33.8967
v 1.3123 		54.2829 		33.8567
v 11.2506 		53.3744 		12.1147
v 11.7598 		57.3454 		30.7295
v 11.12 		52.888 		12.1147
v 10.8258 		53.4302 		12.1147
v 10.7244 		53.052 		12.1147
v 10.5286 		52.7127 		12.1147
v 15.3219 		46.1012 		34.8563
v 10.2519 		52.4356 		12.1147
v 4.2229 		59.1978 		33.9293
v 2.0787 		54.0335 		33.8961
v 9.9122 		52.2401 		12.1147
v 4.2291 		59.4241 		34.0343
v 1.9236 		54.1652 		33.9904
v 1.7533 		54.0005 		34.04
v 10.0763 		51.8445 		12.1147
v 10.5126 		52.0957 		12.1147
v 4.4038 		59.3698 		33.9495
v 11.12 		52.888 		10.7256
v 11.2506 		53.3744 		10.7256
v 10.8685 		52.4516 		10.7256
v 10.5286 		52.7127 		10.7256
v 15.4788 		45.9564 		34.9767
v 10.5983 		52.9155 		30.6803
v 10.2516 		52.4359 		10.7256
v 17.1285 		51.8756 		33.7701
v 15.1133 		45.9543 		34.9064
v 2.0407 		53.8659 		33.8125
v 10.7241 		53.052 		10.7256
v 10.8255 		53.4302 		10.7256
v 11.7699 		57.3692 		30.6669
v 10.0763 		51.8445 		10.7256
v 11.7868 		57.3093 		30.6832
v 10.5126 		52.0957 		10.7256
v 9.9122 		52.2401 		10.7256
v 17.1472 		51.6968 		33.7956
v 17.082 		51.6104 		33.6983
v 10.5752 		52.8799 		30.5441
v 17.068 		51.7234 		33.7505
v 17.0609 		51.5051 		33.6775
v 9.0868 		55.5379 		12.1147
v 9.5904 		55.5379 		12.1147
v 8.6003 		55.4074 		12.1147
v 9.1428 		55.1131 		12.1147
v 8.7643 		55.0114 		12.1147
v 15.1922 		46.0145 		34.8978
v 6.01 		50.1944 		31.5579
v 1.3698 		53.9006 		34.1441
v 10.4052 		52.7435 		30.6414
v 15.3554 		45.8737 		35.0161
v 9.5344 		55.1131 		12.1147
v 1.742 		53.9323 		34.0077
v 8.4253 		54.8159 		12.1147
v 16.9829 		51.2759 		33.7265
v 7.426 		53.8772 		12.1147
v 8.148 		54.5392 		12.1147
v 7.9525 		54.1999 		12.1147
v 7.8508 		53.8214 		12.1147
v 1.3054 		53.9 		33.9531
v 10.4865 		52.9962 		30.6491
v 7.8081 		54.7999 		12.1147
v 8.1646 		55.1559 		12.1147
v 15.0905 		46.3026 		34.9037
v 10.5034 		53.0036 		30.6337
v 7.5565 		54.3636 		12.1147
v 10.0347 		57.2995 		31.2147
v 10.0514 		57.877 		31.32
v 8.7643 		55.0114 		10.7256
v 6.6821 		51.1112 		31.9453
v 8.4253 		54.8159 		10.7256
v 9.1428 		55.1128 		10.7256
v 9.5344 		55.1128 		10.7256
v 0.6369 		54.3876 		34.5036
v 15.011 		46.1786 		34.7646
v 0.7303 		54.4911 		34.4529
v 8.6003 		55.4074 		10.7256
v 9.0868 		55.5379 		10.7256
v 9.5904 		55.5379 		10.7256
v 7.8511 		53.8214 		10.7256
v 5.4289 		51.0421 		32.3991
v 0.5722 		54.6774 		34.5122
v 7.9525 		54.1996 		10.7256
v 8.1483 		54.5389 		10.7256
v 7.426 		53.8772 		10.7256
v 7.5565 		54.3636 		10.7256
v 7.8081 		54.7999 		10.7256
v 0.7125 		54.7053 		34.4416
v 8.1646 		55.1559 		10.7256
v 5.9854 		51.1166 		32.5872
v 10.4355 		58.0793 		31.0015
v 10.698 		57.7129 		30.9161
v 10.2966 		52.9763 		30.5316
v 10.8228 		58.3958 		31.2361
v 4.0387 		59.2224 		33.9172
v 3.5665 		59.5036 		34.1705
v 9.5344 		52.1387 		12.1147
v 9.1428 		52.1387 		12.1147
v 8.7643 		52.2401 		12.1147
v 8.4253 		52.4356 		12.1147
v 9.0868 		51.714 		12.1147
v 8.6003 		51.8445 		12.1147
v 9.5904 		51.714 		12.1147
v 3.853 		59.4229 		33.8276
v 16.9746 		51.5093 		32.6492
v 17.1659 		51.3844 		32.7429
v 8.148 		52.7127 		12.1147
v 9.8449 		58.3177 		30.8707
v -0.0685 		54.7364 		34.7735
v 7.8508 		53.4302 		12.1147
v 7.9525 		53.052 		12.1147
v 9.7862 		58.4491 		30.9045
v -0.002 		54.735 		34.7596
v 10.5853 		52.5584 		30.5411
v 7.5565 		52.888 		12.1147
v 16.9948 		51.5645 		32.5952
v 7.426 		53.3744 		12.1147
v 5.6822 		50.8134 		32.2511
v 8.1646 		52.0957 		12.1147
v 7.8081 		52.4516 		12.1147
v 5.9815 		50.9095 		32.1396
v 5.5511 		50.96 		32.2831
v 16.8939 		51.6357 		33.9732
v 0.1448 		54.608 		34.7231
v 9.5904 		51.714 		10.7256
v 9.0868 		51.714 		10.7256
v 8.6003 		51.8445 		10.7256
v 4.5732 		59.08 		33.8036
v 9.5344 		52.1387 		10.7256
v 10.4894 		52.4463 		30.7405
v 10.259 		52.6014 		30.5877
v 14.6898 		46.3118 		34.7311
v 14.7239 		46.0653 		34.7812
v 0.159 		54.3203 		34.7679
v 5.3233 		51.1412 		32.4095
v 9.1428 		52.1387 		10.7256
v 10.4586 		52.4122 		30.7191
v 14.6827 		46.1181 		34.7673
v 8.7643 		52.2401 		10.7256
v 14.8022 		46.0261 		34.8029
v 8.4253 		52.4359 		10.7256
v 8.1646 		52.0957 		10.7256
v 7.8081 		52.4516 		10.7256
v 5.6532 		50.375 		32.4958
v 5.8768 		50.5234 		32.424
v 7.5565 		52.888 		10.7256
v 7.426 		53.3744 		10.7256
v 7.9525 		53.052 		10.7256
v 8.1483 		52.7127 		10.7256
v 0.2581 		54.6822 		34.551
v 7.8511 		53.4302 		10.7256
v 5.983 		50.5622 		32.543
v 5.9584 		50.5352 		32.5118
v 3.0578 		59.5706 		34.2577
v 3.0445 		59.5487 		34.2808
v 3.0685 		59.56 		34.3028
v 5.9628 		50.5486 		32.4762
v 3.1355 		59.6104 		34.3224
v 3.1459 		59.662 		34.226
v 16.7417 		51.3328 		33.8991
v 9.9122 		55.0114 		9.3363
v 5.9213 		50.5495 		32.4231
v 10.0763 		55.4074 		9.3363
v 5.9169 		50.5447 		32.4033
v 10.5126 		55.1559 		9.3363
v 10.8255 		53.8214 		9.3363
v 10.7241 		54.1996 		9.3363
v 10.2516 		54.8159 		9.3363
v 10.5286 		54.5389 		9.3363
v 11.12 		54.3636 		9.3363
v 11.2506 		53.8772 		9.3363
v 10.8685 		54.7999 		9.3363
v 9.8746 		58.3889 		30.6841
v 3.4419 		59.3864 		34.1551
v 0.442 		54.5131 		34.5914
v 14.5783 		46.1919 		34.6614
v 5.4791 		49.9895 		31.8599
v 9.6622 		57.9476 		30.6883
v 5.719 		50.3771 		31.6715
v 0.3963 		54.5131 		34.4529
v 9.9357 		57.9173 		30.5035
v 5.7089 		50.3528 		31.6086
v 14.7108 		46.2856 		34.6294
v 0.0887 		54.2749 		34.5558
v 5.6923 		50.4124 		31.6256
v 0.4648 		54.258 		34.659
v 10.8685 		52.4516 		9.3363
v 10.5286 		52.7127 		9.3363
v 10.2516 		52.4359 		9.3363
v 5.8205 		50.0802 		31.6445
v 5.8183 		50.086 		31.6446
v 10.8255 		53.4302 		9.3363
v 10.7241 		53.052 		9.3363
v 16.8381 		53.6058 		33.6413
v 11.2506 		53.3744 		9.3363
v 11.12 		52.888 		9.3363
v 4.1915 		59.7714 		33.7861
v 5.8209 		50.0826 		31.6488
v 5.8099 		50.1093 		31.645
v 10.7247 		57.3502 		30.7099
v 9.9122 		52.2401 		9.3363
v 10.1021 		52.8672 		30.6435
v 10.2011 		52.9363 		30.6186
v 10.0763 		51.8445 		9.3363
v 0.9436 		54.1652 		34.4523
v 10.5126 		52.0957 		9.3363
v 15.5473 		48.5467 		32.5676
v 10.7235 		57.3606 		30.3575
v 0.73 		53.9368 		34.4582
v 5.8442 		50.1375 		31.7943
v 16.3914 		53.5129 		33.4165
v 16.4617 		53.5868 		33.4554
v 5.8212 		50.0819 		31.6489
v 5.485 		49.9696 		31.7869
v 0.7066 		53.9383 		34.4695
v 14.4101 		48.4281 		33.8291
v 8.4253 		54.8159 		9.3363
v 8.7643 		55.0114 		9.3363
v 9.1428 		55.1128 		9.3363
v 9.5344 		55.1128 		9.3363
v 10.1216 		52.8826 		30.6191
v 8.6003 		55.4074 		9.3363
v 9.0868 		55.5379 		9.3363
v 9.5904 		55.5379 		9.3363
v 10.154 		52.85 		30.6444
v 8.1483 		54.5389 		9.3363
v 14.4225 		48.3916 		33.8481
v 7.8511 		53.8214 		9.3363
v 0.7158 		53.9107 		34.4202
v 6.1862 		48.8092 		32.4368
v 7.9525 		54.1996 		9.3363
v 0.6677 		53.9125 		34.4271
v 7.426 		53.8772 		9.3363
v 7.5565 		54.3636 		9.3363
v 7.8081 		54.7999 		9.3363
v 8.1646 		55.1559 		9.3363
v 16.4623 		53.5129 		33.2038
v 16.6035 		53.5903 		33.2756
v 16.5181 		53.5862 		33.2299
v 0.1688 		54.0824 		34.7958
v 0.1448 		53.7229 		34.7231
v 14.0159 		48.2374 		33.859
v 9.903 		57.8396 		30.7069
v 6.8815 		49.2189 		32.1452
v 6.6685 		48.8377 		32.3517
v 16.503 		53.2335 		33.4479
v 7.0538 		49.1693 		32.031
v 8.7643 		52.2401 		9.3363
v 8.4253 		52.4359 		9.3363
v 9.5344 		52.1387 		9.3363
v 9.1428 		52.1387 		9.3363
v 0.1291 		53.9783 		34.7507
v 9.0868 		51.714 		9.3363
v 8.6003 		51.8445 		9.3363
v 10.0712 		52.4499 		30.6441
v 9.5904 		51.714 		9.3363
v 16.5611 		53.1736 		33.469
v 4.4285 		59.554 		33.6102
v 7.5565 		52.888 		9.3363
v 14.3163 		47.6625 		34.2144
v 16.5484 		53.2649 		33.27
v 7.8081 		52.4516 		9.3363
v 8.1646 		52.0957 		9.3363
v 16.6246 		53.1439 		33.3278
v 6.6602 		49.8073 		31.9554
v 8.1483 		52.7127 		9.3363
v 7.8511 		53.4302 		9.3363
v 7.9525 		53.052 		9.3363
v 7.154 		49.4484 		31.9032
v 0.0837 		54.1794 		34.541
v 7.426 		53.3744 		9.3363
v 12.0206 		56.2999 		30.4115
v 10.0763 		55.4074 		7.947
v 4.6625 		59.1773 		33.7855
v 11.2648 		56.5799 		30.2893
v 9.9122 		55.0114 		7.947
v 11.2962 		56.5544 		30.3166
v 10.5126 		55.1559 		7.947
v 6.7554 		49.5668 		31.5057
v 6.979 		49.4879 		31.5372
v 0.0887 		54.056 		34.5558
v -0.0035 		53.9857 		34.6635
v 11.4098 		56.3568 		31.2403
v 11.2506 		53.8772 		7.947
v 11.12 		54.3636 		7.947
v 10.2516 		54.8159 		7.947
v 10.5286 		54.5389 		7.947
v 10.7241 		54.1996 		7.947
v 10.8255 		53.8214 		7.947
v 10.8685 		54.7999 		7.947
v 11.0429 		56.4004 		31.25
v 4.6026 		59.2969 		33.404
v 4.3359 		59.148 		33.4343
v 11.5261 		56.2275 		31.2684
v 10.0763 		55.4074 		6.5576
v 0.4447 		53.6301 		34.568
v 14.015 		47.8479 		34.0747
v 9.9122 		55.0114 		6.5576
v 0.1068 		53.8525 		34.6101
v 0.4506 		53.6823 		34.4371
v 6.5092 		49.848 		31.9064
v 10.5126 		55.1559 		6.5576
v 4.3611 		59.2921 		33.4631
v 10.2516 		54.8159 		6.5576
v 10.5286 		54.5389 		6.5576
v 14.306 		47.8479 		34.0952
v 10.7241 		54.1996 		6.5576
v 16.562 		52.4436 		33.5719
v 10.8255 		53.8214 		6.5576
v 6.5412 		49.6688 		31.5372
v 11.12 		54.3636 		6.5576
v 11.2506 		53.8772 		6.5576
v 10.8685 		54.7999 		6.5576
v 6.4244 		49.8263 		31.5959
v 0.6725 		54.6911 		34.3188
v 0.6756 		54.6085 		34.3113
v 16.7444 		52.4644 		33.6286
v 4.7058 		59.3704 		33.4835
v 10.5013 		52.1859 		31.1364
v 10.8255 		53.4302 		7.947
v 10.7241 		53.052 		7.947
v 10.3764 		52.0657 		31.0925
v 10.5286 		52.7127 		7.947
v 10.2516 		52.4359 		7.947
v 10.5093 		51.8142 		31.2082
v 14.4035 		48.1157 		33.9661
v 11.2506 		53.3744 		7.947
v 11.12 		52.888 		7.947
v 10.8685 		52.4516 		7.947
v 10.5933 		51.8602 		31.2877
v 6.6747 		48.8644 		31.7902
v 6.1693 		48.8374 		31.8892
v 16.5172 		52.5667 		33.5031
v 10.2554 		57.1099 		31.0282
v 0.6787 		54.4911 		34.2968
v 0.6799 		54.4912 		34.3007
v 10.4322 		52.1242 		31.1237
v 0.6754 		54.4969 		34.3035
v 0.6465 		54.5333 		34.3216
v 9.9122 		52.2401 		7.947
v 0.5811 		54.5323 		34.3567
v 0.68 		54.4911 		34.3007
v 10.0763 		51.8445 		7.947
v 9.9825 		57.0708 		30.9202
v 10.5126 		52.0957 		7.947
v 10.2166 		57.0835 		30.981
v 6.9506 		48.8961 		31.8575
v 10.0211 		56.9151 		30.8523
v 10.0507 		56.9399 		30.8739
v 11.2506 		53.3744 		6.5576
v 11.12 		52.888 		6.5576
v 10.8685 		52.4516 		6.5576
v 10.5286 		52.7127 		6.5576
v 16.6798 		52.9559 		33.474
v 10.0513 		56.9404 		30.8743
v 10.2516 		52.4359 		6.5576
v 7.1012 		49.3155 		31.6804
v 10.7241 		53.052 		6.5576
v 16.6276 		52.9479 		33.4474
v 10.2166 		57.0646 		31.0386
v 10.8255 		53.4302 		6.5576
v 10.0211 		56.8721 		30.9816
v 14.4801 		47.6987 		33.9344
v 10.0763 		51.8445 		6.5576
v 10.5126 		52.0957 		6.5576
v 9.9122 		52.2401 		6.5576
v 14.4599 		47.6465 		33.9044
v 3.9198 		59.5146 		33.7555
v 0.4936 		54.3802 		34.393
v 10.1655 		56.7691 		30.8211
v 10.0213 		56.9138 		30.8557
v 10.0298 		56.9052 		30.8537
v 10.1655 		56.751 		30.8754
v 5.232 		49.5816 		32.0571
v 5.6983 		49.6546 		32.0242
v 8.6003 		55.4074 		7.947
v 9.0868 		55.5379 		7.947
v 8.4253 		54.8159 		7.947
v 8.7643 		55.0114 		7.947
v 10.0211 		56.9139 		30.8557
v 9.1428 		55.1128 		7.947
v 16.6486 		52.9167 		33.4245
v 13.8925 		47.7376 		34.0477
v 9.5344 		55.1128 		7.947
v 0.6733 		54.1308 		34.2016
v 9.5904 		55.5379 		7.947
v 10.1922 		56.7353 		30.8354
v 16.6468 		52.9479 		33.3895
v 16.7035 		52.9256 		33.4527
v 5.5858 		48.7813 		32.4125
v 5.7745 		49.1548 		32.2342
v 8.1646 		55.1559 		7.947
v 7.8081 		54.7999 		7.947
v 0.9789 		53.9187 		34.1293
v 8.1483 		54.5389 		7.947
v 7.426 		53.8772 		7.947
v 7.5565 		54.3636 		7.947
v 7.9525 		54.1996 		7.947
v 4.0642 		59.1889 		33.6582
v 0.6796 		54.032 		34.2212
v 0.6751 		53.9371 		34.2933
v 13.6166 		47.8657 		33.8273
v 13.3346 		47.5546 		33.8243
v 7.8511 		53.8214 		7.947
v 10.0582 		56.9461 		30.8793
v 10.0211 		56.9139 		30.8558
v 4.5083 		59.0177 		33.7962
v 8.4253 		54.8159 		6.5576
v 8.7643 		55.0114 		6.5576
v 9.1428 		55.1128 		6.5576
v 9.5344 		55.1128 		6.5576
v 9.0868 		55.5379 		6.5576
v 8.6003 		55.4074 		6.5576
v 13.8465 		47.6857 		34.0157
v 9.5904 		55.5379 		6.5576
v 10.6953 		56.5677 		31.2162
v 4.7909 		48.838 		32.4151
v 10.3361 		56.5051 		31.1222
v 16.6987 		52.9559 		33.4165
v 5.0276 		48.924 		32.2158
v 5.2513 		48.8181 		32.1862
v 10.5953 		56.4698 		31.3233
v 10.6606 		56.466 		31.3521
v 7.9525 		54.1996 		6.5576
v 8.1483 		54.5389 		6.5576
v 4.4145 		58.9421 		33.7576
v 0.6523 		53.9386 		34.3057
v 7.8511 		53.8214 		6.5576
v 5.2839 		48.8958 		32.3896
v 7.8081 		54.7999 		6.5576
v 7.5565 		54.3636 		6.5576
v 7.426 		53.8772 		6.5576
v 8.1646 		55.1559 		6.5576
v 16.5478 		52.5896 		33.4821
v 10.3239 		56.4924 		31.1756
v 16.4585 		52.5928 		33.4708
v 10.2946 		56.5001 		31.1367
v 9.5344 		52.1387 		7.947
v 9.1428 		52.1387 		7.947
v 10.6986 		56.504 		31.1907
v 5.0499 		48.9795 		32.3597
v 8.7643 		52.2401 		7.947
v 8.4253 		52.4359 		7.947
v 16.4766 		52.5878 		33.4132
v 9.0868 		51.714 		7.947
v 8.6003 		51.8445 		7.947
v 4.373 		58.8511 		33.6704
v 9.5904 		51.714 		7.947
v 4.3783 		58.8472 		33.6671
v 14.4122 		46.8406 		34.4612
v 14.3688 		46.8 		34.4597
v 14.3949 		46.7507 		34.4849
v 8.1483 		52.7127 		7.947
v 7.9525 		53.052 		7.947
v 7.8511 		53.4302 		7.947
v 16.4867 		52.6171 		33.4479
v 0.6944 		53.9053 		34.3577
v 10.2996 		52.3899 		30.9689
v 16.5353 		52.5617 		33.4462
v 0.6455 		53.9119 		34.3618
v 5.458 		49.4357 		31.9403
v 5.4031 		49.9506 		31.848
v 4.3745 		58.8516 		33.6701
v 5.469 		49.9642 		31.7934
v 4.3727 		58.8513 		33.6692
v 0.9949 		54.0207 		34.0447
v 14.4664 		46.5093 		34.586
v 16.1752 		52.7204 		33.2439
v 4.3069 		58.8534 		33.563
v 14.1268 		46.5562 		34.4173
v 4.3291 		58.8511 		33.628
v 14.333 		46.388 		34.5496
v 0.3758 		54.0436 		34.3921
v 0.3711 		54.1023 		34.3772
v 10.4782 		56.3112 		31.0504
v 7.5565 		52.888 		7.947
v 7.426 		53.3744 		7.947
v 8.1646 		52.0957 		7.947
v 7.8081 		52.4516 		7.947
v 10.6119 		56.1854 		31.0341
v 1.9001 		54.9082 		33.6746
v 14.3321 		46.3568 		34.5374
v 14.3733 		46.4951 		34.4401
v 9.0868 		51.714 		6.5576
v 8.6003 		51.8445 		6.5576
v 9.5904 		51.714 		6.5576
v 9.5344 		52.1387 		6.5576
v 1.8209 		55.1268 		33.7994
v 4.246 		58.9875 		33.5129
v 1.8758 		55.1357 		33.7713
v 15.8819 		53.1208 		33.1323
v 1.8776 		55.1045 		33.736
v 1.8969 		55.1045 		33.7941
v 9.1428 		52.1387 		6.5576
v 15.9406 		53.1208 		32.9562
v 8.7643 		52.2401 		6.5576
v 8.4253 		52.4359 		6.5576
v 8.1483 		52.7127 		6.5576
v 7.9525 		53.052 		6.5576
v 1.8257 		55.0965 		33.7632
v 7.8511 		53.4302 		6.5576
v 4.2988 		58.8772 		33.5138
v 16.274 		53.5746 		33.0991
v 14.128 		47.053 		34.2888
v 2.2934 		54.9011 		33.4568
v 4.5961 		58.6933 		33.5894
v 4.3976 		58.52 		33.5346
v 2.0621 		54.5398 		33.5506
v 1.9764 		54.7872 		33.6167
v 9.949 		57.2069 		30.4726
v 15.7451 		52.9434 		33.0357
v 10.1089 		57.2149 		30.5898
v 9.8814 		56.832 		30.3558
v 8.1646 		52.0957 		6.5576
v 7.8081 		52.4516 		6.5576
v 7.5565 		52.888 		6.5576
v 7.426 		53.3744 		6.5576
v 6.9007 		50.6684 		31.1694
v 7.0956 		51.0979 		31.2978
v 10.5268 		52.0806 		30.8428
v 10.4212 		52.0109 		30.8808
v 13.9984 		46.9415 		34.2734
v 10.0763 		55.4074 		5.1683
v 2.0567 		54.7314 		33.7858
v 9.9122 		55.0114 		5.1683
v 14.063 		47.4401 		34.1743
v 2.1327 		54.5398 		33.7632
v 10.5126 		55.1559 		5.1683
v 7.1632 		50.9315 		30.9896
v 10.2768 		51.9103 		30.9172
v 10.2516 		54.8159 		5.1683
v 10.5286 		54.5389 		5.1683
v 10.7241 		54.1996 		5.1683
v 10.8255 		53.8214 		5.1683
v 4.4937 		58.7202 		33.582
v 10.8685 		54.7999 		5.1683
v 11.12 		54.3636 		5.1683
v 11.2506 		53.8772 		5.1683
v 4.4178 		58.8798 		33.3551
v 10.0763 		55.4074 		3.7787
v 9.9274 		51.8445 		30.9116
v 9.9122 		55.0114 		3.7787
v 9.8755 		51.9975 		30.8547
v 10.5126 		55.1559 		3.7787
v 6.7824 		50.0746 		31.345
v 14.193 		47.2197 		34.0382
v 9.9336 		56.2607 		30.6577
v 6.974 		50.5067 		31.1652
v 10.2516 		54.8159 		3.7787
v 10.5286 		54.5389 		3.7787
v 10.7241 		54.1996 		3.7787
v 10.8255 		53.8214 		3.7787
v 14.1758 		47.403 		33.8745
v 14.3335 		47.1301 		34.0806
v 1.952 		54.3393 		33.5147
v 10.2086 		52.3007 		30.9318
v 10.8685 		54.7999 		3.7787
v 11.12 		54.3636 		3.7787
v 10.0819 		56.2883 		30.5758
v 11.2506 		53.8772 		3.7787
v 2.0995 		54.4704 		33.5268
v 10.8685 		52.4516 		5.1683
v 11.12 		52.888 		5.1683
v 11.2506 		53.3744 		5.1683
v 10.1507 		56.4642 		30.3006
v 10.5286 		52.7127 		5.1683
v 2.3436 		54.4781 		33.6627
v 10.2516 		52.4359 		5.1683
v 10.8255 		53.4302 		5.1683
v 10.7241 		53.052 		5.1683
v 4.2019 		58.8573 		33.4868
v 4.3232 		58.903 		33.4515
v 4.327 		58.8988 		33.4485
v 15.8104 		52.8274 		33.0306
v 4.3258 		58.8979 		33.45
v 9.3048 		48.6867 		32.6112
v 15.9219 		52.8399 		33.0119
v 10.119 		52.1601 		30.774
v 9.9122 		52.2401 		5.1683
v 9.906 		51.3367 		30.8781
v 10.0763 		51.8445 		5.1683
v 14.2404 		56.0261 		31.5538
v 10.5126 		52.0957 		5.1683
v 14.3546 		55.7894 		31.5191
v 1.6709 		54.4496 		33.7564
v 10.8255 		53.4302 		3.7787
v 10.7241 		53.052 		3.7787
v 10.5286 		52.7127 		3.7787
v 15.8418 		52.8639 		33.057
v 10.2516 		52.4359 		3.7787
v 11.2506 		53.3744 		3.7787
v 11.12 		52.888 		3.7787
v 10.8685 		52.4516 		3.7787
v 15.9975 		52.5988 		33.1226
v 1.952 		53.9914 		33.5147
v 10.4598 		51.3067 		30.8929
v 13.5229 		54.985 		31.8136
v 13.5235 		54.9491 		31.8525
v 13.5454 		54.9491 		31.7869
v 8.7124 		48.6324 		33.0834
v 9.9122 		52.2401 		3.7787
v 8.9239 		48.6206 		33.0481
v 10.0763 		51.8445 		3.7787
v 10.5126 		52.0957 		3.7787
v 15.3575 		53.3088 		32.8942
v 13.9916 		55.0123 		32.0957
v 14.0147 		55.0123 		32.0266
v 8.501 		48.6206 		33.0481
v 8.6003 		55.4074 		5.1683
v 8.4253 		54.8159 		5.1683
v 8.7643 		55.0114 		5.1683
v 9.1428 		55.1128 		5.1683
v 9.5344 		55.1128 		5.1683
v 14.0162 		55.0538 		32.0681
v 9.6898 		51.264 		30.9164
v 9.0868 		55.5379 		5.1683
v 9.5904 		55.5379 		5.1683
v 2.1119 		53.8626 		33.7775
v 2.1054 		53.8608 		33.7804
v 7.8511 		53.8214 		5.1683
v 7.9525 		54.1996 		5.1683
v 8.1483 		54.5389 		5.1683
v 13.9494 		46.668 		34.2888
v 14.1357 		46.5446 		34.3728
v 14.1123 		46.533 		34.3956
v 7.426 		53.8772 		5.1683
v 7.5565 		54.3636 		5.1683
v 7.8081 		54.7999 		5.1683
v 15.4892 		53.0099 		32.9384
v 8.1646 		55.1559 		5.1683
v 14.3226 		55.0547 		32.2677
v 2.1063 		53.8629 		33.7802
v 10.1178 		51.7902 		30.9383
v 10.2103 		51.2842 		31.2275
v 8.4253 		54.8159 		3.7787
v 8.7643 		55.0114 		3.7787
v 9.1428 		55.1128 		3.7787
v 9.5344 		55.1128 		3.7787
v 2.106 		53.8626 		33.7802
v 12.7805 		54.8406 		31.4657
v 12.8001 		54.8406 		31.407
v 15.4708 		53.5396 		32.6705
v 15.6974 		53.6093 		32.734
v 8.6003 		55.4074 		3.7787
v 9.0868 		55.5379 		3.7787
v 2.0511 		53.8217 		33.6485
v 9.5904 		55.5379 		3.7787
v 12.8273 		54.8806 		31.4553
v 13.1429 		54.8922 		31.5817
v 14.4448 		46.8003 		34.3052
v 14.2932 		46.6698 		34.3271
v 2.0588 		53.8217 		33.7054
v 7.426 		53.8772 		3.7787
v 7.8511 		53.8214 		3.7787
v 7.9525 		54.1996 		3.7787
v 8.1483 		54.5389 		3.7787
v 7.5565 		54.3636 		3.7787
v 7.8081 		54.7999 		3.7787
v 8.1646 		55.1559 		3.7787
v 15.2391 		53.5337 		32.8479
v 14.4451 		54.7548 		32.4056
v 9.1428 		52.1387 		5.1683
v 8.7643 		52.2401 		5.1683
v 8.4253 		52.4359 		5.1683
v 15.1214 		53.5939 		32.8491
v 14.1639 		54.2467 		32.2965
v 13.231 		47.2876 		33.8077
v 13.2399 		47.3256 		33.8291
v 9.5344 		52.1387 		5.1683
v 14.2045 		54.4858 		32.3048
v 9.0868 		51.714 		5.1683
v 8.6003 		51.8445 		5.1683
v 9.5904 		51.714 		5.1683
v 14.4326 		54.2571 		32.4395
v 1.9796 		53.7434 		33.5977
v 1.7676 		53.8763 		33.7045
v 10.3103 		52.2891 		30.7126
v 10.2486 		52.2511 		30.7405
v 7.9525 		53.052 		5.1683
v 7.8511 		53.4302 		5.1683
v 7.8081 		52.4516 		5.1683
v 7.5565 		52.888 		5.1683
v 13.9135 		54.8118 		32.1064
v 7.426 		53.3744 		5.1683
v 8.1646 		52.0957 		5.1683
v 14.2265 		54.8242 		32.0794
v 14.3709 		54.6169 		32.1227
v 15.4343 		53.3088 		32.6637
v 8.1483 		52.7127 		5.1683
v 14.1861 		54.2444 		32.0043
v 8.4253 		52.4359 		3.7787
v 9.5344 		52.1387 		3.7787
v 9.1428 		52.1387 		3.7787
v 14.4187 		48.3391 		33.6728
v 8.7643 		52.2401 		3.7787
v 15.305 		53.0719 		32.8437
v 14.4866 		48.402 		33.6796
v 4.0132 		58.6897 		33.7099
v 9.0868 		51.714 		3.7787
v 8.6003 		51.8445 		3.7787
v 4.0132 		58.6897 		33.7099
v 4.0132 		58.6897 		33.7099
v 4.0132 		58.6897 		33.7099
v 9.5904 		51.714 		3.7787
v 4.0132 		58.6897 		33.7099
v 7.5565 		52.888 		3.7787
v 7.426 		53.3744 		3.7787
v 13.6196 		54.2239 		32.0064
v 7.8081 		52.4516 		3.7787
v 15.1243 		53.1131 		32.7589
v 8.1646 		52.0957 		3.7787
v 2.0392 		53.8629 		33.5589
v 8.1483 		52.7127 		3.7787
v 7.9525 		53.052 		3.7787
v 13.7501 		54.2722 		31.9937
v 13.7246 		54.2435 		32.0376
v 7.8511 		53.4302 		3.7787
v 2.0336 		53.8629 		33.5618
v 3.9773 		58.7182 		33.7303
v 13.7311 		54.2708 		31.9868
v 15.1561 		53.0831 		32.7714
v 10.0763 		55.4074 		2.3893
v 10.5126 		55.1559 		2.3893
v 14.0304 		48.3091 		33.7858
v 9.9122 		55.0114 		2.3893
v 13.7178 		54.2435 		32.058
v 14.0352 		48.305 		33.7888
v 15.2667 		53.0161 		32.8159
v 14.034 		48.3047 		33.7885
v 4.0363 		58.7582 		33.5289
v 9.825 		52.1153 		30.7491
v 10.8685 		54.7999 		2.3893
v 11.12 		54.3636 		2.3893
v 10.2516 		54.8159 		2.3893
v 15.148 		53.1528 		32.7497
v 13.8661 		54.2346 		32.1381
v 11.2506 		53.8772 		2.3893
v 10.5286 		54.5389 		2.3893
v 7.5684 		48.7377 		32.7648
v 10.7241 		54.1996 		2.3893
v 14.3902 		53.8869 		32.5709
v 15.3738 		53.0579 		32.8752
v 14.3976 		53.7241 		32.5486
v 10.8255 		53.8214 		2.3893
v 14.2597 		53.6755 		32.4576
v 10.5393 		50.739 		31.5843
v 10.4619 		50.876 		31.5034
v 10.5087 		50.7345 		31.5443
v 3.9684 		58.7659 		33.5651
v 2.0351 		53.8294 		33.6224
v 11.2506 		53.3744 		2.3893
v 11.12 		52.888 		2.3893
v 10.8685 		52.4516 		2.3893
v 10.8255 		53.4302 		2.3893
v 10.5506 		50.7251 		31.53
v 1.9426 		54.1652 		33.4859
v 14.4098 		54.0984 		32.0061
v 10.7241 		53.052 		2.3893
v 14.1075 		48.2878 		33.6876
v 14.1016 		48.2958 		33.6811
v 15.1753 		53.1846 		32.7198
v 15.1534 		53.1938 		32.7076
v 10.5286 		52.7127 		2.3893
v 14.3958 		54.1862 		32.0479
v 2.2012 		53.8552 		33.4723
v 3.7113 		58.6387 		33.7395
v 10.2516 		52.4359 		2.3893
v 10.0763 		51.8445 		2.3893
v 10.5126 		52.0957 		2.3893
v 9.9122 		52.2401 		2.3893
v 13.8673 		54.0892 		32.2443
v 1.4742 		54.0255 		33.7727
v 15.3236 		53.0217 		32.6367
v 1.6468 		53.9323 		33.7208
v 13.856 		53.8869 		32.2775
v 9.3774 		48.666 		31.6445
v 9.3537 		48.7232 		31.7943
v 15.2949 		53.0125 		32.737
v 8.6003 		55.4074 		2.3893
v 9.0868 		55.5379 		2.3893
v 8.4253 		54.8159 		2.3893
v 14.0796 		48.248 		33.5701
v 10.5016 		49.5454 		31.3912
v 3.8177 		58.3676 		32.3015
v 9.5904 		55.5379 		2.3893
v 8.7643 		55.0114 		2.3893
v 4.4534 		58.0496 		31.9981
v 9.1428 		55.1128 		2.3893
v 3.6733 		58.6339 		33.7185
v 14.0761 		48.2528 		33.5672
v 13.9566 		54.7797 		31.9406
v 9.5344 		55.1128 		2.3893
v 15.17 		53.1502 		32.6854
v 3.6976 		58.652 		33.6829
v 7.426 		53.8772 		2.3893
v 7.5565 		54.3636 		2.3893
v 7.8081 		54.7999 		2.3893
v 7.8511 		53.8214 		2.3893
v 9.3765 		48.6678 		31.6491
v 9.3584 		48.6753 		31.6464
v 14.4712 		54.4303 		31.5191
v 9.3743 		48.6629 		31.6512
v 9.3767 		48.6677 		31.6491
v 3.7353 		58.6001 		33.6496
v 3.7489 		58.5868 		33.7069
v 3.7121 		58.5797 		33.6843
v 8.1646 		55.1559 		2.3893
v 7.9525 		54.1996 		2.3893
v 3.7323 		58.4026 		32.0788
v 8.1483 		54.5389 		2.3893
v 15.0875 		53.4085 		32.7657
v 14.0912 		48.2578 		33.596
v 9.3494 		48.679 		31.645
v 13.5813 		54.7145 		31.9414
v 13.6418 		54.7014 		31.7745
v 10.0623 		49.7815 		31.6638
v 9.5904 		51.714 		2.3893
v 9.0868 		51.714 		2.3893
v 8.6003 		51.8445 		2.3893
v 9.5344 		52.1387 		2.3893
v 9.1428 		52.1387 		2.3893
v 4.1835 		58.0911 		32.1185
v 8.7643 		52.2401 		2.3893
v 13.6157 		48.3406 		33.7733
v 13.7635 		48.4477 		33.7434
v 8.4253 		52.4359 		2.3893
v 13.867 		48.5313 		33.649
v 8.1646 		52.0957 		2.3893
v 7.8081 		52.4516 		2.3893
v 7.5565 		52.888 		2.3893
v 2.9991 		58.8374 		32.6848
v 2.421 		58.8869 		32.9226
v 13.7712 		54.2693 		31.8685
v 2.4954 		59.3787 		32.8847
v 13.7792 		54.2598 		31.8554
v 9.7595 		50.8609 		31.1388
v 3.8053 		57.3822 		32.3122
v 13.4292 		48.1617 		33.7078
v 9.9372 		50.874 		31.0786
v 13.4805 		48.2187 		33.7434
v 15.3951 		52.7346 		32.9959
v 3.8836 		57.5759 		32.1909
v 13.7866 		54.2506 		31.8433
v 4.1574 		57.6788 		32.0901
v 13.7993 		54.2435 		31.8127
v 2.4773 		59.2292 		32.9072
v 2.4572 		59.3686 		32.7966
v 7.426 		53.3744 		2.3893
v 8.1483 		52.7127 		2.3893
v 13.3882 		54.4292 		31.8709
v 7.9525 		53.052 		2.3893
v 2.4919 		59.441 		32.8488
v 3.0928 		59.2153 		32.6326
v 7.8511 		53.4302 		2.3893
v 13.7925 		54.2435 		31.8332
v 15.412 		52.7708 		32.747
v 15.4147 		52.7361 		32.7915
v 4.0346 		57.5062 		32.1197
v 15.4165 		52.7337 		32.7898
v 9.7105 		50.3721 		31.347
v 23.0035 		59.5321 		35.1624
v 23.0062 		59.5291 		35.1597
v 23.0056 		59.5333 		35.157
v 4.1639 		57.4463 		32.0586
v 13.7095 		48.2243 		33.3249
v 15.6624 		52.9152 		32.8405
v 22.6043 		59.8578 		35.068
v 22.7864 		59.8198 		35.122
v 22.7876 		59.8118 		35.128
v 4.4341 		58.146 		31.7925
v 4.6862 		58.3655 		31.8833
v 10.3738 		49.4722 		31.345
v 4.7067 		58.413 		31.8385
v 4.6572 		58.3774 		31.8074
v 4.6661 		57.9046 		31.6537
v 22.6811 		59.7124 		35.0316
v 22.916 		59.7465 		35.1597
v 22.924 		59.7332 		35.1547
v 7.8976 		48.7395 		31.8759
v 14.0111 		53.6849 		31.8124
v -0.0753 		58.9311 		33.9878
v 7.9356 		48.6817 		31.932
v 14.421 		53.8869 		31.9717
v 10.3023 		51.1643 		31.334
v 13.8919 		54.0382 		31.7403
v 22.9501 		59.6418 		35.1793
v 10.1113 		50.9709 		31.0602
v 22.989 		59.6495 		35.1727
v 14.0995 		47.7429 		33.6695
v 13.9663 		47.6465 		33.6965
v 15.221 		52.9799 		32.85
v 15.1955 		52.912 		32.7634
v 13.3568 		53.6971 		31.9652
v 4.0918 		58.073 		31.8839
v 4.0639 		58.3768 		31.9699
v 14.443 		48.0674 		33.7787
v 0.5132 		59.8687 		33.628
v 4.1408 		58.4714 		31.9723
v 0.5417 		59.8815 		33.7036
v 1.1568 		59.7299 		33.4471
v 0.5307 		59.9349 		33.6772
v 10.305 		51.0451 		31.0454
v 10.3257 		50.995 		30.9149
v 6.4057 		48.7232 		31.8548
v 13.5908 		47.8897 		33.5547
v 13.8747 		54.169 		31.792
v 15.2616 		52.7512 		32.6687
v 13.5363 		47.8452 		33.5589
v 10.5363 		50.6637 		31.2349
v 15.2572 		52.7135 		32.7061
v 15.1931 		52.7426 		32.6331
v 4.0544 		57.7216 		31.8207
v 3.678 		57.5655 		31.8587
v 3.614 		57.4617 		31.813
v 13.4915 		54.0765 		31.5609
v 13.5063 		54.2159 		31.6662
v 0.4678 		59.8993 		33.7345
v 0.4423 		59.9103 		33.668
v 0.453 		59.9533 		33.7099
v 22.9555 		59.667 		35.1455
v 22.9513 		59.6721 		35.1493
v 22.9596 		59.6596 		35.1422
v 22.9202 		59.6718 		35.1336
v 13.5021 		53.8869 		31.5295
v 13.4918 		47.9001 		33.7715
v 4.2917 		57.3813 		31.6715
v 1.5401 		59.6362 		33.2003
v 8.8702 		48.6485 		32.4955
v 13.4793 		53.6188 		31.5977
v 13.4915 		53.6971 		31.5609
v 15.2222 		52.9075 		32.6862
v 10.313 		51.1516 		31.285
v 12.6672 		54.7272 		31.4381
v 6.9031 		48.7517 		32.222
v 1.3235 		58.9391 		33.3625
v 3.3529 		58.1964 		32.1589
v 12.7977 		54.589 		31.5348
v 13.0982 		54.4075 		31.7163
v 22.8677 		59.5825 		35.1612
v 9.6661 		50.0989 		32.0562
v 9.7058 		50.0523 		32.0459
v 9.6661 		50.0796 		31.9978
v 3.1658 		58.2881 		32.2425
v 3.1889 		57.8915 		32.1574
v 13.1607 		54.6225 		31.528
v 13.167 		54.4075 		31.5093
v 22.9045 		59.5425 		35.1458
v 22.9798 		59.5816 		35.1695
v 22.9976 		59.5428 		35.165
v 1.5682 		59.6243 		33.275
v 1.6955 		58.8152 		33.2056
v 2.4631 		58.0962 		32.3932
v 13.0578 		53.8869 		31.8367
v 15.0775 		52.7307 		32.6566
v 14.9775 		52.7183 		32.6059
v 2.3952 		57.9861 		32.3442
v 15.0383 		52.8915 		32.6827
v 9.7743 		49.3559 		32.443
v 2.7443 		57.9882 		32.2639
v 2.8976 		57.9191 		32.1974
v 2.3089 		59.0949 		32.9766
v 2.2851 		59.425 		32.9743
v 5.9605 		48.6562 		32.4792
v 9.7126 		49.8592 		31.4992
v 2.6885 		58.1128 		32.3795
v 1.3603 		59.2731 		33.1353
v 1.8144 		59.1278 		33.1819
v 13.3577 		47.6616 		33.8006
v 22.9027 		59.5798 		35.0847
v 2.2537 		59.4481 		32.8945
v 1.734 		59.1613 		32.9707
v 13.0795 		53.6295 		31.7712
v 2.2685 		59.5 		32.9437
v 13.0795 		54.1447 		31.7712
v 22.7048 		59.6466 		35.0268
v 10.0344 		48.7564 		31.9441
v 12.7743 		54.1331 		31.6051
v 10.0285 		48.9887 		31.9064
v 10.057 		49.2696 		31.8468
v 3.2895 		57.6103 		32.559
v 3.4265 		57.7874 		32.4062
v 22.9614 		59.3921 		35.128
v 13.8679 		47.5798 		33.7772
v 22.9656 		59.3942 		35.1167
v 12.7624 		53.7131 		31.6392
v 15.0582 		52.6857 		32.6047
v 22.9668 		59.3855 		35.122
v 2.3293 		58.5954 		32.9372
v 9.9194 		49.304 		31.3912
v 10.0813 		48.8611 		31.5745
v 13.5621 		48.1178 		33.3551
v 10.1777 		48.8846 		31.5372
v 13.4594 		48.0371 		33.4488
v 2.2312 		58.9819 		32.7459
v 3.5036 		57.4374 		32.4611
v 2.2908 		58.7499 		32.6664
v 13.1851 		53.6295 		31.4544
v 9.6945 		49.7373 		31.2506
v 15.0653 		52.6925 		32.602
v 22.8902 		59.5253 		35.0888
v 3.4114 		57.7895 		32.0595
v 9.8105 		49.3565 		32.4045
v 9.7743 		49.3342 		32.3778
v 9.7592 		49.4449 		32.3214
v 3.0896 		57.6934 		32.0373
v 22.7342 		59.4932 		35.1155
v 22.7547 		59.4582 		35.1027
v 9.5127 		53.5619 		29.8569
v 9.5412 		53.553 		29.88
v 13.2358 		48.3833 		33.5639
v 9.739 		48.7036 		32.6613
v 22.5287 		59.4253 		35.0514
v 1.2755 		58.6327 		33.0235
v 13.9957 		55.4611 		31.2124
v 22.6203 		59.6228 		35.0669
v 10.2753 		48.6155 		32.1452
v 2.539 		57.5916 		32.1725
v 2.4346 		57.2944 		32.2143
v 14.1906 		55.5361 		31.0056
v 13.2821 		48.2371 		33.3065
v 2.6482 		57.7221 		32.1654
v 2.6257 		57.341 		32.1256
v 22.7894 		59.1397 		35.0265
v 22.8718 		59.2206 		35.0597
v 22.8707 		59.2334 		35.0511
v 16.8203 		52.1787 		33.7567
v 13.417 		55.6844 		31.1551
v 13.3387 		55.9084 		31.1237
v 13.3153 		56.0054 		31.0863
v 3.1999 		57.3179 		31.8952
v 3.2966 		57.5231 		31.9198
v 12.7689 		48.1466 		33.4189
v 13.0732 		47.8414 		33.6336
v 9.4922 		53.501 		29.869
v 9.4946 		53.5082 		29.8675
v 22.087 		59.8812 		34.88
v 22.3679 		59.8966 		34.974
v 16.4597 		52.1144 		33.6114
v 21.9212 		59.8933 		34.8023
v 22.4945 		59.872 		35.0069
v 9.4994 		53.5177 		29.861
v 10.3061 		53.2089 		30.4326
v 21.8052 		59.805 		34.7071
v 9.4997 		53.518 		29.8604
v 9.4875 		53.4803 		29.8675
v 9.4887 		53.4874 		29.869
v 22.4088 		59.7655 		35.0043
v 3.7611 		56.8121 		32.2428
v 4.0307 		56.9741 		32.1965
v 10.3111 		53.2098 		30.4202
v 3.7089 		57.1073 		32.3505
v 10.3098 		53.2061 		30.4187
v 16.3541 		51.8261 		33.6932
v 12.4732 		48.0282 		33.2261
v 12.7624 		47.9028 		33.3364
v 0.9575 		59.3927 		33.3133
v 13.988 		55.1214 		31.2041
v 0.5506 		59.5178 		33.7099
v 4.3863 		56.8267 		32.026
v 16.6714 		51.8495 		33.7567
v 1.0325 		59.3618 		33.509
v 9.5074 		53.5188 		29.8658
v 4.4768 		57.0844 		31.9898
v 16.7779 		51.8187 		33.5865
v 22.7633 		59.5475 		35.0004
v 22.4296 		59.5807 		34.896
v 4.104 		57.1758 		32.1731
v 13.2002 		48.542 		33.0499
v 13.1287 		48.5005 		33.0882
v 22.5984 		59.4205 		34.9002
v 16.3579 		52.395 		33.3246
v 16.3392 		52.3036 		33.3174
v 9.5077 		53.5188 		29.8658
v 12.7108 		48.1961 		33.1682
v 12.7301 		48.5159 		33.0184
v 14.2481 		55.2555 		30.9964
v 22.4157 		59.573 		34.9912
v 0.4722 		59.4152 		33.4987
v 22.787 		59.4719 		35.0164
v 16.4671 		51.7958 		33.3424
v 10.0629 		53.0561 		30.8363
v 13.5007 		54.9192 		30.9929
v 13.3236 		55.082 		30.8834
v 13.4301 		54.9803 		30.96
v 13.4419 		55.2635 		30.9588
v 0.4375 		59.619 		33.5654
v 16.0747 		51.9848 		33.5049
v 4.268 		56.5805 		31.9898
v 13.7735 		55.2905 		31.0917
v 9.4866 		53.4747 		29.8649
v 9.4866 		53.4696 		29.861
v 15.7795 		52.1357 		33.2937
v 12.389 		48.5239 		32.9262
v 22.5815 		59.328 		35.0135
v 22.3993 		59.0922 		34.9126
v 22.6215 		59.245 		35.0111
v 16.2227 		52.2941 		33.4651
v 3.697 		56.5568 		32.0966
v 22.4349 		59.1064 		34.8198
v 0.5055 		59.5451 		33.7288
v 13.5309 		54.923 		30.9187
v 9.4866 		53.4693 		29.8607
v 9.4866 		53.4696 		29.8607
v 13.8074 		55.1134 		30.8125
v 3.6875 		56.5609 		32.0723
v 22.6476 		59.363 		34.9506
v 0.7564 		58.5452 		33.6488
v 12.3815 		48.4281 		33.173
v 13.6982 		55.4382 		30.755
v 13.6754 		55.5349 		30.7176
v 3.6605 		56.5277 		32.0058
v 9.5148 		53.3183 		29.885
v 0.544 		59.0017 		33.6683
v 0.7748 		58.8089 		33.5586
v 16.3123 		52.3493 		33.4927
v 12.5393 		48.3705 		33.0392
v 9.4747 		53.4165 		29.8545
v 4.6708 		57.2099 		31.8187
v 22.2134 		59.6415 		34.8198
v 4.5041 		57.196 		31.9468
v 22.3643 		59.479 		35.0007
v 13.5199 		55.922 		30.7061
v 10.0686 		53.0008 		30.7159
v 10.0674 		52.9986 		30.7161
v 9.5385 		53.431 		29.9025
v 21.8681 		59.5582 		34.7937
v 9.769 		52.6714 		30.7752
v 16.0432 		52.0518 		33.4307
v 0.45 		59.0406 		33.4227
v 9.7699 		52.7382 		30.8935
v 22.0143 		59.1468 		34.848
v 16.1028 		52.0782 		33.3655
v 12.2837 		48.2116 		33.1703
v 12.2341 		48.4017 		33.1128
v 22.3118 		59.2595 		34.953
v 12.9288 		55.9006 		30.8591
v 4.4617 		57.0153 		31.4262
v 0.0855 		58.6078 		33.3474
v 21.9446 		59.3158 		34.848
v 16.0486 		52.0503 		33.4337
v 9.6346 		53.329 		29.9144
v 9.9908 		52.9164 		30.7309
v 12.1733 		48.3166 		33.0938
v 12.7784 		55.4201 		30.8437
v 10.0407 		52.9705 		30.7211
v 10.0665 		52.9985 		30.7161
v 10.0671 		52.9992 		30.716
v 13.0887 		54.8922 		30.8105
v 9.8527 		52.7666 		30.7578
v 9.8207 		52.7319 		30.7641
v 22.3881 		59.2455 		34.7955
v 22.3661 		59.3227 		34.7735
v 4.109 		56.7175 		31.5081
v 3.6946 		56.6807 		31.7193
v 12.2721 		48.1671 		33.1445
v 9.7888 		52.6991 		30.7699
v 21.9885 		59.4197 		34.6543
v 9.7074 		52.6465 		30.7814
v 3.8166 		57.0628 		31.6371
v 22.1698 		59.4013 		34.7017
v 9.7742 		52.6894 		30.7713
v 12.1549 		48.2774 		33.0623
v 4.2084 		56.4829 		31.9468
v 9.4925 		53.4687 		29.8429
v 12.2982 		48.1941 		33.1018
v 22.5254 		58.8525 		34.8524
v 12.356 		48.2833 		33.0499
v 22.5278 		58.8321 		34.8663
v 9.5035 		53.4984 		29.8349
v 16.0575 		52.056 		33.4248
v 9.5174 		53.5719 		29.8521
v 22.1173 		59.0694 		34.8162
v 9.5157 		53.561 		29.8471
v 16.1266 		52.064 		33.2732
v 9.5053 		53.5156 		29.8432
v 16.0996 		52.0815 		33.3471
v 22.2848 		58.612 		34.7385
v 13.0715 		55.1019 		30.7838
v 13.1943 		55.1369 		30.8372
v 16.1189 		52.0313 		33.2154
v 12.1374 		48.3465 		32.9876
v 0.6042 		58.6769 		33.1866
v 1.0524 		58.6253 		33.0463
v 12.8908 		55.8775 		30.5809
v 16.1723 		52.0144 		33.2454
v 22.1164 		59.0622 		34.6744
v 12.2955 		48.4044 		32.971
v 9.4753 		53.4984 		29.8414
v 13.0632 		55.7793 		30.5364
v 10.1736 		53.0196 		30.4741
v 22.2249 		58.8054 		34.6937
v 12.4762 		55.6126 		30.6794
v 4.2042 		56.4013 		31.5541
v 21.8091 		58.9472 		34.4953
v 13.2174 		55.4189 		30.5254
v 10.2424 		53.1394 		30.4452
v 21.8245 		58.7363 		34.6563
v 4.7387 		62.2651 		32.3309
v 20.6974 		59.7151 		34.333
v 20.7152 		59.7222 		34.2865
v 12.1881 		48.2985 		33.0235
v 16.1183 		52.0663 		33.2676
v 20.7164 		59.7528 		34.3188
v 9.5329 		53.4032 		29.7489
v 16.1135 		52.0331 		33.2124
v 21.7806 		59.7949 		34.7702
v 13.2058 		55.1849 		30.591
v 13.2554 		55.2763 		30.5711
v 12.8122 		55.1161 		30.3884
v 21.0124 		59.772 		34.4102
v 9.4789 		53.4239 		29.8471
v 9.4747 		53.4138 		29.8521
v 10.1405 		52.9746 		30.477
v 9.5619 		53.4527 		29.8524
v 10.1239 		52.9434 		30.4812
v 4.5498 		61.9201 		32.3751
v 12.6719 		54.9942 		30.6073
v 10.1017 		52.9652 		30.5737
v 12.747 		47.6877 		32.6409
v 12.6909 		47.667 		32.5925
v 12.6556 		55.1443 		30.7117
v 12.1994 		47.6839 		32.6824
v 12.6782 		47.6975 		32.6732
v 21.5973 		59.2236 		34.7124
v 21.6839 		59.3556 		34.7041
v 10.13 		52.9971 		30.5672
v 4.731 		61.835 		32.1817
v 4.0933 		56.4363 		31.921
v 21.5837 		59.2808 		34.6905
v 12.3679 		54.8933 		30.2416
v 4.6055 		61.4838 		32.1547
v 16.8687 		51.2566 		33.7128
v 16.7201 		51.4746 		33.5004
v 10.1039 		52.969 		30.5726
v 4.6569 		61.4983 		32.1061
v 21.662 		59.3565 		34.5374
v 21.7619 		59.1023 		34.4573
v 12.2623 		54.8631 		30.4278
v 16.6946 		51.404 		33.5197
v 4.6693 		61.4681 		32.1853
v 16.6685 		51.345 		33.55
v 4.7242 		61.2468 		31.9981
v 4.1651 		56.4102 		31.8881
v 4.6749 		61.2195 		32.0429
v 13.2183 		46.8611 		33.0318
v 4.7722 		61.0857 		32.0239
v 3.5885 		56.6018 		31.8133
v 21.2096 		59.1533 		34.5419
v 9.5975 		53.2338 		29.7489
v 3.6377 		56.5212 		31.9477
v 4.7592 		61.1169 		31.9423
v 21.0705 		59.5439 		34.4905
v 8.8424 		53.4942 		29.904
v 3.6134 		56.5502 		31.8824
v 14.1615 		54.5653 		31.2842
v 21.6887 		58.9961 		34.7192
v 13.2966 		46.3643 		33.1857
v 3.5977 		56.598 		31.8373
v 3.6807 		58.7496 		32.3784
v 4.1927 		58.7152 		32.0832
v 21.2773 		58.9403 		34.5875
v 3.9595 		58.7864 		32.2312
v 3.8142 		58.8647 		32.2031
v 21.2366 		59.053 		34.5745
v 8.4244 		53.3277 		30.0788
v 8.4292 		53.324 		30.0772
v 8.4333 		53.321 		30.0808
v 8.4366 		53.3183 		30.0781
v 8.4332 		53.319 		30.0758
v 8.4333 		53.3188 		30.0758
v 13.1168 		46.3444 		33.3076
v 21.7343 		58.9163 		34.6905
v 3.6039 		56.5333 		31.9625
v 8.4329 		53.3146 		30.0762
v 8.4307 		53.3106 		30.0772
v 4.2016 		58.5049 		32.1256
v 4.2024 		58.639 		32.1156
v 8.4336 		53.3167 		30.0758
v 8.4335 		53.3162 		30.0758
v 8.4336 		53.3168 		30.0758
v 13.2153 		46.66 		33.0585
v 13.8937 		54.7347 		30.8247
v 4.0325 		56.129 		31.8806
v 3.5876 		58.4889 		32.4119
v 14.2244 		54.5683 		30.9736
v 14.2558 		54.5475 		31.0039
v 16.3541 		51.4147 		33.3744
v 14.2021 		54.5671 		31.005
v 4.1719 		58.6591 		32.0352
v 21.3802 		58.7416 		34.5419
v 8.8738 		53.2572 		29.904
v 21.4039 		58.698 		34.5074
v 21.4807 		58.7372 		34.5407
v 21.4813 		58.5381 		34.5039
v 8.4244 		53.299 		30.0803
v 14.4044 		54.5223 		31.0231
v 3.5671 		56.2948 		31.7875
v 8.444 		53.2098 		30.1007
v 8.5015 		53.1902 		30.1102
v 16.2618 		51.4393 		33.6615
v 15.9474 		51.5102 		33.5049
v 8.4793 		53.1976 		30.1048
v 16.2832 		51.5864 		33.7137
v 3.4057 		59.1017 		32.4955
v 8.5039 		53.1949 		30.1214
v 3.2367 		59.2355 		32.5311
v 8.5102 		53.1896 		30.1161
v 3.0863 		58.7419 		32.3727
v 3.2649 		59.172 		32.4599
v 10.022 		52.8955 		30.6218
v 20.6016 		59.4434 		34.3025
v 10.0221 		52.8955 		30.6218
v 3.3156 		58.6221 		32.2686
v 20.6597 		59.4962 		34.185
v 10.0222 		52.8956 		30.6217
v 20.727 		59.2541 		34.3378
v 10.0225 		52.8959 		30.6215
v 13.1898 		47.3247 		33.7793
v 21.2939 		59.1886 		34.3212
v 13.2129 		47.346 		33.7446
v 10.093 		52.9071 		30.4819
v 10.0929 		52.907 		30.4819
v 10.0927 		52.9067 		30.4819
v 10.0944 		52.9087 		30.4819
v 10.0927 		52.9067 		30.4819
v 12.574 		46.9575 		32.7586
v 12.4032 		47.2817 		32.6112
v 9.0559 		52.8171 		29.904
v 20.7881 		59.2791 		34.1779
v 12.8001 		47.4777 		32.6818
v 10.0343 		52.9047 		30.6114
v 10.071 		52.9322 		30.5802
v 21.1921 		59.3927 		34.3594
v 10.0713 		52.9324 		30.5799
v 10.0921 		52.9056 		30.4812
v 10.0925 		52.9064 		30.4817
v 10.0926 		52.9066 		30.4818
v 9.0808 		52.7666 		30.1155
v 9.0447 		52.7409 		30.1321
v 9.9272 		52.7901 		30.6377
v 9.0511 		52.7454 		30.13
v 9.8847 		52.7224 		30.6055
v 6.0222 		58.1567 		32.8455
v 9.9274 		52.7903 		30.6379
v 9.061 		52.7494 		30.1271
v 12.9679 		47.1909 		32.9149
v 6.0969 		57.9935 		32.8248
v 9.0664 		52.7515 		30.1256
v 15.7953 		51.4918 		33.3824
v 13.1195 		47.0417 		32.9473
v 9.0823 		52.7472 		30.122
v 9.0843 		52.7177 		30.1246
v 13.7798 		54.4633 		30.7888
v 9.0894 		52.7617 		30.1188
v 9.9276 		52.7906 		30.638
v 9.0878 		52.762 		30.1191
v 9.9279 		52.7909 		30.6379
v 9.2013 		52.6275 		29.904
v 21.3799 		59.0272 		34.2785
v 13.4387 		54.433 		30.9677
v 21.4374 		58.8775 		34.2888
v 13.1587 		46.8471 		33.0781
v 21.4641 		58.7766 		34.3212
v 13.7688 		54.4434 		30.795
v 9.8178 		52.6444 		30.6099
v 9.8171 		52.6437 		30.6099
v 21.5753 		58.7811 		34.4045
v 9.8145 		52.6404 		30.6098
v 13.1305 		46.8958 		32.9544
v 9.8163 		52.6427 		30.6099
v 9.8005 		52.623 		30.6085
v 3.0721 		56.9145 		31.9815
v 13.7783 		54.4905 		30.8342
v 13.8685 		54.724 		30.8914
v 6.1227 		57.5302 		32.7284
v 6.0595 		57.826 		32.8408
v 14.0621 		53.6823 		31.1922
v 20.9587 		58.6191 		34.4081
v 14.133 		53.765 		31.2856
v 14.1909 		53.6989 		30.9555
v 14.2763 		53.7837 		30.9356
v 21.0738 		58.6666 		34.1076
v 21.0859 		58.5337 		34.1646
v 9.0359 		52.5234 		30.1569
v 9.0429 		52.5665 		30.1507
v 9.0509 		52.6071 		30.1445
v 9.074 		52.7013 		30.1289
v 2.6455 		56.9673 		32.5804
v 9.0342 		52.5482 		30.1547
v 9.0345 		52.5447 		30.155
v 20.6941 		58.9798 		34.0376
v 20.959 		58.9522 		34.099
v 2.3801 		57.0708 		32.3309
v 12.8377 		46.7771 		33.1214
v 20.6621 		58.528 		33.9003
v 13.6071 		54.0522 		31.1551
v 13.6507 		53.8193 		31.1237
v 12.7354 		46.6493 		32.8986
v 13.5505 		53.6413 		30.9712
v 20.2041 		59.6154 		34.1337
v 20.2952 		59.2948 		34.1735
v 2.4901 		57.134 		32.2274
v 8.9254 		52.7577 		30.1111
v 2.6319 		57.0803 		32.1672
v 2.8271 		57.0067 		32.0853
v 20.2 		59.6623 		34.1073
v 20.2219 		59.632 		34.0803
v 20.3643 		59.2889 		34.0201
v 13.7999 		54.0777 		30.6862
v 15.869 		51.2274 		33.4323
v 13.8174 		53.841 		30.7176
v 15.8475 		51.4037 		33.4162
v 15.8548 		51.3437 		33.4217
v 8.913 		52.71 		30.1443
v 15.8484 		51.4035 		33.4133
v 15.8927 		51.1845 		33.4462
v 19.688 		59.5238 		33.8561
v 19.8244 		59.247 		33.8065
v 2.8793 		57.201 		32.0221
v 9.71 		52.5496 		30.5869
v 8.9975 		52.7242 		30.0989
v 12.8309 		46.3622 		33.0265
v 20.3868 		58.9291 		34.1743
v 2.6621 		57.2066 		32.1188
v 20.4111 		58.9374 		34.1844
v 9.0308 		52.7312 		30.1366
v 9.0246 		52.7258 		30.1387
v 12.7588 		46.5926 		32.9241
v 20.1928 		58.6826 		34.1551
v 12.7493 		46.622 		32.9114
v 20.4429 		58.948 		34.1975
v 20.4972 		59.0234 		34.1198
v 9.0057 		52.7146 		30.1446
v 8.9331 		52.8055 		30.0808
v 8.9376 		52.8058 		30.0778
v 8.9064 		52.7901 		30.0701
v 4.8345 		58.3483 		33.3317
v 20.4844 		58.9673 		33.994
v 12.693 		46.7306 		32.8618
v 10.2652 		53.4373 		30.7879
v 20.515 		58.9777 		34.0082
v 5.2189 		58.1481 		33.2308
v 12.3302 		46.6478 		33.1407
v 8.9343 		52.8034 		30.0752
v 8.8981 		52.7334 		30.0814
v 20.5506 		58.7974 		33.9003
v 12.3786 		46.5312 		32.8571
v 20.4304 		59.0017 		34.0907
v 5.45 		57.9419 		33.0876
v 19.9481 		58.7081 		34.0296
v 10.3847 		53.4222 		30.4008
v 15.916 		51.3853 		33.2035
v 10.4218 		53.562 		30.3775
v 10.3473 		53.3368 		30.4125
v 10.4663 		53.5392 		30.3896
v 5.8658 		58.4628 		33.0021
v 13.3518 		47.4872 		33.6829
v 10.3322 		53.3085 		30.4246
v 5.7125 		58.3554 		33.0849
v 19.6726 		58.5168 		33.4996
v 2.4981 		56.6534 		32.2387
v 5.6615 		58.2851 		33.1258
v 23.748 		55.4608 		35.0971
v 23.7311 		55.6141 		35.1161
v 23.7264 		55.6135 		35.128
v 8.8171 		52.7889 		30.0654
v 5.8979 		58.1813 		32.96
v 23.7279 		55.6215 		35.122
v 8.8305 		52.7705 		30.098
v 2.448 		56.2779 		32.4994
v 13.3194 		47.5009 		33.6689
v 23.8335 		55.5011 		35.165
v 3.2643 		56.0626 		32.1476
v 23.8335 		55.5171 		35.1597
v 23.8329 		55.5136 		35.1624
v 16.045 		51.4841 		33.2021
v 23.8349 		55.5136 		35.157
v 13.2521 		47.3107 		33.7715
v 23.8409 		55.4836 		35.1523
v 13.2008 		47.3612 		33.8024
v 16.5048 		51.213 		32.6216
v 23.7925 		55.4507 		35.12
v 12.2086 		54.7765 		31.1367
v 12.4429 		54.4938 		31.3521
v 23.5686 		55.7058 		35.0511
v 23.5632 		55.7176 		35.0597
v 13.4499 		46.0089 		33.3946
v 8.7531 		52.726 		30.0701
v 13.3215 		46.0045 		33.4405
v 8.7973 		52.7432 		30.0677
v 13.4384 		45.7621 		33.5381
v 12.5396 		54.541 		31.2162
v 23.4511 		55.7464 		35.0265
v 23.5713 		55.5779 		35.0852
v 13.5196 		45.7449 		33.5067
v 8.8533 		52.7776 		30.0927
v 8.8602 		52.7782 		30.0882
v 23.5182 		55.4744 		35.0674
v 13.4007 		45.9816 		33.3501
v 13.4677 		45.7301 		33.4577
v 5.8831 		58.001 		32.9665
v 3.514 		56.6526 		31.8474
v 5.7027 		57.9502 		33.0368
v 8.7943 		52.7391 		30.0944
v 23.8791 		55.4047 		35.1727
v 23.8421 		55.3887 		35.1796
v 15.8804 		52.0494 		33.0359
v 12.8573 		54.3835 		31.3553
v 23.8631 		55.4213 		35.1606
v 23.856 		55.4056 		35.1407
v 23.8483 		55.4364 		35.1496
v 12.2415 		54.7507 		31.1222
v 12.2237 		54.7507 		31.1756
v 15.8724 		51.9732 		33.0004
v 23.8575 		55.3664 		35.1493
v 12.4969 		54.4938 		31.1907
v 15.7929 		51.6629 		32.9891
v 15.7466 		51.5517 		33.0359
v 5.9029 		58.2718 		32.6171
v 23.8628 		55.3184 		35.1523
v 16.1571 		51.8451 		33.1576
v 23.8649 		55.2881 		35.157
v 23.8628 		55.2875 		35.1624
v 23.77 		55.3172 		35.0986
v 5.7585 		58.3174 		32.6272
v 3.3624 		56.8047 		31.8587
v 10.1083 		53.4601 		30.7603
v 23.7706 		55.3234 		35.1461
v 5.6971 		58.4622 		32.7663
v 3.1014 		57.0361 		31.9346
v 3.4126 		56.9907 		31.7985
v 9.8944 		53.3492 		30.7603
v 4.9013 		58.3587 		32.9698
v 23.7471 		55.3558 		35.1594
v 23.8643 		55.284 		35.1597
v 13.3524 		46.143 		33.3759
v 13.1794 		53.8255 		30.9294
v 23.7902 		55.1639 		35.1161
v 23.6398 		55.2674 		35.0307
v 13.2177 		53.6829 		30.8834
v 23.7893 		55.1556 		35.122
v 23.7854 		55.1636 		35.128
v 13.1355 		54.1607 		30.9294
v 15.358 		51.6448 		33.2098
v 8.7202 		52.7159 		30.0778
v 15.4972 		52.1627 		33.2098
v 2.2157 		57.4712 		32.3125
v 5.0208 		58.1407 		32.9001
v 23.6502 		55.0325 		35.068
v 1.834 		57.8838 		32.5074
v 5.272 		57.8728 		33.0101
v 23.3657 		55.3994 		35.0479
v 23.5804 		55.4121 		35.1155
v 10.2697 		53.188 		30.4359
v 10.2873 		53.2199 		30.4297
v 10.3146 		53.2698 		30.4212
v 10.3213 		53.2824 		30.4197
v 23.6033 		55.2807 		35.1027
v 23.4808 		55.2238 		35.0422
v 10.264 		53.178 		30.4378
v 10.2341 		53.1602 		30.4981
v 15.2029 		52.1675 		33.1143
v 15.2519 		52.3018 		33.019
v 5.1985 		57.8764 		32.9203
v 8.7234 		52.7186 		30.0808
v 5.2738 		57.8707 		33.0087
v 21.9832 		58.4002 		34.6121
v 5.259 		57.8678 		32.9923
v 8.7237 		52.7165 		30.0752
v 10.2433 		53.1685 		30.4833
v 12.9338 		46.0009 		33.4462
v 12.8564 		46.2512 		33.3409
v 15.6315 		52.1865 		32.9422
v 13.2788 		45.7764 		33.5464
v 13.1415 		45.9792 		33.4595
v 8.9894 		52.6999 		30.1502
v 8.9859 		52.6965 		30.1514
v 21.3253 		57.9141 		34.2325
v 21.627 		58.3189 		34.3814
v 21.678 		58.165 		34.4102
v 15.1415 		51.9806 		33.1469
v 13.0115 		45.8701 		33.2522
v 21.3069 		57.9063 		34.2805
v 21.263 		57.9968 		34.304
v 2.2172 		57.2485 		32.3511
v 8.9373 		52.6892 		30.098
v 21.3493 		57.8924 		34.2663
v 8.8984 		52.6741 		30.0784
v 20.7158 		58.2003 		34.1779
v 5.1172 		58.2498 		32.7993
v 20.8575 		57.9259 		34.1652
v 10.2394 		53.1537 		30.4732
v 20.9359 		57.888 		34.0355
v 12.8861 		53.7131 		31.2684
v 2.0778 		56.8201 		32.4249
v 2.0713 		56.4117 		32.392
v 15.1288 		52.3446 		32.6616
v 10.2461 		53.1461 		30.4439
v 15.3462 		52.2135 		32.734
v 15.3376 		52.1313 		32.6954
v 12.1268 		54.1503 		31.2058
v 9.0153 		52.5783 		30.1422
v 5.2525 		58.4008 		32.7657
v 20.7846 		58.2288 		33.9982
v 15.5556 		51.8697 		32.8105
v 15.2519 		51.7967 		32.6833
v 12.4492 		54.1658 		31.1427
v 21.0168 		57.6619 		34.1029
v 20.7395 		57.524 		34.0065
v 21.0082 		57.7061 		34.0738
v 5.3355 		57.8945 		32.6272
v 5.2124 		58.0256 		32.7236
v 20.991 		57.6907 		34.1275
v 14.9475 		52.3968 		32.8609
v 12.1256 		53.7324 		31.2877
v 8.7403 		52.6803 		30.1093
v 2.1982 		57.1526 		32.416
v 5.2112 		57.9339 		32.7503
v 5.213 		57.9321 		32.7491
v 12.1558 		53.6197 		31.2228
v 10.2995 		53.189 		30.4093
v 20.3975 		56.1448 		33.8169
v 21.2013 		56.1038 		34.08
v 21.1797 		56.0926 		34.1334
v 21.1877 		56.1388 		34.107
v 15.2023 		51.6763 		32.734
v 12.4017 		45.8108 		33.474
v 15.4966 		51.689 		32.842
v 12.553 		53.6541 		31.1465
v 12.6271 		45.8888 		33.4678
v 21.7106 		56.0929 		34.3188
v 21.7011 		56.0635 		34.2862
v 21.6818 		56.0608 		34.3327
v 8.8145 		52.6435 		30.0867
v 8.7996 		52.68 		30.0847
v 4.2671 		55.3217 		32.4964
v 4.5516 		55.2852 		32.3511
v 12.3201 		54.0157 		30.9893
v 19.7408 		57.8882 		33.7807
v 4.5501 		55.3264 		32.3923
v 12.2297 		53.6197 		31.0341
v 12.0734 		53.7549 		30.8748
v 15.4639 		51.6161 		32.8793
v 4.6061 		55.0657 		32.2695
v 4.5569 		55.0749 		32.2947
v 5.1243 		58.0285 		32.8188
v 4.2956 		55.0787 		32.4226
v 19.8648 		58.0143 		33.5349
v 8.8314 		52.4739 		30.1511
v 4.4012 		55.0031 		32.5821
v 8.9518 		52.5243 		30.1197
v 12.3777 		45.7559 		33.3216
v 4.5747 		55.2852 		32.4202
v 4.6115 		55.1944 		32.4291
v 12.2445 		53.8869 		30.9318
v 5.1946 		57.8737 		32.8693
v 5.1851 		57.904 		32.8185
v 12.2653 		45.8143 		33.4574
v 4.7102 		54.9233 		32.4231
v 19.9665 		57.0242 		33.5627
v 8.5214 		52.4768 		30.157
v 15.1012 		51.7878 		33.1143
v 15.0926 		51.7062 		33.076
v 8.6466 		52.5863 		30.1155
v 8.6528 		52.5916 		30.1214
v 5.4224 		57.8079 		32.9953
v 12.6423 		54.2835 		30.6174
v 14.9698 		51.668 		32.6732
v 3.9669 		54.8453 		32.5557
v 14.9656 		51.7312 		32.6029
v 8.6546 		52.5875 		30.1102
v 12.7983 		54.2423 		30.3881
v 23.0795 		55.8636 		34.8524
v 23.2073 		55.8431 		34.92
v 5.5215 		57.7023 		32.9244
v 5.6668 		57.6794 		32.9149
v 12.1914 		46.0157 		33.3711
v 23.2488 		55.4839 		34.8631
v 23.0356 		55.4815 		34.7667
v 5.6722 		57.7865 		32.9734
v 12.2641 		45.8176 		33.456
v 8.2094 		53.4666 		30.157
v 14.8704 		51.4547 		32.6637
v 8.3432 		53.3381 		30.1106
v 8.3449 		53.3331 		30.1102
v 8.3466 		53.332 		30.1095
v 19.0844 		51.0092 		34.9553
v 10.0066 		51.8151 		28.7991
v 19.0826 		51.0065 		34.958
v 19.0844 		51.0062 		34.9527
v 8.2743 		53.3106 		30.1394
v 19.0838 		50.9247 		34.9666
v 8.2768 		53.3121 		30.1383
v 8.3116 		53.3369 		30.1232
v 23.2702 		55.4792 		34.9785
v 4.228 		55.7461 		31.4844
v 19.0616 		50.9434 		34.9708
v 12.3317 		45.8031 		33.3904
v 4.3383 		56.0365 		31.4618
v 12.3474 		45.7823 		33.3868
v 19.071 		50.9392 		34.939
v 8.4138 		53.3302 		30.0829
v 8.4155 		53.3299 		30.0823
v 12.3697 		45.7778 		33.3121
v 8.373 		53.3251 		30.0994
v 8.3549 		53.3267 		30.1065
v 19.0764 		50.9689 		34.9473
v 8.3635 		53.3211 		30.1034
v 19.0722 		50.9537 		34.9461
v 12.8784 		53.7469 		30.3558
v 12.3566 		45.7396 		33.2252
v 8.3626 		53.3207 		30.1038
v 8.3576 		53.3246 		30.1056
v 3.6276 		55.9315 		31.977
v 8.3575 		53.3186 		30.1059
v 5.5577 		57.5646 		32.8007
v 5.73 		57.6139 		32.8701
v 3.5665 		55.5121 		31.8593
v 8.4235 		53.3285 		30.0792
v 3.8996 		55.8345 		31.8578
v 5.822 		57.6711 		32.8885
v 23.4265 		55.4074 		34.9002
v 9.9137 		52.2369 		28.7751
v 23.1904 		55.2875 		34.7679
v 12.3682 		45.7268 		33.2415
v 5.6369 		57.5792 		32.8408
v 19.0411 		51.0994 		34.9277
v 19.0444 		51.0982 		34.9177
v 8.4176 		53.2863 		30.0837
v 19.0444 		51.1041 		34.923
v 23.1946 		55.1698 		34.7955
v 13.0326 		45.7078 		33.3154
v 8.3085 		53.2902 		30.1544
v 8.3828 		53.222 		30.1009
v 13.0629 		54.1705 		30.4406
v 23.1361 		55.1624 		34.9372
v 23.1243 		55.203 		34.953
v 3.7207 		55.4717 		31.7931
v 8.2726 		53.3096 		30.1401
v 12.0728 		45.7087 		33.5906
v 8.3804 		53.2177 		30.1021
v 18.9996 		50.9769 		34.9533
v 19.0544 		50.9176 		34.9708
v 8.3641 		53.1969 		30.1097
v 19.0538 		50.9072 		34.9645
v 8.3593 		53.1907 		30.1119
v 8.352 		53.1821 		30.1153
v 23.5624 		54.9648 		35.0069
v 8.3517 		53.1818 		30.1154
v 12.4133 		53.6215 		30.2092
v 8.3426 		53.1709 		30.1196
v 8.3422 		53.1705 		30.1198
v 23.4191 		55.109 		35.0111
v 8.3368 		53.1588 		30.1225
v 23.4648 		54.88 		34.974
v 8.2315 		53.2841 		30.1582
v 8.2332 		53.2859 		30.157
v 5.9014 		57.521 		32.7844
v 8.2342 		53.2866 		30.1566
v 5.9646 		57.389 		32.694
v 5.7887 		57.4347 		32.729
v 23.1845 		54.9002 		34.904
v 8.3126 		53.1001 		30.1375
v 23.1655 		55.0185 		34.9126
v 8.3069 		53.085 		30.1415
v 4.131 		55.3673 		31.6181
v 4.5302 		55.2205 		31.3998
v 4.6136 		55.2475 		31.412
v 10.8128 		53.6144 		29.5794
v 10.8121 		53.5139 		29.6018
v 5.7131 		57.5056 		32.785
v 10.8063 		53.3354 		29.6265
v 10.8024 		53.3163 		29.6261
v 12.3584 		45.5759 		33.2133
v 8.2998 		53.0776 		30.145
v 8.393 		53.0627 		30.1502
v 8.3262 		53.136 		30.1279
v 12.892 		46.1643 		33.1137
v 10.8012 		53.3106 		29.626
v 2.8543 		55.6444 		32.1081
v 2.9101 		55.6859 		32.1405
v 10.8092 		53.3504 		29.6279
v 3.5416 		55.7977 		31.7682
v 8.3257 		53.0769 		30.1511
v 8.2773 		53.0535 		30.1566
v 10.812 		53.5103 		29.6031
v 8.2764 		53.0526 		30.157
v 12.634 		45.7773 		33.1937
v 11.8367 		55.7912 		31.5348
v 10.8108 		53.5 		29.612
v 8.275 		53.0504 		30.1582
v 23.1572 		55.1295 		34.8005
v 19.0067 		50.9229 		34.8904
v 12.0855 		46.315 		32.8764
v 5.5989 		57.5216 		32.7705
v 12.1692 		45.8203 		33.014
v 11.9482 		55.5228 		31.3829
v 11.9624 		55.8484 		31.4179
v 3.0225 		55.8956 		31.9851
v 5.8027 		57.3324 		32.6228
v 11.8886 		55.5183 		31.393
v 2.8793 		55.6987 		32.0604
v 8.3601 		52.7868 		30.157
v 18.9468 		50.9033 		34.9245
v 12.3133 		45.6995 		33.1573
v 3.5472 		55.464 		31.8145
v 22.7473 		55.927 		34.7548
v 12.3118 		45.7028 		33.1558
v 3.5374 		55.5242 		31.7837
v 11.4712 		56.0024 		31.5087
v 9.502 		52.0334 		30.0283
v 19.0022 		50.9991 		34.9375
v 19.0286 		50.9864 		34.9117
v 11.0859 		56.0335 		31.4927
v 10.824 		53.084 		29.6477
v 22.58 		55.957 		34.6477
v 22.4397 		55.7832 		34.5407
v 11.209 		55.9232 		31.4657
v 9.3205 		52.0284 		30.0642
v 9.0868 		52.0236 		30.1161
v 10.7557 		53.0927 		29.6229
v 11.4445 		55.7262 		31.3835
v 22.5696 		55.9813 		34.6655
v 5.0184 		57.7017 		33.0193
v 11.2497 		46.3969 		33.2365
v 2.8787 		53.6164 		32.0281
v 2.9077 		53.6283 		32.1043
v 2.8885 		53.6763 		32.0595
v 10.7556 		53.0921 		29.6229
v 4.1835 		53.9448 		31.4826
v 11.2897 		55.8381 		31.3773
v 10.7337 		53.0155 		29.6425
v 10.7332 		53.0151 		29.6442
v 22.8185 		55.6126 		34.6833
v 10.7321 		53.015 		29.6482
v 9.4199 		52.0304 		30.0422
v 18.8768 		50.9463 		34.9171
v 11.1079 		47.2582 		32.8832
v 10.7464 		53.0595 		29.6312
v 11.6448 		55.5506 		31.2064
v 11.9022 		55.5317 		31.3358
v 4.3089 		54.4588 		32.3051
v 22.4664 		55.6201 		34.5291
v 18.9394 		51.0368 		34.8497
v 18.7937 		51.0469 		34.7308
v 8.8676 		52.077 		30.157
v 10.7325 		53.0209 		29.6513
v 10.7333 		53.0314 		29.6568
v 18.9248 		51.0009 		34.8207
v 18.843 		50.9612 		34.7741
v 10.7372 		53.0657 		29.6699
v 10.7384 		53.0767 		29.674
v 11.0121 		46.347 		33.1323
v 11.1227 		46.4147 		33.181
v 18.7667 		51.0926 		34.8441
v 11.274 		46.8566 		33.0745
v 11.0198 		46.8798 		32.9929
v 11.1141 		46.6398 		33.1062
v 10.9397 		46.5395 		33.0434
v 11.6142 		55.5201 		31.3361
v 8.7341 		52.1992 		30.157
v 4.6222 		54.7433 		32.4905
v 22.5358 		55.163 		34.7554
v 22.7837 		55.3525 		34.848
v 11.4929 		56.0258 		31.2764
v 22.8368 		55.0577 		34.7966
v 22.8626 		54.9233 		34.7937
v 9.5797 		52.3371 		29.904
v 5.2124 		57.8639 		32.9241
v 11.4991 		46.3132 		33.334
v 4.2959 		54.3731 		32.2645
v 11.6103 		46.0457 		33.4474
v 9.6486 		53.5183 		29.8978
v 22.8674 		55.3931 		34.635
v 10.975 		55.7031 		31.2877
v 4.8081 		57.6385 		32.8328
v 11.1545 		55.7159 		31.2797
v 4.7257 		54.6516 		32.1654
v 19.0464 		50.8612 		34.9506
v 18.9595 		50.7888 		34.923
v 18.7575 		50.7277 		34.8399
v 18.9595 		50.7948 		34.9277
v 11.0649 		46.207 		33.197
v 11.215 		46.1768 		33.2925
v 22.5301 		55.3338 		34.4665
v 19.0417 		50.8538 		34.958
v 11.2331 		46.1347 		33.3109
v 22.725 		55.1885 		34.5433
v 19.0432 		50.8532 		34.9527
v 11.3321 		55.9499 		31.1465
v 11.3974 		45.9457 		33.4218
v 19.0417 		50.8511 		34.9553
v 18.7578 		50.7176 		34.8316
v 4.5255 		54.4517 		32.1989
v 22.429 		54.9616 		34.468
v 9.6468 		53.3759 		29.9117
v 4.9736 		56.9759 		32.6833
v 11.1313 		55.7004 		31.0362
v 11.0907 		55.7283 		30.9878
v 22.9496 		55.0787 		34.7047
v 4.7954 		57.1307 		32.7613
v 22.558 		55.0319 		34.4953
v 5.2071 		57.198 		32.7548
v 4.9461 		56.94 		32.637
v 11.2289 		45.5957 		33.3791
v 21.8292 		55.4237 		34.4288
v 22.0315 		55.386 		34.5419
v 11.6385 		55.3021 		31.1898
v 11.6308 		55.3323 		31.2296
v 9.2446 		52.3484 		30.1229
v 11.6436 		55.3454 		31.1753
v 4.9238 		57.2259 		32.6667
v 22.0318 		55.2819 		34.5745
v 10.9563 		46.2269 		33.0979
v 18.6193 		51.1726 		34.7524
v 18.5594 		51.0647 		34.788
v 3.6356 		54.3031 		32.5706
v 22.063 		55.0449 		34.5745
v 9.2846 		58.4453 		31.4245
v 10.6983 		45.898 		33.1697
v 9.1307 		58.4382 		31.4455
v 3.6938 		54.3826 		32.5623
v 18.4938 		50.9514 		34.7225
v 22.2837 		54.9829 		34.616
v 3.7905 		54.2785 		32.4795
v 4.1274 		54.4644 		32.3944
v 3.9687 		54.3805 		32.4237
v 11.6922 		55.8155 		30.316
v 11.9909 		48.491 		32.9657
v 11.5513 		46.6054 		33.2112
v 4.0346 		54.3013 		32.3686
v 10.0817 		53.4855 		29.7078
v 10.0983 		53.5111 		29.706
v 10.0674 		53.4625 		29.7098
v 18.5128 		50.8262 		34.7379
v 9.5705 		58.421 		31.4974
v 9.629 		58.2982 		31.495
v 10.1166 		53.5188 		29.7115
v 10.1168 		53.5224 		29.7044
v 10.1189 		53.5222 		29.7042
v 18.684 		50.7078 		34.7848
v 10.1222 		53.5248 		29.7059
v 11.7222 		46.2978 		33.3524
v 10.0997 		53.5118 		29.7059
v 22.149 		55.2973 		34.2888
v 10.1206 		53.5221 		29.7041
v 10.1217 		53.522 		29.704
v 8.7142 		58.2119 		31.7294
v 10.13 		53.5178 		29.7035
v 11.6898 		55.2982 		30.2614
v 22.1804 		55.0603 		34.2888
v 11.6866 		55.157 		30.3107
v 11.5056 		47.6379 		32.6293
v 10.1299 		53.5161 		29.7036
v 12.0146 		54.9301 		30.4142
v 10.1296 		53.5103 		29.7038
v 10.1306 		53.4637 		29.7059
v 10.1307 		53.4625 		29.706
v 10.1294 		53.4939 		29.7046
v 11.5095 		47.6284 		32.605
v 9.5913 		53.5415 		29.9132
v 11.931 		46.4351 		33.2495
v 11.8138 		46.3749 		33.3109
v 22.5441 		54.6611 		34.6451
v 10.0016 		53.3673 		29.7182
v 10.0159 		53.3795 		29.7168
v 10.0349 		53.4102 		29.7142
v 22.1653 		54.5368 		34.4905
v 10.0703 		53.3747 		29.7435
v 10.0178 		53.3812 		29.7166
v 22.3976 		54.3829 		34.5327
v 23.2138 		54.7533 		34.88
v 10.1369 		53.3881 		29.7105
v 10.1388 		53.3744 		29.7113
v 4.2481 		53.8048 		32.3956
v 11.6854 		47.198 		32.8337
v 10.1491 		53.3106 		29.7157
v 10.1887 		53.3376 		29.732
v 21.8227 		54.1586 		34.2325
v 8.8993 		58.173 		31.6389
v 21.8026 		54.1563 		34.2802
v 23.223 		54.8124 		34.8397
v 9.6134 		53.6142 		29.9003
v 18.3331 		51.0596 		34.6854
v 9.5648 		53.4861 		29.9255
v 9.5661 		53.4898 		29.9248
v 10.7404 		55.4836 		31.1092
v 11.4104 		47.204 		32.9185
v 9.5708 		53.4941 		29.9232
v 18.3031 		50.8858 		34.6388
v 9.5718 		53.4959 		29.9228
v 4.5783 		53.8146 		32.5261
v 22.9303 		54.5849 		34.7385
v 21.8399 		54.1319 		34.266
v 9.9696 		53.3351 		29.7216
v 12.0194 		46.4725 		33.1751
v 10.7175 		55.9748 		31.2572
v 10.5589 		55.661 		31.1181
v 9.9675 		53.3286 		29.7221
v 9.9686 		53.3332 		29.7218
v 9.5891 		53.5201 		29.916
v 9.5648 		53.4749 		29.9266
v 21.6145 		55.152 		34.4282
v 10.8039 		55.8651 		31.3067
v 9.5641 		53.4787 		29.9264
v 9.5714 		53.482 		29.9243
v 11.7349 		46.8688 		33.0434
v 11.8506 		46.6134 		33.1647
v 4.7728 		53.7805 		32.3398
v 11.6109 		46.8388 		33.0914
v 8.7142 		58.2875 		31.5022
v 9.5755 		53.4221 		29.9294
v 9.5735 		53.427 		29.9294
v 9.5708 		53.4425 		29.9285
v 8.8919 		58.1991 		31.5686
v 21.5193 		55.8235 		34.3022
v 9.5869 		53.3272 		29.9362
v 10.2133 		53.5538 		29.6967
v 18.4185 		51.1252 		34.4894
v 21.1814 		55.8701 		34.164
v 18.3728 		50.9923 		34.5181
v 18.1711 		51.0018 		34.433
v 8.9373 		58.3593 		31.5256
v 11.9509 		46.3779 		32.7595
v 11.9087 		46.7027 		32.7055
v 8.7062 		58.4008 		31.5588
v 4.5008 		54.1652 		32.1259
v 4.2846 		54.1652 		32.2298
v 21.5552 		55.8004 		34.1598
v 9.5827 		53.392 		29.9307
v 9.579 		53.4094 		29.9298
v 9.5798 		53.4104 		29.9295
v 11.7782 		46.4485 		32.6506
v 10.7347 		55.8689 		30.8748
v 4.5121 		53.9632 		32.1589
v 8.9281 		58.2157 		31.4787
v 11.0073 		46.3764 		32.6171
v 8.9281 		58.2225 		31.458
v 18.5481 		50.8597 		34.6614
v 18.3334 		50.8778 		34.5436
v 21.6575 		55.6168 		34.1779
v 18.4906 		50.6812 		34.6896
v 10.4019 		55.9333 		30.873
v 18.4826 		50.6832 		34.7136
v 21.3096 		55.4448 		34.1198
v 11.9022 		46.1477 		33.4064
v 11.9746 		46.3201 		33.2982
v 12.028 		46.1783 		33.3578
v 4.7236 		53.8092 		32.1592
v 4.556 		53.8172 		32.2419
v 9.6121 		53.2188 		29.9413
v 18.1821 		51.1661 		34.3458
v 9.594 		53.2229 		29.9454
v 9.594 		53.2226 		29.9454
v 10.8469 		55.4448 		30.849
v 9.6049 		53.2209 		29.9429
v 21.2387 		55.8407 		34.0302
v 9.6394 		52.9535 		29.9622
v 11.6824 		45.871 		32.8073
v 18.0812 		51.0513 		34.5496
v 9.4138 		52.4125 		30.1247
v 18.0771 		51.0208 		34.5232
v 11.7471 		46.1412 		32.7212
v 12.044 		46.1528 		32.8607
v 12.012 		46.2373 		32.8212
v 18.0546 		50.9134 		34.5202
v 9.5085 		52.2924 		30.1134
v 9.3467 		52.3946 		30.1433
v 11.9322 		46.0845 		32.8117
v 21.2396 		55.4412 		34.0904
v 11.8823 		46.2109 		32.7524
v 18.1308 		51.0116 		34.5493
v 4.7304 		53.8092 		32.1796
v 8.4941 		52.5255 		29.1539
v 17.8211 		51.1765 		34.4493
v 10.8433 		55.4376 		31.0552
v 4.7767 		53.7701 		32.2754
v 9.5222 		51.6855 		28.9557
v 18.0993 		51.1623 		34.5825
v 9.1514 		52.2043 		29.0011
v 9.0203 		51.6867 		29.1017
v 8.7999 		52.3262 		29.0886
v 11.0886 		45.89 		32.8814
v 10.118 		53.1588 		29.7274
v 10.1013 		53.1689 		29.7271
v 21.2043 		55.3837 		34.1844
v 11.1906 		45.8968 		32.8212
v 11.4184 		45.9843 		32.7396
v 21.2375 		55.386 		34.1975
v 21.22 		55.424 		34.1405
v 21.6059 		55.2816 		34.4081
v 8.8892 		58.1694 		31.5742
v 4.7515 		53.8255 		32.1446
v 18.0187 		50.7589 		34.5033
v 18.1278 		50.6642 		34.5433
v 18.1284 		50.6459 		34.5282
v 18.1382 		50.6616 		34.5128
v 3.7454 		54.1652 		32.4923
v 10.0813 		55.8493 		30.8908
v 3.7706 		53.973 		32.513
v 3.7712 		53.8561 		32.5709
v 18.0569 		50.7942 		34.4199
v 3.8631 		53.9483 		32.4751
v 10.7457 		45.7802 		32.8847
v 10.7356 		45.8096 		32.8725
v 10.1374 		53.1662 		29.7265
v 10.1264 		53.1608 		29.7271
v 10.1246 		53.1588 		29.7273
v 10.1821 		53.1868 		29.7246
v 10.1798 		53.1858 		29.7247
v 8.9453 		58.1647 		31.4283
v 17.8736 		51.0881 		34.2304
v 10.1689 		53.2171 		29.7221
v 10.1748 		53.2 		29.7235
v 10.159 		53.2497 		29.72
v 17.8917 		51.1302 		34.2091
v 10.1791 		53.1855 		29.7247
v 8.9456 		58.1588 		31.4253
v 8.9468 		58.1332 		31.4126
v 8.5354 		51.8172 		29.2271
v 12.3492 		47.616 		32.4934
v 21.2826 		55.394 		33.9937
v 18.1358 		51.0365 		34.3805
v 12.337 		48.2845 		32.3914
v 12.1327 		48.1368 		32.4715
v 12.3489 		48.2558 		32.3161
v 10.095 		53.1728 		29.7269
v 12.3845 		48.305 		32.3469
v 21.3413 		54.9236 		33.9003
v 10.1639 		53.1791 		29.725
v 8.948 		58.1086 		31.4004
v 12.0725 		47.9906 		32.3012
v 21.7661 		55.0805 		34.0874
v 8.9477 		58.114 		31.4031
v 9.9555 		53.1743 		29.7317
v 9.9684 		53.237 		29.7272
v 9.9714 		53.2528 		29.726
v 9.9714 		53.2532 		29.726
v 17.6351 		51.1041 		34.3066
v 10.0083 		53.2264 		29.751
v 9.953 		53.1588 		29.7328
v 8.4568 		58.0045 		31.587
v 8.4698 		58.065 		31.4197
v 8.0721 		53.1015 		29.207
v 21.3152 		55.3961 		34.0079
v 10.555 		55.2359 		30.9069
v 17.7817 		50.9496 		34.3879
v 9.9734 		53.2637 		29.7252
v 11.5709 		48.1783 		32.4125
v 9.9704 		53.2824 		29.7241
v 10.4853 		55.2896 		30.941
v 11.5617 		48.5239 		32.0052
v 12.0206 		48.3869 		32.1657
v 8.2476 		52.7889 		29.1936
v 3.7308 		53.6301 		31.8332
v 4.2084 		53.9555 		31.549
v 17.72 		50.6639 		34.3443
v 4.1271 		53.9819 		31.5372
v 8.159 		58.4376 		31.6718
v 8.1177 		58.4391 		31.7134
v 20.6977 		55.2822 		34.0296
v 20.6956 		55.195 		34.0622
v 8.159 		58.4141 		31.7415
v 7.9754 		53.4465 		29.1936
v 8.2221 		57.9467 		31.498
v 10.075 		53.1849 		29.7264
v 4.5714 		53.8021 		31.4835
v 20.7113 		54.9877 		34.0898
v 8.3598 		58.3361 		31.7519
v 8.2221 		57.9683 		31.4325
v 10.0604 		53.1588 		29.7286
v 8.1863 		57.9461 		31.4592
v 11.7429 		47.8313 		32.5783
v 17.4349 		50.6497 		34.1827
v 17.4314 		50.6711 		34.1536
v 17.2875 		50.9362 		34.1477
v 11.5887 		47.5887 		32.4949
v 17.4886 		50.9917 		34.2446
v 17.4551 		50.8517 		34.2319
v 9.5299 		52.1716 		28.8949
v 17.418 		50.6749 		34.1951
v 11.5733 		47.6213 		32.4801
v 21.4282 		54.3191 		34.0228
v 9.9699 		53.2885 		29.7238
v 21.7228 		54.6163 		34.3378
v 4.763 		55.8974 		31.2839
v 11.5724 		47.6121 		32.4644
v 21.3081 		54.5926 		34.1779
v 10.6837 		55.4593 		30.7203
v 17.475 		50.7894 		34.1272
v 21.4861 		54.4315 		34.2257
v 4.5388 		55.2698 		31.3642
v 7.2252 		57.511 		31.9109
v 7.3626 		53.3477 		29.3838
v 4.5872 		55.2582 		31.3441
v 11.7839 		47.7322 		32.3196
v 17.216 		51.0875 		34.1064
v 21.382 		54.6024 		33.9982
v 9.9715 		53.0407 		29.7397
v 9.9564 		53.033 		29.7408
v 9.9504 		53.0287 		29.7413
v 9.9478 		53.0202 		29.742
v 4.5142 		53.7784 		31.3337
v 4.5008 		53.6618 		31.3414
v 7.7452 		52.4255 		29.3838
v 4.6586 		54.1044 		31.3147
v 4.6524 		54.0602 		31.3604
v 4.6284 		54.0498 		31.2981
v 9.9437 		53.0079 		29.7429
v 17.2662 		51.0739 		33.9504
v 9.9431 		53.0105 		29.7428
v 11.6103 		48.0828 		32.1633
v 9.4813 		58.0481 		31.7575
v 21.6946 		54.2467 		34.2707
v 9.2846 		58.0374 		31.7899
v 11.085 		48.0259 		32.5219
v 17.5328 		50.9801 		34.1061
v 1.9894 		55.879 		32.4762
v 1.9888 		55.9398 		32.5365
v 10.024 		53.0981 		29.7338
v 2.3276 		56.0237 		32.4656
v 10.0133 		53.0964 		29.7344
v 9.9756 		53.0568 		29.7385
v 10.0269 		53.0984 		29.7337
v 10.9881 		47.5471 		32.0933
v 10.0365 		53.1158 		29.7323
v 1.9627 		55.9496 		32.4472
v 9.6236 		58.0831 		31.6733
v 17.1523 		50.6898 		34.0625
v 17.1692 		50.8179 		34.0877
v 17.1181 		50.7681 		34.0604
v 9.9431 		53.0968 		29.7372
v 20.8166 		54.6415 		33.9949
v 20.7499 		54.783 		34.0622
v 10.1973 		55.6841 		30.715
v 11.0156 		48.0107 		31.9584
v 8.9391 		58.2362 		31.7549
v 17.2054 		50.8217 		33.983
v 7.4931 		52.8618 		29.4045
v 17.1665 		50.6859 		34.0177
v 10.0399 		53.1218 		29.7318
v 17.1543 		50.6634 		34.0412
v 10.6502 		55.27 		30.7203
v 10.1206 		53.1572 		29.7275
v -3.4863 		60.5145 		35.2944
v 8.9984 		58.3038 		31.8501
v -3.4789 		60.5112 		35.3139
v 8.9281 		58.141 		31.7033
v -3.3597 		60.5391 		35.2614
v 8.9281 		58.1478 		31.6828
v -3.0761 		60.5441 		35.1538
v 19.3377 		49.7436 		33.8561
v 21.4422 		54.0296 		34.1275
v 10.1994 		53.0724 		29.7803
v 19.1135 		49.5703 		33.8596
v 21.3938 		54.2091 		34.1566
v 10.1229 		53.1568 		29.7275
v 19.2517 		49.5881 		33.8914
v 21.4594 		53.9952 		34.1026
v 21.4626 		54.0397 		34.0738
v 10.7505 		48.1208 		31.8548
v 11.5586 		47.5362 		32.3449
v 11.5507 		47.5293 		32.3457
v 11.5507 		47.5294 		32.3459
v 11.5547 		47.5329 		32.3455
v 11.5582 		47.5301 		32.3469
v 11.5557 		47.5299 		32.3467
v 11.5547 		47.5298 		32.3466
v 11.555 		47.4983 		32.3574
v 10.0425 		53.1266 		29.7314
v 11.5555 		47.4883 		32.3609
v 11.5662 		47.2274 		32.3908
v 11.6946 		46.9444 		32.5139
v 10.3613 		55.0126 		30.7075
v 20.3103 		54.6169 		33.8469
v 9.7444 		53.0425 		29.7489
v 18.6033 		49.1471 		33.8071
v 20.9584 		55.1992 		33.7511
v 11.7151 		47.1212 		32.5207
v 8.0999 		52.0696 		29.3235
v 10.4622 		55.1054 		30.5984
v 9.9406 		53.0209 		29.7422
v 9.9405 		53.0216 		29.7422
v 11.4623 		47.1639 		32.3454
v 9.9403 		53.0247 		29.742
v -2.8979 		60.0684 		35.0811
v 9.9386 		53.051 		29.7404
v 9.941 		53.085 		29.7381
v -3.0192 		59.7628 		35.1291
v 10.4497 		54.8842 		30.3958
v 9.4285 		57.7761 		31.6223
v 9.9428 		53.0953 		29.7373
v 9.9431 		53.0967 		29.7372
v 9.9336 		55.9223 		30.7683
v 9.5524 		57.7921 		31.5736
v 9.6103 		57.7838 		31.5137
v 11.5543 		47.4691 		32.3674
v 20.2916 		55.5747 		33.5891
v 9.4667 		57.4911 		31.4523
v 3.8168 		53.2819 		32.6515
v 9.1022 		57.4911 		31.4523
v 19.7625 		55.9365 		33.4221
v 3.7377 		53.2878 		32.6934
v 3.6335 		53.2973 		32.7482
v 10.4797 		52.9108 		29.7489
v 9.2846 		57.481 		31.4826
v 9.0159 		57.7921 		31.5736
v -3.6803 		60.2798 		35.3783
v 19.0467 		48.8772 		34.0133
v 20.2094 		55.3101 		33.7911
v 11.5469 		47.5385 		32.3698
v 18.6104 		49.1429 		33.8101
v 10.1053 		52.7542 		29.8652
v 10.9151 		46.6214 		32.5139
v 11.0364 		46.6508 		32.467
v 20.3317 		55.2552 		33.5245
v -3.3597 		60.1099 		35.2905
v 11.2755 		46.3429 		32.5875
v -3.1696 		60.2692 		35.2
v -3.2268 		60.1713 		35.0921
v 4.2217 		53.3106 		32.6768
v 19.7583 		55.2003 		33.663
v 19.7737 		54.864 		33.7318
v 19.7562 		55.1007 		33.7004
v 3.9029 		53.2839 		32.8446
v 10.1021 		52.7379 		29.8539
v 19.6471 		55.2703 		33.2842
v 9.6856 		55.7027 		30.3759
v 7.3459 		57.8168 		32.0432
v 7.3611 		57.8013 		32.109
v 7.3872 		57.8263 		32.0702
v 18.3085 		50.5572 		33.3174
v 19.86 		55.2878 		33.3765
v 18.3785 		50.1704 		33.2729
v 19.936 		55.2938 		33.4094
v 9.9472 		52.9132 		29.7489
v 10.1222 		52.8633 		29.7489
v 18.2506 		50.0983 		33.4616
v 18.9865 		50.0523 		33.6603
v 7.9146 		56.7792 		31.5722
v 9.9748 		52.9375 		29.7682
v 10.7021 		46.9317 		32.4356
v 3.7958 		52.9624 		32.7379
v 7.9163 		57.0539 		31.6291
v -3.6376 		60.2084 		35.2395
v 8.1023 		56.7958 		31.4654
v -3.4745 		60.0129 		35.1244
v 3.8504 		52.9155 		32.753
v 4.201 		52.998 		32.6145
v 3.8732 		52.9582 		32.7847
v 7.903 		57.0672 		31.5719
v 7.885 		56.8088 		31.4466
v 7.8992 		56.8088 		31.4441
v 7.9765 		56.8088 		31.4306
v 20.832 		54.6389 		33.7567
v 7.9119 		57.1132 		31.619
v 7.884 		56.8098 		31.4425
v 8.1323 		56.8035 		31.4256
v 9.8568 		55.5429 		30.5097
v 2.7375 		53.0997 		33.2884
v 20.8943 		54.7154 		33.7389
v 17.9261 		50.3196 		33.3041
v 18.0599 		50.5391 		33.2729
v 8.0893 		56.8086 		31.4114
v 7.3032 		57.0859 		31.9524
v 7.3376 		56.6623 		31.8415
v 9.6794 		47.6625 		33.3661
v 19.9849 		54.6531 		33.2943
v 9.8571 		47.7106 		33.2943
v 7.3658 		56.7104 		31.7979
v 9.7915 		52.1174 		29.955
v 9.8452 		47.6186 		33.3415
v 9.8974 		52.15 		29.9331
v 17.7487 		50.9706 		32.9398
v 7.6434 		57.0017 		31.7706
v 17.7698 		51.0231 		32.9846
v 10.2385 		52.3662 		29.8622
v 9.9891 		52.2043 		29.904
v 3.2711 		53.3124 		32.9428
v 17.7194 		50.9867 		33.0205
v 19.8458 		54.5359 		33.663
v 19.8179 		54.6306 		33.7004
v 17.5491 		50.8066 		33.0496
v 17.9303 		50.8336 		33.1264
v 9.7592 		47.9025 		33.235
v 9.8452 		47.5952 		33.2718
v 9.8844 		47.5996 		33.31
v 17.9899 		50.8618 		33.0965
v 17.959 		50.8179 		33.0478
v 7.3356 		56.7386 		31.5665
v 9.8891 		48.4859 		32.8957
v 9.7903 		48.2415 		32.8954
v 9.9722 		55.4738 		30.494
v 9.7188 		52.4754 		29.9912
v 9.7927 		48.2575 		33.0549
v 9.9173 		48.246 		33.0205
v 8.0424 		56.4951 		31.4301
v 19.7174 		53.779 		33.2777
v 10.8102 		53.3563 		29.6285
v 7.9166 		56.3619 		31.4461
v 9.9618 		48.2178 		32.9915
v 9.9069 		48.3186 		32.8962
v 17.5153 		50.9238 		33.0039
v 10.8105 		53.4977 		29.6139
v 7.3901 		56.4734 		31.7931
v 10.422 		53.4625 		29.7143
v 10.4135 		53.5042 		29.7122
v 10.4082 		53.5246 		29.7114
v 10.4038 		53.5374 		29.7112
v 10.3987 		53.5522 		29.7109
v 17.5162 		50.6393 		32.842
v 3.2444 		53.3866 		33.1807
v 17.0668 		50.9078 		32.6162
v 19.7678 		53.5464 		33.3314
v 3.0893 		53.5871 		33.0104
v 7.4848 		56.4971 		31.3823
v 19.8316 		53.5206 		33.4468
v 19.871 		53.4818 		33.4221
v 19.8586 		53.5242 		33.3806
v 19.7948 		53.4586 		33.3895
v 19.7948 		53.4586 		33.3895
v 19.7948 		53.4586 		33.3895
v 19.7948 		53.4586 		33.3895
v 10.2503 		53.5432 		29.7489
v 19.7586 		53.499 		33.4162
v 10.3803 		53.6054 		29.71
v 19.7948 		53.4586 		33.3895
v 10.3762 		53.6144 		29.7101
v 10.2595 		53.5353 		29.7474
v 10.2633 		53.5327 		29.7467
v 10.4516 		53.3106 		29.7225
v 10.4486 		53.3323 		29.721
v 7.5126 		56.5425 		31.4357
v 9.6957 		48.173 		32.9132
v 10.2713 		53.4427 		29.7539
v 7.5924 		56.4601 		31.617
v 10.7386 		53.0785 		29.6747
v 16.9832 		50.9528 		32.8467
v 20.4897 		48.927 		34.3891
v 9.8802 		48.5337 		32.7865
v 20.1157 		48.7861 		34.3719
v 10.4541 		53.2917 		29.7238
v 10.4838 		53.0702 		29.739
v 10.3307 		53.16 		29.768
v 9.088 		58.1875 		31.3381
v 9.2846 		58.1982 		31.3058
v 10.3096 		53.222 		29.7669
v 9.1405 		57.9188 		31.1943
v 10.2948 		53.2858 		29.7641
v 10.2795 		53.3065 		29.7658
v 10.3205 		53.149 		29.7717
v 3.2334 		53.5257 		32.9393
v 10.3095 		53.1201 		29.7774
v -3.6436 		60.0084 		35.2404
v 20.7211 		48.6888 		34.4902
v 10.1338 		55.2119 		30.7692
v 9.4813 		58.1875 		31.3381
v 10.1958 		55.1437 		30.782
v 9.6546 		53.5172 		29.8999
v 9.6686 		53.4919 		29.8991
v 9.6773 		53.4665 		29.8995
v 9.6537 		53.5176 		29.9001
v 9.6537 		53.5202 		29.8999
v 20.6974 		48.6921 		34.5436
v 20.7312 		48.725 		34.5169
v 9.6529 		53.5233 		29.8998
v 9.6895 		53.4069 		29.9025
v 9.8686 		47.7773 		33.1768
v 9.6566 		53.3752 		29.914
v 9.6549 		53.3733 		29.9146
v 9.6535 		53.3729 		29.915
v 9.6508 		53.3609 		29.9169
v 9.6448 		53.3106 		29.9235
v 10.2667 		55.214 		30.4821
v 10.2356 		53.5352 		29.7533
v 10.2455 		53.5405 		29.7503
v 10.2235 		53.5174 		29.7582
v 17.6348 		50.5266 		32.9054
v 3.3064 		53.1988 		33.1223
v 10.1791 		53.4014 		29.7811
v -3.136 		59.8836 		35.1944
v -3.3256 		59.8652 		35.2247
v 9.9116 		48.1211 		32.998
v 10.1776 		53.3962 		29.782
v 10.1885 		53.429 		29.7759
v 10.2 		53.4557 		29.7703
v 10.128 		53.3145 		29.8027
v 10.1388 		53.3311 		29.7983
v 10.1645 		53.3478 		29.7902
v 8.9571 		57.8983 		31.296
v 19.5041 		58.547 		33.8469
v 10.1498 		53.3411 		29.7946
v 10.1235 		53.301 		29.8052
v 10.1054 		53.2723 		29.8127
v 10.1032 		53.265 		29.814
v 10.101 		53.2465 		29.8164
v 9.6847 		47.2615 		33.5601
v 9.7592 		46.9803 		33.6671
v 9.6023 		57.6845 		31.1901
v -3.613 		59.8871 		35.2985
v 3.0824 		53.0561 		33.189
v 9.8218 		47.4386 		33.4331
v 3.2622 		53.0327 		33.0971
v 10.5811 		47.2473 		32.6331
v 10.1054 		53.1825 		29.8218
v -3.5727 		59.9705 		35.3006
v 3.239 		53.0327 		33.0276
v -3.6525 		59.799 		35.2917
v 18.1142 		50.5091 		33.1237
v 10.3865 		47.1719 		32.6219
v 10.1552 		55.3104 		30.5141
v 10.1064 		53.1783 		29.822
v 9.594 		57.4291 		31.3242
v -3.6418 		59.8993 		35.2241
v 17.7114 		50.475 		32.9443
v 10.1045 		53.1937 		29.8209
v 10.1042 		53.2169 		29.8186
v 9.7156 		47.4507 		33.31
v 9.8218 		47.416 		33.3649
v 9.8588 		47.4116 		33.407
v 19.6236 		58.5966 		33.5349
v 9.1274 		57.4665 		30.9837
v 9.2846 		57.6302 		31.0341
v 9.4667 		57.6201 		31.0638
v -3.4264 		59.7489 		35.1072
v 19.4798 		58.8849 		33.5891
v 17.4587 		50.4973 		33.1128
v 9.5302 		57.2983 		30.9484
v 19.6002 		58.246 		33.911
v -3.7782 		60.4625 		35.4094
v -3.7836 		60.456 		35.4041
v -3.7791 		60.4539 		35.4154
v 8.7638 		57.5904 		31.1545
v 10.3058 		55.1203 		30.4281
v 19.4216 		57.9152 		33.2943
v 10.4622 		46.5885 		32.8592
v 10.3643 		46.8804 		32.7281
v 17.459 		50.2199 		33.1863
v 3.0596 		53.0561 		33.1208
v 9.9431 		53.5969 		29.8199
v 9.6758 		46.5247 		32.6477
v 3.0551 		53.0191 		33.1629
v 10.8105 		53.4977 		29.6139
v 9.7702 		46.6179 		32.6575
v 10.14 		46.444 		32.834
v 8.9598 		57.8334 		31.2637
v 8.5484 		57.5839 		31.1735
v 19.6156 		56.7552 		33.4224
v 10.076 		46.8985 		32.6504
v 19.5477 		56.7131 		33.3898
v -3.8227 		60.3098 		35.3762
v 16.969 		50.1286 		33.0454
v 19.5673 		56.7822 		33.4471
v -3.8749 		60.3142 		35.402
v 16.9722 		50.1268 		33.0469
v 19.3902 		57.0023 		33.278
v 8.9708 		57.5178 		31.3717
v -3.7417 		60.297 		35.3365
v 19.4988 		56.7911 		33.3314
v 19.5023 		56.7427 		33.4162
v 9.7592 		46.959 		33.6028
v 17.0304 		50.0918 		33.0742
v 2.8535 		53.3717 		33.1605
v 9.9431 		53.2251 		29.8579
v -3.9102 		60.3857 		35.4444
v -3.9075 		60.389 		35.4471
v -3.9081 		60.3845 		35.4498
v 8.7878 		57.2808 		31.0006
v 19.4614 		56.1442 		33.4453
v 19.5643 		56.1744 		33.4803
v 17.0757 		50.1636 		32.9019
v 17.0956 		50.1517 		32.9114
v 9.6646 		46.1204 		34.0723
v 19.5922 		56.2219 		33.456
v 9.0749 		58.4183 		30.2733
v 10.5838 		45.3098 		33.3409
v 19.5913 		56.1783 		33.4144
v 3.2435 		52.9935 		33.0659
v -3.9236 		60.3581 		35.4397
v 19.4991 		56.1806 		33.3765
v 9.6174 		58.2863 		30.6331
v 9.3837 		58.168 		30.6669
v -3.9114 		60.3736 		35.4525
v 19.4961 		56.2251 		33.4165
v -3.9176 		60.3558 		35.4551
v 10.0077 		55.023 		30.8443
v 4.7521 		51.4666 		32.5955
v 9.4982 		58.0793 		30.5465
v 4.7218 		51.4945 		32.6364
v 4.7681 		51.4829 		32.664
v 4.6138 		51.364 		32.7648
v 10.4849 		53.0628 		29.7396
v -3.9431 		60.3145 		35.4367
v 9.9668 		46.0771 		32.9108
v 9.7435 		46.248 		32.7631
v 10.2802 		53.0423 		29.7928
v 9.3932 		58.1914 		30.6055
v 10.2751 		53.0412 		29.7942
v 9.6441 		53.3044 		29.9243
v 10.2166 		46.1952 		32.9437
v 10.1085 		53.1696 		29.8224
v 19.5548 		54.0447 		34.9277
v 17.0348 		50.163 		32.9769
v 10.116 		53.0636 		29.8316
v 19.4492 		53.9593 		34.8975
v 10.1234 		53.1226 		29.8236
v 10.1241 		53.1285 		29.8228
v 9.3398 		58.1617 		30.6215
v 17.0544 		50.1532 		32.9787
v 10.1207 		53.1365 		29.8228
v 10.1164 		53.1457 		29.8229
v -3.853 		60.2416 		35.4468
v 19.6195 		53.9664 		34.958
v 19.5566 		54.0504 		34.923
v 17.2857 		50.2348 		32.8007
v 2.3958 		51.539 		32.9259
v 19.5777 		53.9258 		34.95
v 19.6174 		53.9365 		34.9624
v 19.5581 		54.0447 		34.9177
v 19.621 		53.9664 		34.9527
v 9.0307 		58.4242 		30.3196
v 19.6201 		53.9691 		34.9553
v 10.2468 		53.0366 		29.8018
v 2.3925 		51.2744 		32.8862
v 10.2461 		53.0331 		29.8023
v 9.9576 		45.5047 		33.0843
v 10.2436 		53.0254 		29.8037
v 2.6642 		51.6149 		32.7954
v 9.944 		45.5349 		32.9701
v 10.2272 		45.7132 		32.8805
v 2.4987 		51.4618 		32.8701
v 2.529 		51.3355 		32.8215
v 2.7167 		51.4209 		32.7325
v 17.0811 		50.0672 		32.7468
v 9.0203 		58.4485 		30.2567
v 10.1123 		53.1553 		29.823
v 9.2223 		57.4077 		30.3466
v 10.4111 		45.6203 		32.9241
v 9.5652 		57.5546 		30.3338
v -3.9811 		60.292 		35.4602
v -3.9657 		60.2686 		35.4287
v 9.9078 		45.4646 		33.0413
v 19.5726 		53.9475 		34.9135
v -3.9396 		60.2914 		35.4658
v -3.95 		60.2546 		35.4608
v 1.7877 		53.243 		33.8499
v 1.8933 		53.437 		33.8457
v 1.9654 		53.493 		33.8205
v 19.3801 		54.1711 		34.8316
v 10.107 		52.7569 		29.8659
v 10.107 		52.7547 		29.8661
v 10.1072 		52.7522 		29.8663
v 10.1212 		52.7194 		29.8662
v -3.9253 		60.2051 		35.4047
v -3.9971 		60.1751 		35.4444
v -3.995 		60.1748 		35.4498
v 10.4811 		44.6214 		33.507
v 10.2972 		54.9619 		30.4922
v -3.9817 		60.2018 		35.4551
v -3.9977 		60.1716 		35.4471
v 1.764 		53.213 		33.8285
v 10.482 		44.576 		33.4254
v 10.1227 		52.7115 		29.8667
v 10.3174 		44.7486 		33.3803
v 10.1281 		52.7485 		29.8615
v 10.1254 		52.7295 		29.8641
v 8.1504 		58.3077 		30.5168
v 10.1148 		52.7343 		29.8663
v 10.1071 		52.7579 		29.8657
v -3.89 		60.1802 		35.4311
v 10.1457 		52.7793 		29.8539
v 19.6141 		53.8905 		34.9725
v 10.1854 		52.8349 		29.8381
v 10.1919 		52.905 		29.8292
v 8.404 		58.3931 		30.4969
v 10.1077 		52.9444 		29.8461
v 19.621 		53.808 		34.9527
v 10.393 		44.7753 		33.3284
v 19.6411 		53.8869 		34.9666
v 1.8512 		53.2332 		33.8172
v 10.434 		44.549 		33.4752
v 19.6227 		53.846 		34.9473
v 19.6201 		53.8054 		34.9553
v 10.5411 		44.8539 		33.2801
v 7.4254 		58.1107 		30.2226
v 19.6183 		53.8161 		34.9601
v 9.9547 		55.1808 		30.6159
v -3.8891 		60.2368 		35.3706
v 10.3592 		44.7952 		33.4168
v 10.1118 		52.9993 		29.8394
v 10.1123 		53.0065 		29.8385
v -3.9583 		60.0283 		35.4094
v -3.9529 		60.0345 		35.4154
v -3.9571 		60.0363 		35.4041
v 19.6195 		53.808 		34.958
v 8.3675 		57.691 		30.2347
v 10.0594 		55.2967 		30.5251
v 9.9858 		55.2119 		30.4711
v 0.6817 		53.4405 		34.4128
v 0.6731 		53.415 		34.3912
v 0.6647 		53.5672 		34.3357
v 10.1439 		52.721 		29.8604
v 7.8834 		57.3849 		30.2887
v 0.3394 		53.5138 		34.5863
v 8.339 		57.3238 		30.1799
v 0.3168 		53.4942 		34.5748
v 17.1389 		50.0322 		32.7755
v 19.6254 		53.9012 		34.9399
v 0.326 		53.5138 		34.5466
v 19.5821 		53.8979 		34.9016
v -3.8153 		59.9547 		35.37
v -3.8622 		59.8753 		35.3386
v 19.5673 		53.8656 		34.8904
v 10.8113 		53.3617 		29.629
v 19.5613 		53.8374 		34.9046
v 0.6938 		53.5233 		34.4327
v 10.8104 		53.4968 		29.6146
v 10.8103 		53.496 		29.6155
v 7.3679 		57.4611 		30.2973
v -3.7889 		60.101 		35.3211
v 17.0778 		50.0689 		32.7453
v 9.6444 		46.1887 		34.0035
v 9.6752 		46.1866 		34.0382
v 9.6444 		46.2076 		34.0613
v 9.1526 		57.1826 		31.2957
v 9.0515 		56.8812 		31.0783
v 19.4347 		53.876 		34.9203
v 10.1857 		48.5607 		32.1058
v 19.4213 		53.8095 		34.8853
v 9.4492 		56.8706 		31.1106
v -3.7162 		59.6777 		35.2614
v 0.6668 		53.4405 		34.368
v 9.8618 		48.3993 		32.045
v -3.4846 		59.5935 		35.1214
v -3.5196 		59.4742 		35.1538
v 9.5694 		56.9907 		30.8461
v 17.1864 		50.004 		32.7993
v 19.4495 		53.6514 		34.8758
v -3.1817 		59.4336 		35.071
v 17.1327 		50.036 		32.7726
v 10.4835 		47.7574 		32.4792
v 10.5811 		47.8171 		32.5219
v 19.5548 		53.7291 		34.9277
v 10.7389 		53.081 		29.6756
v 19.5566 		53.7238 		34.923
v 19.4522 		53.6428 		34.8684
v 10.0321 		55.071 		30.6767
v -3.2766 		59.2541 		35.0259
v 10.0828 		54.996 		30.6731
v 9.5646 		56.8311 		31.0033
v 10.2551 		48.1442 		32.2238
v 10.4702 		47.5629 		32.1672
v 10.4882 		53.0667 		29.7395
v 10.1291 		54.9292 		30.6473
v 9.9989 		47.979 		32.2342
v 19.4644 		53.8267 		34.8316
v -1.1823 		60.2641 		34.4152
v -0.8862 		60.2039 		34.2939
v -1.1802 		60.3024 		34.3903
v -1.254 		60.0031 		34.4526
v -1.295 		59.8772 		34.4565
v 8.6774 		56.8667 		30.9976
v 10.1884 		54.8628 		30.5833
v -1.2051 		60.2653 		34.3618
v 8.6285 		56.8234 		30.9689
v 19.4477 		55.8731 		33.4764
v 12.4302 		53.3444 		30.2561
v 1.8248 		53.3877 		33.722
v 1.7687 		53.243 		33.7929
v 12.4536 		53.1187 		30.2721
v 19.3816 		55.8722 		33.4491
v -2.183 		60.4655 		34.7996
v -2.4096 		60.3878 		34.9171
v -1.987 		60.4077 		34.7409
v 10.2079 		55.0255 		30.4179
v 10.2068 		55.0302 		30.4186
v 10.2038 		55.062 		30.4233
v 10.2038 		55.0623 		30.4234
v 8.4989 		56.746 		30.7799
v 1.8972 		53.4506 		33.671
v 17.1042 		50.1182 		32.8239
v 10.2074 		54.9304 		30.418
v 1.8322 		53.2332 		33.76
v -1.5578 		60.3344 		34.568
v 10.2041 		55.0081 		30.4156
v 17.0891 		50.1262 		32.8162
v 19.4697 		55.7164 		33.2629
v 10.1647 		48.4079 		31.8089
v 10.5793 		48.5346 		31.6831
v 19.384 		55.5373 		33.2003
v 1.8301 		53.2024 		33.7947
v 8.6774 		56.9204 		30.8363
v 19.2935 		49.5511 		33.7431
v -1.5765 		60.343 		34.5199
v -1.5779 		60.3748 		34.5537
v 8.63 		56.9631 		30.8618
v 10.1874 		55.1484 		30.4369
v 19.1591 		49.5214 		33.684
v -1.6177 		60.1647 		34.6012
v 10.2192 		54.8945 		30.4421
v 10.087 		55.2088 		30.4502
v 10.0758 		55.2057 		30.4504
v 10.1416 		55.1726 		30.4423
v 10.1339 		55.1769 		30.4433
v 9.2846 		56.541 		30.9582
v -1.4824 		60.1226 		34.5463
v 1.4769 		53.0594 		32.7948
v 1.5691 		53.2679 		32.6788
v 1.3176 		53.181 		32.7895
v 9.0209 		56.5312 		30.8416
v -1.3478 		59.7097 		34.4656
v 9.5035 		56.5594 		30.9024
v -1.3988 		59.8658 		34.4957
v -1.3859 		59.8253 		34.4868
v 12.1745 		52.3276 		30.5002
v 10.5034 		48.0339 		31.8892
v 12.3023 		52.0735 		30.5637
v -1.3469 		59.7175 		34.4616
v -1.3492 		59.7104 		34.4618
v 9.4021 		56.6626 		30.593
v -1.3492 		59.7103 		34.4618
v 1.2778 		53.1635 		32.7067
v 1.312 		53.248 		32.7307
v 10.396 		48.0078 		31.9308
v 1.5012 		53.0588 		32.5913
v 9.1434 		56.8249 		30.6761
v 9.8677 		47.3713 		32.1862
v 9.8609 		47.0373 		32.3244
v 9.7165 		55.3089 		30.8994
v 19.3896 		54.457 		33.4824
v 12.1526 		51.846 		30.6197
v 1.7732 		52.855 		32.7527
v 1.767 		52.4656 		32.8494
v 19.5091 		53.8101 		33.4005
v 19.5688 		53.8098 		33.4221
v 1.2212 		52.9232 		32.9123
v 9.5035 		56.6493 		30.6328
v 1.6139 		52.8055 		32.8227
v 9.9146 		47.1191 		32.5299
v 19.6216 		53.8089 		33.4411
v 19.5857 		53.9374 		33.211
v 11.5128 		53.4085 		30.235
v 19.0224 		48.8988 		33.7188
v 10.4292 		47.069 		32.3526
v 11.7999 		53.0707 		30.3371
v 9.1402 		56.2284 		30.7544
v 9.6471 		55.4821 		30.5524
v 19.4172 		54.2737 		33.1347
v 1.3864 		52.7023 		32.6515
v 1.2532 		52.6323 		32.7156
v -2.2275 		59.6952 		34.8619
v 19.5335 		54.4757 		33.1323
v 18.6246 		49.1477 		33.8003
v 18.7172 		49.1625 		33.6971
v 9.4887 		56.2382 		30.7262
v 9.656 		55.4907 		30.5136
v 1.3416 		52.6691 		32.9464
v 11.4481 		53.2504 		30.1905
v 16.18 		61.0908 		34.9642
v 11.2998 		53.0707 		30.2988
v 1.1568 		52.5721 		33.0303
v 10.929 		53.0591 		30.1633
v 16.1794 		61.1255 		34.9666
v 9.7722 		55.3819 		30.6008
v 9.683 		46.4888 		32.567
v 9.8381 		46.6001 		32.5044
v 9.0432 		56.1898 		30.4519
v 18.6582 		49.1664 		33.7588
v 16.1088 		61.167 		34.9527
v 16.1079 		61.1658 		34.958
v 16.1067 		61.1679 		34.9553
v 18.7047 		49.1702 		33.6909
v -2.1068 		60.2051 		34.6602
v 0.1219 		52.5009 		33.259
v 8.6712 		44.5264 		35.0455
v -2.1836 		60.0345 		34.6469
v 0.7113 		52.4641 		33.1973
v 11.3461 		53.0457 		30.1716
v 16.0993 		61.0706 		34.9553
v 1.0156 		53.0149 		32.8316
v 8.7009 		56.302 		30.5334
v 16.1577 		61.1089 		34.9725
v 16.1687 		61.0988 		34.9716
v -2.337 		59.7406 		34.5763
v 8.5698 		56.2957 		30.553
v 18.7027 		49.0931 		33.5577
v 9.1755 		43.9638 		35.1674
v 0.6223 		52.7628 		33.0176
v 0.7006 		52.6148 		32.9692
v 9.1755 		43.9733 		35.1956
v 0.6096 		52.4644 		33.0182
v 16.1488 		61.1302 		34.9464
v 0.7353 		52.6777 		33.1279
v 16.1064 		61.108 		34.95
v 18.6958 		49.0972 		33.5541
v 16.126 		61.1172 		34.9574
v 8.5938 		56.0756 		30.9665
v 8.5757 		44.2411 		35.1401
v 8.6389 		44.2494 		35.165
v 0.6422 		52.7966 		33.1059
v 11.5839 		52.5993 		30.2534
v 0.5956 		52.8381 		33.0695
v 0.9569 		52.9766 		32.9579
v 18.713 		49.1417 		33.6182
v 18.724 		49.1358 		33.6247
v 11.6216 		52.6966 		30.2861
v 8.8584 		44.3781 		35.0761
v 16.1117 		61.0884 		34.8904
v -1.4152 		59.7381 		34.2896
v -1.3151 		60.0064 		34.3105
v -1.4341 		59.8044 		34.3112
v -1.4186 		59.7499 		34.2935
v -1.4151 		59.7378 		34.2895
v 8.3251 		57.2579 		31.0697
v 8.3304 		57.2238 		31.0525
v 8.2907 		57.2508 		31.1011
v 8.3304 		57.2043 		31.1112
v 10.0562 		55.1996 		30.45
v 11.3312 		52.8791 		30.1905
v 1.0699 		52.5359 		32.8028
v 16.1275 		61.121 		34.9316
v 8.9521 		43.9845 		35.2291
v 8.4209 		56.6653 		30.7683
v 0.3957 		52.7221 		33.1644
v 0.4598 		52.6812 		33.1952
v 9.7716 		55.421 		30.4964
v 16.0951 		61.1068 		34.9094
v 16.0578 		61.0854 		34.883
v 1.4573 		51.3648 		33.3198
v -1.5287 		59.8286 		34.3522
v -1.4167 		59.7383 		34.2856
v -1.4166 		59.7382 		34.2856
v -1.4151 		59.7376 		34.2895
v 8.6493 		44.0002 		35.2763
v 2.0977 		51.8474 		32.995
v 8.3945 		56.6321 		30.782
v 1.9129 		52.0352 		32.9511
v 16.2197 		61.054 		34.958
v 16.2298 		60.9528 		34.9277
v 8.4209 		56.6475 		30.8214
v 8.5689 		43.9472 		35.1315
v 1.9396 		51.9041 		33.0182
v 2.1229 		51.9785 		32.9351
v 16.1064 		60.9564 		34.9067
v 2.0384 		51.9462 		32.9751
v 8.5647 		43.9896 		35.1081
v 18.1735 		49.1836 		33.7585
v 8.0715 		56.4752 		31.2483
v 1.9414 		52.0479 		32.939
v 1.9942 		52.1699 		32.8239
v 16.2209 		61.0549 		34.9527
v 16.2224 		61.0522 		34.9553
v 16.2351 		60.9502 		34.923
v 1.9695 		52.0586 		32.9256
v 8.25 		43.9638 		35.1674
v 8.1785 		44.1583 		35.0838
v 7.2217 		56.2542 		31.3396
v 1.3042 		52.2434 		33.0555
v 16.069 		60.992 		34.8186
v 10.2412 		54.8842 		30.3951
v 7.7063 		56.2557 		31.2236
v 10.2154 		54.9258 		30.4024
v 10.193 		54.9618 		30.4087
v 10.7116 		53.1377 		30.3492
v 1.5255 		51.8661 		32.6145
v 9.9816 		55.2231 		30.456
v 10.6855 		53.0606 		30.365
v 8.8566 		47.0408 		33.849
v 10.0146 		55.1907 		30.4499
v 1.5406 		51.9773 		32.6628
v 16.0984 		60.9377 		34.8367
v 9.6507 		55.496 		30.5087
v 9.6425 		55.5009 		30.5097
v 9.659 		55.491 		30.5076
v 7.7891 		56.2358 		31.2325
v 9.7718 		55.422 		30.4934
v 9.773 		55.4211 		30.4932
v 16.0038 		61.1806 		34.923
v 9.0343 		46.8821 		33.8157
v 15.8771 		61.1569 		34.8758
v 16.0064 		61.1759 		34.9277
v 1.2046 		52.0058 		33.1368
v 15.9753 		60.9324 		34.8907
v 16.0044 		61.0107 		34.9144
v 9.4934 		46.347 		33.8751
v 17.9602 		49.5344 		33.5079
v -0.2307 		58.5441 		33.9996
v -0.1542 		58.7069 		34.0192
v 7.879 		56.1471 		30.3243
v 7.755 		56.4254 		30.3836
v 1.7931 		51.7582 		33.1113
v 2.2872 		51.7086 		32.9618
v 17.1965 		49.0946 		33.4408
v 18.0359 		48.9605 		33.7932
v 15.8807 		61.1599 		34.8616
v 15.7152 		61.119 		34.7946
v 9.182 		46.3367 		33.8436
v 15.7202 		61.1089 		34.8041
v 7.7372 		56.4328 		30.3383
v 7.871 		56.2278 		30.2327
v 10.4319 		53.0659 		30.3024
v 1.7782 		51.248 		33.1926
v 16.01 		61.0564 		34.8497
v 9.0562 		46.415 		33.9489
v 2.2089 		51.4592 		33.0143
v 9.0565 		46.4242 		33.9424
v 2.2513 		51.3527 		32.9885
v 2.1362 		51.3085 		33.0362
v 2.2792 		51.3648 		32.9751
v -0.6878 		58.6867 		34.1696
v -0.7362 		58.6072 		34.1343
v 2.2531 		51.2136 		32.9511
v 7.0063 		58.2652 		32.4098
v 7.1371 		58.157 		32.282
v 15.9284 		60.9353 		34.7308
v -1.1636 		58.8072 		34.3173
v 7.1092 		58.127 		32.2404
v 7.1253 		58.1104 		32.3092
v -1.0951 		58.9261 		34.36
v 15.9264 		60.9938 		34.8625
v 17.0748 		49.8219 		32.6693
v 6.9924 		57.9333 		32.1586
v 17.3812 		49.7845 		32.8491
v 1.2313 		51.2717 		32.729
v 15.8626 		60.9469 		34.8275
v -0.9726 		59.0459 		33.862
v 6.5495 		58.3308 		32.4424
v -0.8557 		58.6562 		33.8223
v 15.6229 		60.9709 		34.6688
v 17.2765 		49.9503 		32.8443
v 9.0532 		46.3957 		33.886
v -1.6239 		59.6525 		34.5626
v 18.5309 		59.2203 		33.4459
v 9.8316 		55.637 		30.3258
v 18.7403 		59.3052 		33.5298
v 9.8141 		55.6376 		30.3279
v 9.8293 		55.6299 		30.3222
v -1.8393 		59.6691 		34.6833
v 9.8241 		55.6678 		30.2287
v 18.6226 		59.2767 		33.4809
v 9.7803 		55.6929 		30.2371
v 9.7336 		55.7199 		30.2456
v 9.6482 		55.7697 		30.2613
v -1.4786 		59.2019 		34.5484
v 10.4592 		52.6065 		30.4498
v 10.404 		52.6599 		30.3946
v 18.5437 		59.3075 		33.4168
v 9.8513 		55.6509 		30.2268
v 9.8454 		55.6545 		30.2274
v 10.563 		52.6972 		30.4385
v 17.3726 		48.9988 		32.9562
v 17.3009 		48.9044 		33.0009
v 9.0482 		46.4004 		33.8599
v 9.8349 		55.6274 		30.3193
v 9.8529 		55.6193 		30.3096
v 18.6374 		59.3298 		33.4562
v 8.8444 		46.4351 		34.1399
v 18.6478 		59.2871 		33.415
v 0.657 		51.466 		33.4957
v 0.2999 		51.3034 		33.6502
v 0.5568 		51.5173 		33.4589
v 16.8224 		50.9262 		33.9193
v -2.4731 		59.18 		34.7913
v -2.3711 		59.3841 		34.8293
v 5.9996 		58.0911 		32.449
v -2.3367 		59.4404 		34.8542
v 8.5303 		46.7427 		33.9795
v 6.1948 		57.9811 		32.4048
v 8.4553 		46.7309 		33.9436
v 18.5582 		59.2654 		33.3768
v 8.7124 		46.7528 		34.0097
v 8.8946 		46.7427 		33.9795
v 6.0364 		58.0523 		32.4226
v 9.9568 		55.5779 		30.2391
v 9.9533 		55.5786 		30.2433
v 9.9361 		55.5819 		30.2646
v 9.8531 		55.6499 		30.2267
v 9.9111 		55.5932 		30.2782
v 9.9215 		55.5885 		30.2725
v 9.9538 		55.5813 		30.2353
v 9.9383 		55.5954 		30.2242
v 9.9107 		55.6131 		30.225
v 18.9527 		58.7102 		33.6054
v 6.1301 		57.952 		32.3549
v 16.1714 		51.0157 		33.5942
v 9.0298 		46.7875 		33.8626
v 0.2566 		52.104 		33.192
v -2.4553 		59.4194 		34.6086
v 6.6341 		57.5101 		32.3769
v 0.8783 		52.3122 		32.9051
v 19.0355 		58.7449 		33.3892
v 15.9234 		51.0326 		33.469
v 15.9771 		50.9876 		33.3275
v 18.921 		59.0005 		33.4091
v 6.8387 		57.5006 		32.2879
v 11.7186 		51.1857 		30.7799
v 15.8828 		51.1047 		33.4476
v 15.9462 		50.9063 		33.3382
v 0.9649 		52.0915 		32.8873
v 9.0114 		46.3963 		34.0566
v 9.0085 		46.3367 		34.0863
v 18.5905 		58.9839 		33.4785
v 18.5244 		58.9371 		33.4497
v 9.015 		46.4684 		34.021
v 9.015 		46.4684 		34.021
v 9.015 		46.4684 		34.021
v 7.0004 		57.8313 		32.3179
v 9.0144 		46.4583 		34.026
v 9.015 		46.4684 		34.021
v 15.9815 		50.7915 		33.4737
v 9.0147 		46.4627 		34.0237
v -2.0341 		59.1601 		34.6383
v 15.929 		50.7971 		33.4471
v 7.1128 		57.3057 		32.1067
v 15.9415 		50.7615 		33.4242
v 15.9477 		50.7924 		33.3892
v 11.47 		52.3896 		30.2534
v -1.9303 		59.2989 		34.7041
v -1.9882 		59.1987 		34.6676
v 15.9999 		50.7867 		33.4162
v 11.662 		52.0841 		30.4504
v 15.9967 		50.7559 		33.4524
v 7.0754 		57.6311 		32.2235
v 9.0141 		46.3904 		33.8054
v 16.5733 		50.7773 		32.766
v 16.8711 		51.1121 		32.7669
v 18.6525 		59.0643 		33.3332
v -1.9831 		59.1349 		34.616
v 11.3286 		52.3487 		30.5067
v 9.0215 		46.6096 		33.951
v 11.7047 		54.6537 		30.8496
v 18.5911 		58.9412 		33.2741
v 16.621 		49.9915 		33.0935
v 1.0945 		51.9601 		32.8497
v 16.7391 		50.1544 		33.0306
v 16.4389 		50.0945 		33.0119
v -1.8645 		58.8932 		34.5291
v -1.6533 		58.9724 		34.4719
v -1.6835 		58.9872 		34.4852
v 11.8144 		54.0916 		31.081
v 1.1028 		51.6751 		32.8153
v 7.9768 		46.7059 		33.8697
v 8.0839 		46.388 		34.0361
v 11.9571 		53.8869 		31.2231
v 11.802 		53.9967 		31.1181
v 11.8049 		53.7425 		31.1092
v 1.1322 		51.5535 		32.7684
v 8.3387 		46.4891 		34.0068
v 10.9661 		52.346 		30.1716
v 16.3422 		50.4955 		32.7533
v 11.1186 		51.9103 		30.4465
v -1.8769 		58.5396 		34.4514
v 16.322 		50.3979 		32.8393
v 10.8988 		51.87 		30.3157
v 16.3493 		50.3825 		32.8518
v 16.4279 		50.3359 		32.8885
v 11.8144 		53.6829 		31.081
v -2.4464 		58.6117 		34.6065
v 6.9458 		57.6346 		32.0399
v -2.2346 		58.7469 		34.4778
v 6.7839 		57.5554 		32.0548
v 16.2093 		50.1805 		32.9259
v -2.1009 		58.9718 		34.6252
v -2.4058 		58.625 		34.6205
v 8.495 		48.2371 		33.2537
v 15.8395 		50.1532 		32.8123
v 11.0675 		51.7543 		30.3744
v 11.5644 		51.3221 		30.6366
v 8.4941 		48.3112 		33.2166
v 16.2138 		50.4528 		32.7871
v 8.7124 		48.2169 		33.3056
v 0.5049 		51.4037 		33.0997
v 16.0631 		50.0316 		32.9244
v 16.2686 		50.2775 		32.9013
v 0.5333 		51.288 		33.0555
v 8.7124 		48.3548 		33.235
v 8.8774 		48.3788 		33.1958
v 8.9049 		48.2845 		33.2382
v 16.2948 		50.4115 		32.8259
v 16.215 		50.3068 		32.8755
v 8.8255 		48.2457 		33.2807
v 0.5194 		51.5043 		33.1442
v 16.1441 		49.9877 		32.9609
v 11.4982 		54.0756 		30.9069
v 17.4415 		58.9819 		32.987
v -2.0519 		59.3491 		34.3864
v 17.2804 		58.9445 		32.8313
v -1.5421 		59.4392 		34.1877
v -1.4786 		59.5493 		34.2277
v 17.1953 		58.4859 		32.8942
v 17.109 		58.7277 		32.8633
v -1.7013 		59.6848 		34.3858
v 6.7489 		57.3804 		31.9975
v 4.0865 		49.4858 		33.8371
v 9.3261 		48.0638 		33.2139
v 9.5676 		47.912 		33.2637
v 11.4899 		54.0207 		30.933
v 10.06 		51.7979 		30.6639
v 15.5446 		51.1106 		33.2795
v 17.5963 		58.7434 		32.8627
v 17.2762 		58.5194 		32.6833
v 3.5686 		49.2278 		34.0074
v 3.7166 		49.2031 		34.0195
v 9.3739 		47.7307 		33.3732
v 9.5504 		47.7307 		33.3554
v 16.2182 		60.8191 		34.8684
v 16.1868 		60.7446 		34.8399
v 4.0194 		49.1506 		34.0097
v 16.2144 		60.8265 		34.8616
v 15.1991 		50.8811 		33.0766
v 16.0509 		60.7678 		34.8269
v 6.5344 		57.4045 		32.4801
v -1.7553 		59.0177 		34.2954
v 16.0177 		60.8303 		34.8397
v 9.491 		47.6008 		33.4248
v 11.6919 		53.6494 		30.9751
v -1.7126 		58.9403 		34.3778
v 15.5989 		51.0961 		33.1101
v -1.7755 		58.9721 		34.4072
v -1.726 		59.0032 		34.2811
v 6.0225 		57.4077 		32.1408
v 5.9996 		57.6533 		32.2075
v 11.4982 		53.6983 		30.9069
v 10.8454 		52.2241 		30.2872
v 15.7677 		60.8742 		34.7729
v 6.1574 		57.7945 		32.2422
v 6.4327 		57.5062 		32.0488
v 15.8353 		60.7055 		34.7812
v 11.9194 		53.6366 		30.8814
v -1.8686 		58.6906 		34.3072
v 9.0719 		47.7924 		33.3631
v 9.0716 		47.7901 		33.3643
v 6.5015 		57.5563 		32.0883
v 4.1413 		49.0148 		33.9795
v 11.7954 		53.6402 		31.0285
v 6.2292 		57.8467 		32.2837
v 6.3947 		57.7652 		32.2579
v 11.1811 		53.9332 		30.7758
v 9.1155 		47.7485 		33.305
v 9.1167 		47.7604 		33.2958
v -0.231 		58.9952 		33.582
v 11.1835 		53.7947 		30.7692
v 15.9086 		60.6877 		34.7578
v -0.3339 		58.7813 		33.5506
v 10.0988 		51.3577 		30.7476
v 9.1274 		47.7216 		33.2421
v 10.1872 		51.6223 		30.7055
v 2.9647 		49.4677 		34.0154
v 8.5282 		47.9019 		33.4248
v 2.9884 		49.4472 		33.9807
v 3.1542 		49.5012 		34.0011
v 9.9289 		51.2818 		30.7342
v 9.0162 		48.0858 		33.2789
v 9.0061 		47.7592 		33.4396
v 3.4663 		49.6377 		33.8697
v 5.6864 		58.2652 		32.5857
v 3.2634 		49.8156 		33.8163
v 8.9204 		47.7726 		33.4803
v 8.7124 		47.7835 		33.5144
v -2.5826 		60.4892 		34.9352
v -2.8199 		60.3979 		34.9877
v 15.9892 		60.8745 		34.7308
v 8.8486 		48.0336 		33.3762
v 8.9272 		48.0994 		33.321
v 9.0117 		47.9407 		33.3501
v 14.9493 		50.9098 		32.8713
v 16.137 		60.569 		34.748
v 5.4206 		58.0057 		32.5726
v 5.5197 		57.9028 		32.4949
v 15.7671 		60.8787 		34.6768
v 15.7603 		60.8467 		34.64
v 15.4328 		50.3739 		32.6082
v 15.7938 		60.7485 		34.5893
v 5.5289 		58.1241 		32.5507
v 9.6207 		48.5218 		32.9419
v -2.5597 		60.1342 		34.8165
v 2.9709 		49.4182 		34.0652
v 5.9385 		58.1487 		32.494
v 15.8833 		60.7301 		34.6267
v 5.9103 		58.0514 		32.4175
v 16.7317 		49.6685 		33.2204
v -2.5108 		60.114 		34.9444
v 3.0021 		49.4609 		34.0385
v 16.328 		49.3977 		33.0306
v 16.4006 		49.5855 		33.0935
v 2.9576 		49.4045 		34.0079
v 5.9611 		57.8868 		32.3184
v -2.6799 		59.6386 		35.0066
v 11.3828 		54.5893 		30.7366
v 9.5958 		48.2673 		33.0849
v 11.0836 		54.5475 		30.5569
v 16.8883 		49.923 		33.181
v 9.3383 		48.254 		33.119
v -2.8003 		59.5896 		34.7827
v 16.0939 		60.4901 		34.6896
v -2.8021 		59.5425 		34.8085
v 9.0838 		48.4204 		33.044
v 15.7309 		60.5094 		34.6641
v 2.9324 		49.4226 		34.0435
v 15.9964 		60.599 		34.6649
v 9.9469 		50.8452 		30.8861
v 16.1782 		49.786 		32.998
v 15.9703 		49.767 		32.9028
v -2.8694 		59.5778 		34.8423
v 15.7656 		60.5435 		34.5181
v 5.9848 		57.9755 		32.3641
v 15.7926 		49.6759 		32.7871
v -2.8902 		59.5956 		35.009
v 16.0067 		49.5591 		32.8885
v 16.0503 		49.6828 		32.9375
v 15.9884 		60.2798 		34.6053
v 11.5872 		53.9884 		30.6405
v 3.479 		48.7867 		34.2942
v 16.142 		49.4914 		32.9482
v 15.8988 		60.1149 		34.4772
v -2.8646 		59.3986 		34.8165
v 15.9433 		60.1588 		34.5282
v 3.393 		48.8528 		34.2515
v 11.4689 		53.6636 		30.661
v -2.9658 		59.1245 		34.8435
v -2.9234 		59.2441 		34.8281
v -2.8157 		59.3781 		34.9444
v 3.1533 		49.3574 		33.9047
v 10.8988 		53.9967 		30.5984
v 10.894 		53.9439 		30.612
v 3.2082 		49.3479 		34.0602
v 11.1939 		54.059 		30.7378
v 11.5395 		53.0656 		30.0366
v 16.3941 		49.0685 		33.0383
v 16.4742 		49.2194 		33.0451
v 15.4838 		60.7684 		34.6388
v 9.5676 		48.5129 		32.7242
v 16.6652 		48.7579 		33.1863
v 16.3793 		48.8849 		33.0606
v 5.8003 		57.8527 		32.344
v 15.5977 		60.7114 		34.5181
v 3.1429 		49.3239 		33.9187
v 15.6259 		60.6906 		34.5015
v -3.2164 		59.4481 		34.9811
v 11.6252 		53.5064 		30.133
v 5.7537 		57.5958 		32.3131
v 3.3254 		48.7852 		33.9649
v 15.2219 		60.8728 		34.5433
v 15.2127 		60.8891 		34.5282
v -2.975 		59.0427 		34.8996
v -2.5491 		59.01 		34.778
v 9.5803 		48.3688 		32.7966
v 15.2287 		60.8802 		34.5128
v 5.5336 		57.5866 		32.4985
v 15.2827 		60.6203 		34.5202
v -2.9895 		59.0483 		34.8613
v 11.2749 		53.9795 		30.4949
v 16.7082 		49.0993 		32.804
v -0.6053 		54.2844 		35.1004
v 3.8705 		50.6206 		33.224
v 16.4985 		49.0115 		32.7509
v 9.3383 		48.1709 		32.8695
v 9.3368 		48.1923 		32.8589
v 16.4784 		48.83 		32.7886
v 3.8035 		50.596 		33.2985
v -0.6056 		54.554 		35.0363
v 3.8447 		50.5815 		33.3299
v 16.4193 		48.7852 		32.7812
v 15.5802 		60.4723 		34.6335
v 11.2645 		53.7149 		30.5257
v 11.2749 		53.7947 		30.4949
v 11.1337 		53.4263 		30.0651
v 5.5043 		57.7144 		32.494
v -0.6917 		54.5282 		35.0947
v 5.6084 		57.7349 		32.4119
v 10.9554 		53.4622 		30.0485
v 5.6775 		57.6682 		32.3641
v -0.9026 		54.2408 		35.2353
v -0.9236 		54.4013 		35.2229
v 15.7775 		49.1675 		32.7939
v 4.747 		50.308 		33.2789
v 15.956 		49.0845 		32.8728
v 9.0835 		48.3504 		32.7663
v -0.6884 		54.5164 		35.1054
v 15.6197 		60.3341 		34.5433
v -0.8569 		54.4398 		35.1701
v -0.926 		54.4096 		35.2152
v 4.4172 		50.4032 		33.2863
v 10.9056 		53.7324 		30.577
v 9.3368 		48.1496 		32.8808
v 4.2351 		50.575 		33.2637
v 4.7236 		50.3801 		33.1994
v 15.3984 		60.4818 		34.5685
v 5.5695 		57.6456 		32.4436
v 5.6241 		57.5946 		32.4068
v 15.0896 		60.6257 		34.4431
v -1.0286 		54.3233 		35.2745
v -1.0933 		54.2447 		35.3041
v 15.3296 		60.1582 		34.4493
v 4.5237 		50.0692 		33.4396
v -1.0948 		54.2447 		35.2994
v -1.0503 		54.2497 		35.2644
v 4.648 		50.2024 		33.3501
v -1.0936 		54.2473 		35.3021
v -1.0319 		54.3233 		35.2644
v 5.6808 		57.7749 		32.3766
v -1.0304 		54.3286 		35.2691
v 4.7197 		50.1502 		33.3919
v 11.134 		53.1588 		29.8773
v 15.4625 		60.332 		34.2749
v 11.1595 		53.3287 		29.7613
v 9.0162 		48.464 		33.0837
v 5.6766 		57.4537 		32.4012
v 5.5989 		57.5255 		32.4543
v -0.3532 		54.1871 		35.0393
v 15.3088 		60.6464 		34.4099
v 4.3457 		50.27 		33.3604
v 15.5921 		49.6836 		32.6367
v 4.416 		50.2232 		33.3566
v -0.5751 		54.2189 		35.1277
v 15.6084 		60.3602 		34.3805
v 15.5844 		60.3934 		34.3618
v -0.5709 		54.0424 		35.0844
v 15.6523 		48.8181 		32.7862
v 11.1488 		53.588 		29.7059
v 15.4856 		49.8548 		32.6337
v 14.8772 		60.6785 		34.3069
v 3.6054 		50.2695 		33.5286
v 11.1473 		53.5295 		29.7275
v 17.8715 		53.3836 		32.4724
v -0.6056 		53.7769 		35.0363
v 5.8822 		57.5792 		32.2404
v 14.9991 		60.5711 		34.2746
v 17.8048 		53.1487 		32.4605
v -0.7608 		54.2085 		35.2054
v 5.8062 		57.4235 		32.2837
v 5.9391 		57.2989 		32.1942
v 15.0935 		60.4824 		34.2633
v 3.9358 		50.5302 		33.3492
v 3.9127 		50.33 		33.4497
v 10.9682 		53.6983 		30.4175
v -0.9473 		54.0946 		35.1965
v 9.0117 		48.4841 		32.6385
v 11.5902 		52.9093 		29.9648
v 4.0559 		50.3587 		33.4049
v -0.9135 		54.105 		35.2525
v -0.7655 		54.0854 		35.1908
v 10.8329 		54.7848 		30.733
v 8.4956 		48.2199 		32.7189
v 15.5458 		60.2422 		34.339
v 3.945 		50.4694 		33.2074
v 8.498 		48.3255 		32.6679
v -0.926 		53.9211 		35.2152
v 6.8859 		57.0346 		32.201
v 17.2866 		53.2169 		32.4709
v 10.808 		54.4567 		30.3946
v 15.213 		60.2893 		34.1628
v 11.11 		52.5626 		30.1155
v 11.3855 		52.904 		29.9058
v -0.9426 		54.1735 		35.1662
v -0.8035 		54.1222 		35.0772
v -0.8151 		54.0711 		35.1188
v 17.469 		53.3201 		32.2938
v 17.267 		53.2741 		32.2063
v 3.7522 		50.4611 		33.407
v 3.8281 		50.5652 		33.2599
v 17.0464 		53.0882 		32.3576
v 3.7356 		50.445 		33.3382
v 6.0242 		57.2143 		32.5554
v 6.3992 		57.2535 		32.5139
v 11.2624 		52.8624 		30.1375
v -1.0191 		54.1583 		35.3027
v 11.0741 		52.8693 		30.0473
v -1.0224 		54.2058 		35.2941
v 6.2452 		56.9041 		32.2938
v 3.7062 		50.4682 		33.3803
v 8.8257 		48.1472 		32.7236
v 8.9299 		48.2199 		32.7189
v 9.0197 		48.2344 		32.7616
v 15.5992 		59.867 		34.2393
v 3.6614 		50.1671 		33.431
v -1.031 		54.2159 		35.2484
v 8.7124 		48.3139 		32.632
v 17.8425 		52.9852 		32.5086
v 8.7124 		48.1763 		32.6987
v 10.7899 		53.6556 		30.5254
v 17.8484 		52.9057 		32.5608
v 15.1495 		59.9233 		34.3049
v 10.8288 		53.5322 		29.9616
v 15.1908 		59.8936 		34.2814
v 10.8246 		53.5123 		29.9476
v 16.9767 		52.7474 		32.2443
v 8.8756 		48.321 		32.6545
v 4.2644 		51.0923 		32.9932
v 10.6324 		53.9839 		30.4459
v -1.0909 		54.1898 		35.311
v 4.5631 		51.1747 		32.8921
v -1.0894 		54.1853 		35.3142
v 6.258 		56.9127 		32.2932
v 17.0238 		52.7506 		32.1627
v 16.9565 		52.6863 		32.182
v -1.0962 		54.2061 		35.2935
v -1.0968 		54.1901 		35.2932
v -1.0968 		54.1901 		35.2935
v 17.1884 		52.7936 		32.3333
v 9.5676 		47.8464 		33.068
v 9.3261 		47.9823 		32.9692
v 10.6303 		53.8134 		30.4519
v 4.7058 		51.0457 		32.9209
v 15.0484 		60.017 		34.3215
v 10.5507 		53.7361 		30.3715
v 10.554 		53.75 		30.3707
v 4.2769 		50.9389 		32.9167
v -1.1149 		54.1652 		35.3127
v 10.5544 		53.7481 		30.3681
v 17.4643 		52.8657 		32.4492
v 9.3855 		47.5768 		33.1937
v 17.4984 		52.8699 		32.3662
v -1.0879 		54.1726 		35.3193
v -1.1048 		54.1791 		35.3021
v 6.0302 		57.1271 		32.1615
v 10.6294 		54.8032 		30.5836
v -1.0989 		54.1794 		35.2866
v 10.7997 		53.1125 		30.1007
v 10.6357 		53.1789 		30.0215
v 9.5652 		47.6275 		33.1866
v 6.1707 		56.9554 		32.0534
v 6.1874 		56.9619 		32.0488
v 4.3383 		51.1465 		32.8601
v 6.1842 		56.9554 		32.0482
v 6.1874 		56.9619 		32.049
v 6.1753 		56.9554 		32.0517
v 10.7072 		53.2688 		29.9153
v 4.5483 		50.9069 		32.7966
v 10.5422 		53.0888 		30.0586
v 4.4673 		50.8395 		32.8494
v 6.1924 		56.9572 		32.069
v -1.0936 		54.0836 		35.3021
v -1.0933 		54.0863 		35.3041
v 10.6084 		54.2701 		30.3549
v -1.0948 		54.0863 		35.2994
v -1.0915 		54.1076 		35.3086
v -1.0776 		54.1361 		35.3062
v 6.4555 		56.8112 		32.2369
v 9.0719 		47.7058 		33.103
v 15.407 		59.5671 		34.1767
v 15.5633 		59.5591 		34.1954
v 17.0212 		51.4885 		32.5694
v 15.5936 		59.5614 		34.1832
v 17.0271 		51.2732 		32.5676
v 10.1451 		54.8008 		30.8108
v 9.1105 		47.7061 		33.1706
v 15.5731 		59.5689 		34.1539
v -1.0265 		54.1171 		35.2875
v 10.2593 		54.5517 		30.7835
v 15.428 		59.347 		34.018
v 15.1412 		59.6273 		33.9507
v 10.8112 		53.3894 		29.6295
v 10.8119 		53.3653 		29.6293
v 4.1719 		51.0703 		32.9915
v -1.0437 		54.1219 		35.2579
v 6.2161 		56.894 		32.2226
v 15.2869 		59.4903 		33.9729
v 4.1034 		50.9202 		33.0279
v 15.2691 		59.4517 		34.0954
v 9.1149 		47.7192 		33.1706
v 16.95 		51.3227 		32.5296
v 9.0716 		47.7035 		33.1045
v -1.0411 		54.1438 		35.2371
v 15.3916 		59.2969 		34.0391
v 15.4417 		59.3247 		34.0415
v 15.4174 		59.3363 		34.0628
v 10.808 		53.4809 		29.6314
v 10.8102 		53.4181 		29.6301
v 10.811 		53.3964 		29.6296
v 4.1888 		50.5284 		33.068
v 6.2405 		56.9088 		32.2737
v 6.2357 		56.9056 		32.2642
v -1.0319 		54.0074 		35.2644
v 10.2753 		54.7267 		30.5533
v 10.7003 		53.5393 		29.7729
v 10.7775 		53.3471 		29.7417
v 10.7785 		53.3529 		29.7428
v -1.0286 		54.0074 		35.2745
v 15.1047 		59.5908 		34.1067
v 10.7511 		53.4205 		29.7384
v 10.7262 		53.4768 		29.7355
v 10.7024 		53.4902 		29.7338
v -1.0304 		54.002 		35.2691
v 10.732 		53.4736 		29.736
v 16.1094 		53.5215 		32.0396
v 6.19 		56.9115 		32.1989
v 16.8144 		53.5684 		32.3401
v 16.8604 		53.5734 		32.3594
v 16.783 		53.197 		32.2751
v 16.166 		53.173 		32.0144
v 6.0916 		56.7694 		32.026
v 6.1803 		56.94 		32.1028
v -0.8512 		53.8911 		35.1867
v -0.8569 		53.8911 		35.1701
v 10.7716 		53.3106 		29.7349
v -0.6917 		53.8021 		35.0947
v 8.8732 		47.8002 		32.9268
v 10.7016 		53.5208 		29.7567
v 6.1802 		56.9473 		32.0472
v 9.0162 		47.9609 		32.9048
v -0.3087 		58.4085 		33.9507
v 4.6589 		50.3157 		32.9312
v -0.732 		57.5311 		33.8175
v 6.1892 		56.9254 		32.1022
v 10.3988 		54.5449 		30.348
v 10.3824 		54.6021 		30.3493
v 16.7275 		53.2033 		31.9809
v 16.7993 		58.8128 		32.7168
v 16.5552 		58.6793 		32.6207
v 10.3678 		54.576 		30.4195
v 4.5616 		50.1155 		32.9817
v 4.6138 		50.0437 		32.9398
v 16.5801 		58.499 		32.64
v 4.6589 		50.2199 		32.9048
v 6.1721 		56.9537 		32.0524
v -0.3061 		58.3258 		33.8825
v 8.5552 		47.6207 		33.025
v 8.501 		47.8043 		32.9398
v 16.8147 		58.8769 		32.6871
v 16.8292 		58.8255 		32.6382
v 10.2875 		54.7786 		30.4335
v 6.7658 		56.5226 		32.0073
v 4.3576 		50.1647 		33.1083
v -0.9577 		58.351 		33.8765
v 10.3349 		54.6836 		30.4281
v 6.0085 		56.4743 		32.1773
v 8.4956 		48.0505 		32.8064
v 8.5997 		48.1048 		32.7453
v 10.3859 		54.5078 		30.4228
v 10.3883 		54.484 		30.4361
v 15.8021 		53.5022 		31.9079
v 10.4286 		54.4407 		30.3457
v 8.5766 		47.8693 		32.8817
v 10.425 		54.4538 		30.346
v 14.9475 		58.9276 		33.7873
v 15.7439 		53.3744 		31.5787
v -2.0107 		58.3468 		34.3677
v -2.0166 		58.3103 		34.3944
v 10.7184 		53.0784 		29.7489
v -1.9867 		58.3459 		34.4211
v 10.7042 		53.0211 		29.7554
v 15.0662 		58.825 		33.7526
v -1.5569 		58.0466 		34.1435
v 4.7298 		50.2956 		32.8488
v 10.377 		54.4989 		30.4587
v -1.4578 		58.3382 		34.094
v 9.0212 		48.1282 		32.815
v 15.9572 		53.0416 		31.6822
v 16.5187 		53.1949 		31.8967
v 15.6989 		58.5758 		32.2123
v 10.7687 		53.2929 		29.7317
v 15.706 		58.5126 		32.2553
v 15.8489 		58.5583 		32.217
v -0.5442 		58.1362 		33.6766
v 16.5507 		58.8075 		32.575
v 16.417 		58.7102 		32.556
v 10.5829 		54.2038 		30.3527
v 10.7596 		53.2351 		29.72
v 10.7603 		53.2405 		29.7215
v 15.902 		52.861 		31.8379
v 16.578 		58.7579 		32.5302
v 4.7123 		50.0363 		32.882
v 10.742 		53.1093 		29.6863
v 6.1835 		56.3856 		32.0871
v 16.0041 		52.7432 		31.7475
v 15.9676 		52.7456 		31.8275
v 15.9373 		52.9215 		31.6846
v 6.1717 		56.1804 		31.9851
v 4.0731 		50.3893 		33.1626
v 10.3441 		54.2773 		30.7636
v 8.1085 		47.9194 		33.2863
v -0.6439 		57.8737 		33.6965
v 16.5481 		52.7447 		31.9687
v 16.0145 		52.6845 		31.7949
v 10.8199 		52.7743 		29.9802
v 16.2793 		52.9146 		31.8243
v 10.4509 		54.2805 		30.418
v 10.4626 		54.3217 		30.3436
v 3.4253 		50.0366 		33.6028
v 19.0325 		58.453 		33.6081
v -0.4357 		58.4607 		33.6191
v -0.1486 		58.2454 		33.5248
v 10.4592 		54.3338 		30.3433
v 10.4336 		54.4234 		30.3453
v 6.7907 		57.1301 		31.7967
v 4.421 		49.5519 		33.7374
v 4.5385 		49.9239 		33.539
v 15.2418 		53.5939 		32.4878
v 10.3492 		54.2135 		30.7603
v 6.8551 		57.177 		31.8341
v 15.1703 		53.4085 		32.5172
v 10.5503 		52.812 		30.066
v 19.3427 		58.1389 		33.2629
v 19.2665 		58.3023 		33.2827
v 7.0556 		56.9616 		31.6902
v 7.0983 		56.9993 		31.7412
v 15.2261 		53.0564 		32.578
v 7.2077 		56.6911 		31.5048
v 10.5715 		54.1726 		30.3517
v 10.5527 		54.0437 		30.3499
v 8.344 		48.0259 		33.2465
v 10.5689 		54.158 		30.3515
v 10.404 		52.4463 		30.0485
v 4.7485 		49.8794 		33.5144
v 14.8974 		53.2733 		32.3792
v 18.552 		58.4675 		33.4257
v 15.0333 		53.0324 		32.4771
v 10.476 		54.1991 		30.3443
v 10.4772 		54.1628 		30.3443
v 18.6267 		58.2252 		33.4824
v 18.5327 		58.2744 		33.3969
v 10.5254 		54.0255 		30.3483
v 6.4855 		56.7074 		31.8539
v 10.5375 		54.0344 		30.3487
v 10.5375 		54.0344 		30.3487
v 8.4229 		47.651 		33.4927
v 15.0238 		52.8399 		32.5059
v 10.5459 		54.041 		30.3494
v 8.2343 		47.7924 		33.3563
v 8.1533 		47.7761 		33.3596
v 18.5401 		58.2771 		33.3999
v 6.2767 		56.9836 		31.9673
v 7.884 		47.6338 		33.4043
v 6.5228 		56.862 		31.7967
v 10.361 		53.8508 		30.7603
v 6.3559 		57.0862 		31.9168
v 4.7319 		49.3716 		33.259
v 18.5683 		58.3456 		33.3444
v 14.9719 		52.6741 		32.5602
v 10.4788 		53.9587 		30.3611
v 10.6796 		52.5626 		30.0339
v 18.592 		58.3723 		33.2872
v 18.5784 		58.3673 		33.281
v 10.4807 		54.0506 		30.3443
v 10.4821 		53.9834 		30.3472
v 10.4808 		54.0478 		30.3443
v 14.9784 		52.6833 		32.5548
v 10.5516 		53.7508 		30.3703
v 18.6172 		58.361 		33.2145
v 3.6101 		49.8251 		33.5467
v -0.0973 		58.0274 		33.4764
v 10.4638 		53.7328 		30.3592
v 10.4797 		53.8098 		30.3602
v 10.484 		53.6446 		30.3704
v 10.4778 		53.626 		30.3733
v 18.6057 		58.3563 		33.2083
v 14.8692 		52.7014 		32.465
v 6.691 		56.5974 		31.6902
v 10.5692 		52.7646 		29.7883
v 10.5108 		52.661 		29.8058
v 10.5232 		53.7719 		30.3642
v 6.8868 		56.3376 		31.8382
v 10.4795 		53.8012 		30.3551
v 7.049 		56.358 		31.875
v 10.5155 		53.6704 		30.3807
v 10.508 		53.6875 		30.3699
v 10.5474 		53.7327 		30.3714
v 10.8228 		52.9909 		29.6798
v 18.2337 		57.9633 		33.3483
v -0.3989 		57.6521 		33.7659
v 14.9375 		52.5225 		32.5448
v -0.3188 		57.6385 		33.7371
v 18.1584 		58.1383 		33.2388
v -0.3689 		57.6827 		33.5615
v 7.1555 		56.1679 		31.3823
v 10.5123 		52.2882 		30.0728
v 18.8777 		57.3638 		33.3806
v 10.4954 		52.2704 		30.0894
v -0.4998 		57.6391 		33.6206
v 3.6516 		49.8667 		33.7232
v 19.2662 		57.8509 		33.7004
v 10.4418 		53.6378 		30.365
v 14.8722 		52.4647 		32.5806
v 10.5911 		53.606 		30.1582
v 10.6669 		53.5475 		29.8826
v 7.6784 		47.6702 		33.3486
v 7.7621 		47.9072 		33.2495
v 7.5773 		47.6418 		33.3293
v 6.4104 		56.202 		31.9331
v 10.5605 		53.5994 		30.232
v 10.5551 		53.5866 		30.2308
v 6.5184 		56.3987 		31.7451
v 10.4836 		53.4288 		30.2279
v 4.0025 		49.5988 		33.7285
v 10.4781 		53.4158 		30.2266
v 10.1727 		54.498 		30.7603
v 9.7159 		54.7038 		30.7603
v 10.4566 		53.4059 		30.272
v 10.4648 		53.4104 		30.2557
v 10.4764 		53.4523 		30.276
v 10.4644 		53.3972 		30.2403
v 10.4645 		53.3954 		30.238
v 10.4744 		53.4088 		30.2279
v 10.4781 		53.458 		30.2787
v 10.4761 		53.4117 		30.2268
v 7.5382 		47.6231 		33.2982
v 10.4564 		53.404 		30.2703
v -0.5241 		57.4427 		33.7333
v 10.4433 		53.3402 		30.2267
v 7.5684 		47.6871 		33.224
v 15.6372 		53.6138 		31.533
v 15.5268 		53.5992 		31.802
v -0.6285 		57.4677 		33.7683
v 10.4397 		53.3301 		30.2239
v 10.4561 		53.4024 		30.2691
v -0.6768 		57.4404 		33.7437
v 15.2097 		53.0259 		31.3811
v 18.3209 		57.7159 		33.3833
v 18.6976 		57.392 		33.3234
v 15.5209 		53.057 		31.5045
v -0.595 		57.3896 		33.7045
v 10.3563 		53.0891 		30.405
v 18.2109 		57.4507 		33.2795
v 9.6859 		54.0106 		30.7081
v 7.5773 		47.6186 		33.2596
v -0.5751 		57.43 		33.6642
v -0.5751 		57.43 		33.6642
v 15.1383 		53.0164 		31.5553
v 15.4556 		53.13 		31.7101
v -0.5751 		57.43 		33.6642
v 18.8154 		58.1911 		33.0929
v 18.9239 		57.966 		33.06
v 5.4334 		57.0103 		32.3701
v -0.5751 		57.43 		33.6642
v 15.7104 		53.2291 		31.8305
v 10.4283 		54.6629 		30.3549
v 4.0547 		49.6596 		33.4064
v 10.3791 		54.6136 		30.3496
v -0.6537 		57.478 		33.7024
v 10.3074 		54.778 		30.3765
v 10.3129 		54.7677 		30.3748
v 4.4383 		49.3289 		33.7769
v 7.7265 		47.6335 		33.2071
v 15.0641 		53.4574 		31.5932
v 10.353 		54.695 		30.3599
v 10.3614 		54.6707 		30.3549
v 5.9308 		57.214 		32.5299
v 10.3275 		53.0997 		30.3881
v 10.6048 		54.3784 		30.3549
v 15.412 		52.7405 		31.5956
v 15.4183 		52.6892 		31.5508
v 15.4432 		52.7447 		31.5197
v -0.3826 		54.6282 		34.9521
v 18.7121 		58.3444 		33.1822
v -0.2025 		54.6816 		34.8239
v 7.8354 		48.1614 		33.1386
v 7.8288 		48.2353 		33.1015
v 16.1073 		51.8495 		32.2627
v 4.3555 		49.0264 		33.5313
v 16.1669 		51.8851 		32.2306
v 16.1367 		51.8338 		32.1826
v 18.6134 		58.3088 		33.1371
v 18.6294 		58.3148 		33.1445
v 18.6368 		58.3174 		33.1478
v 5.6366 		56.6588 		32.1971
v 18.7021 		58.3409 		33.1777
v 4.4534 		49.3069 		33.2857
v 5.7425 		57.0726 		32.257
v 5.9522 		56.8356 		32.1031
v 5.5737 		56.894 		32.2784
v 4.4012 		49.153 		33.8003
v 10.4242 		53.2874 		30.2129
v 18.3191 		58.2027 		33.0027
v -0.597 		54.2889 		34.9939
v 18.5357 		58.281 		33.1015
v 16.6507 		51.4526 		32.5878
v 5.2444 		56.7576 		32.5041
v -0.1064 		54.239 		34.9209
v 18.5558 		58.2881 		33.1107
v 5.2993 		56.7187 		32.3858
v 16.3965 		51.2498 		32.3066
v 5.1127 		56.8637 		32.5059
v -0.3767 		54.309 		34.9933
v 8.336 		48.2902 		33.1131
v 7.83 		48.2673 		33.0849
v 4.5465 		49.2058 		33.6754
v 5.0508 		57.0711 		32.5623
v -0.1417 		54.3298 		34.8812
v 7.8582 		48.5779 		32.9209
v 10.3257 		52.9838 		30.3976
v 5.4613 		56.5419 		32.3039
v 5.5081 		56.5538 		32.3318
v 5.7051 		56.6404 		32.3425
v -0.6282 		54.2189 		34.9687
v 8.4138 		48.4841 		32.6385
v 8.3464 		48.4643 		32.7097
v -0.398 		54.0243 		35.0031
v 18.4348 		57.9784 		32.8859
v 16.5851 		51.6594 		32.379
v 10.1089 		52.8031 		30.4815
v 5.8833 		56.2676 		32.0886
v -0.3621 		54.0172 		34.8619
v 5.4915 		56.5701 		32.2624
v 16.7889 		51.2352 		32.4688
v 18.519 		57.7981 		32.8645
v 5.8679 		56.2827 		32.023
v 5.8584 		56.2418 		32.05
v 5.9753 		56.5265 		32.0106
v 18.9717 		57.403 		33.135
v -0.0892 		53.9967 		34.856
v -0.1281 		53.7742 		34.8569
v -0.4903 		53.7398 		35.0061
v 18.2533 		57.2701 		32.7589
v 18.606 		57.5504 		32.8989
v 18.6321 		57.4436 		32.9401
v -0.2648 		53.6488 		34.8747
v -0.1483 		53.6307 		34.7955
v 3.9138 		49.0447 		33.5613
v 15.7155 		51.5117 		32.2698
v -0.4001 		53.8267 		34.899
v 5.2581 		56.7365 		31.6128
v 5.146 		56.9871 		31.5932
v 5.3972 		57.1814 		31.5125
v -0.282 		53.9074 		34.823
v 10.6615 		54.4217 		30.359
v 8.097 		48.3287 		32.7907
v 4.0497 		48.9231 		33.5909
v 5.329 		56.9008 		31.5063
v 19.0476 		57.5507 		33.1848
v 8.336 		48.162 		32.8607
v 9.8544 		52.085 		30.4993
v -0.1812 		54.115 		34.6964
v 8.3396 		48.2893 		32.7969
v 4.1494 		48.8374 		33.6811
v 9.7307 		51.6244 		30.5812
v 7.4625 		48.2231 		32.9888
v 7.5058 		48.1949 		32.9597
v 5.0668 		56.2747 		31.6128
v 11.775 		54.7086 		30.2128
v 9.8645 		51.7318 		30.6969
v 17.8686 		58.0336 		33.1157
v 16.2737 		51.5977 		32.2342
v 4.8588 		51.4443 		32.6732
v 5.6556 		56.4959 		31.423
v 15.407 		51.8471 		32.0613
v 5.1199 		51.3227 		32.6673
v 18.0777 		58.1152 		32.8921
v 18.0172 		57.8853 		32.7156
v 5.3782 		51.1961 		32.6423
v 11.8076 		53.8611 		30.3305
v 11.8011 		54.0643 		30.2828
v 15.4728 		52.091 		31.9815
v 6.2016 		57.4469 		31.0765
v 11.8447 		53.6434 		30.3101
v 6.2259 		57.4371 		31.1391
v 6.2612 		57.4638 		31.0931
v 17.4717 		57.6702 		33.0312
v 14.9099 		52.346 		32.4878
v 17.2997 		57.8266 		32.8737
v 9.6684 		51.1454 		30.6714
v 15.0961 		52.1515 		32.5507
v 10.9812 		53.873 		30.3504
v 15.0003 		51.8092 		32.5629
v 14.922 		51.9038 		32.4866
v 6.4262 		58.4542 		30.6064
v 10.9765 		53.9967 		30.365
v 6.3312 		58.0416 		30.5242
v 9.2721 		49.2227 		32.6041
v 9.069 		49.1616 		32.6486
v 9.0725 		49.1626 		32.6477
v 9.0723 		49.1605 		32.6489
v 9.0723 		49.1605 		32.6489
v 9.0723 		49.1605 		32.6489
v 10.6087 		53.4101 		29.8693
v 10.6253 		53.4496 		29.8735
v 18.1355 		57.6394 		32.6794
v 10.652 		53.5325 		29.9041
v 10.6505 		53.5308 		29.9059
v 10.6449 		53.5242 		29.9128
v 6.3579 		58.009 		30.5898
v 10.6611 		53.547 		29.8976
v 9.6364 		48.9664 		32.6969
v 19.2389 		56.9934 		33.4224
v 4.6281 		49.7596 		33.0033
v 6.2636 		58.0558 		30.58
v 9.069 		49.1616 		32.6484
v 9.069 		49.1616 		32.6485
v 19.2902 		57.0061 		33.4414
v 15.6102 		51.2797 		31.9981
v 10.6278 		54.3255 		30.285
v 10.6312 		54.2831 		30.2783
v 9.069 		49.1548 		32.6281
v 10.6595 		53.5389 		29.8919
v 10.5728 		53.3862 		29.9361
v 10.6106 		54.3803 		30.3356
v 10.6104 		54.3696 		30.3375
v 7.5106 		48.2777 		33.0039
v 6.8548 		57.8096 		30.4943
v 6.9885 		57.7583 		30.4608
v 4.5916 		49.5057 		33.141
v 10.6331 		54.25 		30.2756
v 10.626 		54.3447 		30.2886
v 10.6225 		54.3842 		30.296
v 6.9589 		57.8298 		30.2739
v 6.7681 		57.3259 		30.2573
v 9.0689 		49.1237 		32.6688
v 9.0681 		48.8042 		32.8399
v 7.1211 		57.3674 		30.2786
v 19.2896 		57.0441 		33.2338
v 6.7584 		57.3496 		30.1953
v 6.85 		57.5756 		30.2229
v 7.7398 		48.305 		32.8458
v 6.7417 		57.2915 		30.2116
v 14.9449 		51.5256 		32.0028
v 9.0574 		49.0756 		32.6954
v 3.5185 		49.1779 		33.795
v 8.5102 		49.0121 		32.8345
v 8.4265 		48.9994 		32.7951
v 8.7124 		49.0234 		32.8681
v 8.8616 		49.2589 		32.7144
v 15.1074 		51.8053 		31.98
v 15.4969 		52.1366 		31.937
v 2.512 		50.2789 		32.8586
v 19.3279 		56.7937 		33.2412
v 5.9284 		57.3354 		31.1124
v 5.9493 		57.343 		31.1126
v 5.8125 		57.6874 		31.2613
v 8.2266 		49.1595 		32.642
v 10.6056 		54.4053 		30.3296
v 8.1346 		48.9792 		32.7337
v 10.6071 		54.3994 		30.3301
v 7.8448 		48.0564 		33.1914
v 5.7991 		57.7527 		31.3156
v 10.6082 		54.4123 		30.3157
v 10.606 		54.4099 		30.3245
v 5.8125 		57.6874 		31.2613
v 2.4548 		50.4012 		32.6068
v 5.8125 		57.6874 		31.2613
v 2.6722 		49.9906 		32.7767
v 10.6079 		54.418 		30.3118
v 8.4197 		48.7864 		32.9102
v 10.6115 		54.4126 		30.3054
v 10.6166 		54.4035 		30.2977
v 19.249 		56.1869 		33.2729
v 2.69 		49.9948 		32.6687
v 8.3755 		49.2485 		32.6032
v 5.8377 		57.6771 		31.3281
v 8.409 		47.9609 		32.9048
v 19.2214 		56.1833 		33.3412
v 5.9857 		57.3119 		31.2619
v 15.323 		52.1473 		31.9153
v 15.5004 		52.0758 		31.9059
v 15.4678 		51.8044 		31.8907
v 8.1201 		48.7656 		32.8473
v 7.9552 		49.0667 		32.6673
v 7.8582 		47.8464 		33.068
v 5.9302 		57.3346 		31.117
v 5.9579 		57.3461 		31.1127
v 5.9307 		57.3349 		31.1169
v 5.9303 		57.3347 		31.1169
v 7.8745 		48.7582 		32.8259
v 10.6975 		53.493 		29.7334
v 10.6925 		53.4818 		29.7329
v 10.6821 		53.4589 		29.7326
v 10.6998 		53.5046 		29.7415
v 2.7766 		49.9717 		32.6898
v 10.6486 		54.0274 		30.2485
v 19.1538 		57.1989 		33.1887
v 10.6475 		54.0293 		30.252
v 10.6466 		54.0332 		30.2545
v 10.6456 		54.0375 		30.2574
v 7.5521 		48.9065 		32.6364
v 7.9549 		47.5982 		33.1911
v 7.5933 		48.9083 		32.5955
v 7.5933 		48.9311 		32.6643
v 7.6847 		48.9682 		32.6735
v 6.0429 		57.1464 		31.0258
v 10.6404 		54.0997 		30.2679
v 10.6437 		54.047 		30.2626
v -0.0453 		50.4984 		33.9501
v 10.6448 		54.0406 		30.2595
v 6.2185 		56.7573 		31.1166
v -0.0112 		50.365 		33.9035
v -0.0278 		51.0341 		33.8573
v 0.0861 		50.7974 		33.892
v 10.706 		53.7188 		30.2911
v 18.3785 		56.8955 		32.8251
v 18.7525 		57.0841 		33.0039
v 5.9958 		50.6476 		32.6245
v 8.2343 		47.7097 		33.1077
v 14.9262 		52.2944 		31.74
v 10.6402 		54.39 		30.2371
v 8.4197 		47.6388 		33.0784
v 6.2381 		50.0627 		32.6969
v 6.8218 		57.1037 		30.8214
v 14.9523 		52.2802 		31.6683
v 10.4586 		52.9114 		30.0324
v 5.9967 		56.501 		30.8588
v 18.9598 		56.415 		33.1596
v 4.8289 		50.1526 		33.3759
v 18.8109 		56.2643 		33.0368
v 8.3577 		47.5973 		33.1608
v 18.8349 		56.0484 		33.0546
v 4.893 		50.3309 		33.2697
v 5.0549 		50.1858 		33.3056
v 10.6531 		54.0089 		30.2357
v 18.9868 		56.4262 		33.0882
v 5.2498 		50.1472 		33.2234
v 10.7036 		53.8134 		30.2333
v 6.3259 		56.3533 		31.0688
v 6.2431 		56.4657 		31.0697
v 8.4138 		47.8182 		32.9817
v 5.4539 		50.7704 		32.9114
v 10.6534 		53.9978 		30.2271
v 7.8745 		47.6664 		33.1626
v 5.4749 		50.6061 		32.9846
v 10.6486 		53.966 		30.2208
v 10.5357 		52.9173 		29.8747
v 10.639 		53.8839 		30.1947
v 10.6307 		53.8471 		30.1958
v 10.57 		53.6222 		30.2346
v 10.6149 		53.7893 		30.2059
v 10.5729 		53.6363 		30.2348
v 10.5873 		53.7063 		30.2362
v 10.5889 		53.7138 		30.2364
v 10.6004 		53.7283 		30.2407
v 18.4683 		56.4494 		33.0371
v 8.4057 		48.065 		32.8488
v 1.2117 		50.0271 		33.4035
v 10.5933 		53.7319 		30.2347
v 1.5564 		51.0831 		33.2798
v 5.6861 		51.0279 		32.7144
v 5.4058 		50.9413 		32.7951
v 5.5832 		51.1071 		32.664
v 10.3711 		52.6563 		29.9236
v 10.2762 		52.5151 		29.9616
v 7.5209 		48.0879 		33.1015
v 1.5857 		50.9615 		33.2329
v 1.2948 		50.8517 		33.356
v 5.474 		50.8917 		32.8345
v 18.3482 		56.1961 		32.987
v 10.5921 		53.729 		30.2367
v 10.6186 		53.7363 		30.1582
v 7.666 		47.8562 		33.0965
v 5.9272 		50.7811 		32.7023
v 1.3719 		50.7835 		33.27
v 2.3106 		50.752 		32.9117
v 9.0556 		47.3893 		33.5636
v 2.0259 		51.1273 		33.0469
v 5.9744 		50.6026 		32.6486
v 9.5062 		47.2701 		33.5868
v 11.0005 		56.1777 		30.1552
v 9.4789 		46.999 		33.7232
v 2.1671 		51.1809 		32.9873
v 5.9697 		50.5978 		32.6284
v 18.503 		56.1922 		32.9621
v 9.9443 		56.6988 		29.9684
v 4.957 		50.6114 		33.0294
v 2.257 		51.1095 		32.8921
v 14.8962 		51.2011 		31.7433
v 14.8829 		51.2073 		31.7374
v 5.2498 		50.7959 		32.9102
v 5.1187 		50.6734 		33.0066
v 18.3354 		56.2506 		32.941
v 10.3723 		56.4829 		30.0354
v 10.8003 		56.3002 		30.0663
v 5.1905 		50.6212 		33.0481
v 18.4538 		56.1112 		32.8313
v 9.5062 		47.2093 		33.404
v 18.1504 		56.409 		32.6833
v 18.5766 		56.3601 		32.8779
v 9.0503 		47.1823 		33.3821
v 10.5286 		53.3568 		30.0184
v 9.8283 		56.0484 		29.7124
v 4.8449 		51.1614 		32.8259
v 9.2905 		47.446 		33.2543
v 16.5884 		51.167 		32.3908
v 1.7471 		50.9161 		32.7551
v 5.0238 		50.9932 		32.8473
v 5.1848 		51.1338 		32.7337
v 2.0502 		51.0282 		32.6165
v 8.5164 		47.3096 		33.7051
v 8.9907 		47.2968 		33.6665
v 10.3986 		53.2338 		30.2116
v 10.41 		53.2524 		30.2052
v 10.4123 		53.2568 		30.2046
v 8.9091 		47.3096 		33.7051
v 10.3627 		53.1657 		30.2193
v 8.4446 		47.0245 		33.7997
v 1.6652 		50.8917 		33.1451
v 5.7089 		56.7151 		31.0486
v 4.971 		50.6198 		32.7094
v 5.1483 		56.8937 		31.2231
v 8.9091 		47.1699 		33.2857
v 1.6617 		50.8906 		33.1466
v 5.749 		56.7018 		31.3064
v 5.3922 		49.9936 		33.0979
v 9.7126 		52.0432 		30.5379
v 15.8181 		50.645 		32.104
v 9.233 		46.6434 		33.6817
v 5.6134 		50.4519 		32.9505
v 16.6439 		50.7381 		32.462
v 1.6554 		50.6393 		33.1768
v 10.5582 		53.3594 		29.9404
v 10.5883 		53.3641 		29.8638
v 16.1628 		50.9612 		32.2496
v 10.4615 		53.1883 		29.9777
v 8.4505 		46.7605 		33.5532
v 16.0625 		50.6275 		32.2627
v 11.2571 		55.7835 		30.0962
v 8.5689 		46.3791 		33.7101
v 11.2532 		55.817 		30.0734
v 5.4147 		56.401 		30.9739
v 5.5247 		50.1407 		32.6833
v 8.7124 		46.603 		33.5607
v 10.421 		53.1212 		29.9993
v 11.5309 		55.7547 		30.1042
v 11.2022 		55.456 		29.9274
v 8.8946 		46.6131 		33.5909
v 10.4417 		53.1586 		29.9923
v 16.7257 		50.2784 		32.57
v 1.6252 		50.7859 		33.0009
v 5.8059 		50.0992 		32.6112
v 10.5233 		53.2934 		29.948
v 16.5042 		50.1484 		32.3816
v 1.6474 		50.8149 		33.0683
v 10.519 		53.2175 		29.8584
v 1.6032 		50.7781 		33.0101
v 10.5343 		53.2493 		29.8588
v 1.6308 		50.8096 		33.0787
v 16.0622 		50.0325 		32.2001
v 15.9498 		50.2721 		32.1292
v 10.4932 		53.2342 		29.9517
v 10.6729 		53.4399 		29.7323
v 10.6099 		53.3106 		29.7328
v 16.0088 		50.4074 		32.1595
v 10.6743 		53.4426 		29.7324
v 10.5664 		53.2215 		29.7332
v 16.1948 		50.3122 		32.241
v 10.5506 		53.1898 		29.7345
v 16.3295 		50.2422 		32.3006
v 10.4899 		53.0687 		29.7394
v 16.2378 		50.4341 		32.29
v 10.5162 		53.2084 		29.8539
v 10.4852 		53.1182 		29.8186
v 9.0144 		46.396 		33.8024
v 10.4753 		53.0978 		29.8186
v 1.5914 		50.7939 		32.9226
v 5.0872 		50.5225 		33.1258
v 1.5703 		50.7953 		32.9182
v 11.9654 		55.3641 		30.1235
v 11.8206 		55.1671 		30.0016
v 4.8781 		56.2406 		31.2231
v 10.4686 		53.0849 		29.8198
v 5.3361 		56.1771 		31.0053
v 5.3483 		50.4795 		33.0834
v 9.6293 		46.4642 		32.6148
v 5.0686 		56.0893 		31.1886
v 5.3189 		50.0126 		33.1822
v 8.5102 		47.4122 		33.1537
v 8.7124 		47.4015 		33.1202
v 15.5894 		50.6281 		32.5688
v 15.7048 		50.8096 		32.4495
v 1.1387 		50.7873 		32.9484
v 4.788 		50.357 		32.8037
v 1.5667 		51.1605 		32.6406
v 4.9265 		50.4875 		32.7094
v 5.0902 		50.4664 		32.6002
v 15.2338 		51.0656 		32.2191
v 7.2768 		54.6798 		31.4684
v 15.1365 		51.0887 		32.1784
v 7.4984 		55.0345 		31.4176
v 1.3603 		51.0021 		32.7684
v 5.159 		49.9806 		32.7554
v 10.9738 		54.9298 		29.745
v 5.2833 		50.1108 		32.6679
v 5.2845 		49.9814 		32.7616
v 5.3563 		50.058 		32.7094
v 8.3731 		47.3087 		33.6037
v 15.243 		51.0365 		32.2292
v 5.3836 		50.2158 		32.597
v 1.683 		50.8923 		32.7841
v 7.5212 		55.7648 		31.3794
v 7.919 		47.2093 		33.404
v 11.3229 		54.9467 		30.1291
v 11.2953 		55.0467 		30.0968
v 15.329 		51.0792 		32.0847
v 8.1346 		47.446 		33.2543
v 15.2732 		51.0908 		32.128
v 8.1515 		47.2028 		33.3839
v 8.1708 		46.9335 		33.5271
v 5.0033 		50.1345 		32.7144
v 15.2427 		51.0608 		32.1951
v 1.484 		50.8191 		32.8749
v 11.3636 		54.8337 		30.1422
v 1.5469 		50.8422 		32.8461
v 7.628 		56.0246 		31.549
v 7.5123 		55.9211 		31.5235
v 11.2236 		55.2632 		30.0586
v 1.5501 		50.8437 		32.8446
v 10.9507 		54.8764 		29.9227
v 11.0678 		54.9832 		29.9553
v 15.2966 		51.0949 		32.0699
v 4.7835 		50.222 		32.8064
v 4.8556 		49.9868 		32.8271
v 8.5564 		55.6224 		31.1554
v 15.5399 		50.7841 		31.9809
v 8.4814 		55.6049 		31.1682
v 7.5595 		47.4638 		33.38
v 7.5966 		47.4911 		33.4064
v 7.5966 		47.4682 		33.3376
v 7.741 		47.2185 		33.431
v 7.666 		46.959 		33.6028
v 6.1242 		49.8044 		32.6613
v 6.3087 		49.8486 		32.6174
v 6.104 		49.5843 		32.7865
v 15.0066 		50.9267 		32.2814
v 6.325 		49.8649 		32.6865
v 6.3366 		49.8183 		32.6587
v 9.951 		52.7296 		30.4656
v 10.7591 		55.4459 		29.8251
v 5.1507 		49.4161 		33.3738
v 9.9541 		52.7319 		30.4631
v 7.9768 		46.6499 		33.7007
v 15.4909 		50.0025 		32.0571
v 1.8269 		50.0138 		33.1487
v 1.8485 		50.222 		33.1353
v 9.9547 		52.7326 		30.463
v 2.0986 		50.2991 		33.0303
v 7.7078 		46.6674 		33.754
v 5.008 		49.6308 		33.3634
v 8.3888 		46.8652 		33.5515
v 15.6481 		50.257 		32.0171
v 2.1104 		50.2941 		32.7592
v 10.2507 		55.8378 		29.7922
v 8.3387 		46.4182 		33.7944
v 4.7805 		49.5072 		33.5458
v 4.887 		49.7252 		33.4803
v 8.4287 		55.66 		30.9862
v 9.9461 		52.6361 		30.5376
v 8.5493 		55.7361 		30.8152
v 8.561 		55.7362 		30.8119
v 8.6041 		55.7366 		30.7999
v 8.6159 		55.737 		30.7958
v 7.4699 		47.0625 		32.6729
v 9.8167 		52.5981 		30.5228
v 9.8354 		52.6184 		30.5188
v 8.4696 		55.7188 		30.8307
v 10.3305 		55.965 		30.0274
v 7.3169 		46.498 		32.9149
v 7.4572 		47.0316 		32.5922
v 9.9229 		52.6705 		30.518
v 9.9066 		52.696 		30.5039
v 7.5115 		47.0067 		32.6403
v 5.006 		49.6291 		33.3646
v 10.0858 		55.6361 		29.8554
v 9.962 		52.7402 		30.4607
v 9.9598 		52.7376 		30.461
v 8.5593 		55.6953 		30.9354
v 8.5519 		55.6947 		30.9392
v 4.9971 		49.5416 		33.243
v 5.0137 		49.5647 		33.2679
v 9.984 		55.6972 		29.8684
v 8.5101 		55.6821 		30.9578
v 1.7364 		50.5281 		33.157
v 6.3114 		47.7349 		32.844
v 8.4349 		55.6618 		30.9841
v 5.4153 		48.9448 		33.2721
v 1.5489 		50.5385 		32.9093
v 14.9434 		50.0701 		32.314
v 9.3602 		55.5103 		30.9804
v 5.4316 		48.9614 		33.3418
v 5.4461 		48.9205 		33.3103
v 9.6824 		55.8579 		29.9642
v 4.9466 		48.9552 		33.5868
v 9.8458 		55.7601 		29.9411
v 6.5988 		47.8491 		32.6287
v 5.0665 		48.8232 		33.5601
v 6.554 		47.7916 		32.6601
v 8.966 		55.6156 		31.0712
v 15.3284 		51.0142 		31.9595
v 5.3453 		49.1103 		33.3667
v 9.6617 		52.4985 		30.5471
v 9.7318 		52.5422 		30.5331
v 15.4989 		50.669 		31.9352
v 9.6467 		52.4933 		30.5598
v 9.6463 		52.4932 		30.5602
v 1.4674 		50.0956 		33.0434
v 5.1685 		49.1996 		33.4251
v 1.7177 		50.1437 		32.9413
v 9.6553 		52.5053 		30.5738
v 1.5552 		50.1226 		33.0045
v 9.6465 		52.4935 		30.5606
v 10.0018 		55.7428 		29.7136
v 10.0466 		55.9395 		29.7542
v 10.0822 		55.9001 		29.7818
v 15.337 		51.0095 		31.9355
v 15.1555 		50.7684 		31.7831
v 6.4632 		47.5448 		32.7726
v 9.7685 		52.5651 		30.5257
v 9.8052 		52.5902 		30.5234
v 10.1175 		55.9703 		29.8124
v 6.5961 		47.9063 		32.6076
v 9.7138 		55.9597 		29.6329
v 9.6896 		52.4573 		30.2
v 15.1801 		51.0617 		31.8694
v 6.5949 		47.8399 		32.6047
v 5.2949 		48.8054 		33.4073
v 5.272 		48.8344 		33.3652
v 5.2148 		48.9486 		33.3044
v 0.8412 		51.1101 		33.5776
v 15.2441 		51.0303 		31.8978
v 5.7733 		47.9577 		32.844
v 9.8876 		52.489 		30.1475
v 9.7918 		55.8167 		29.6282
v 5.288 		48.8508 		33.4334
v 9.6815 		55.8959 		29.6474
v 9.9336 		52.5379 		29.9823
v 9.7098 		52.4919 		30.0428
v 5.4432 		47.7396 		32.8627
v 0.935 		50.8428 		33.5399
v 9.7823 		55.9069 		29.6558
v 5.579 		49.8331 		33.0742
v 6.0361 		46.6683 		33.262
v 9.9051 		52.5818 		30.1335
v 9.8679 		52.5604 		30.145
v 9.837 		52.5426 		30.1546
v 5.8222 		49.7261 		32.9965
v 6.0542 		46.711 		33.243
v 9.8924 		55.8336 		29.6611
v 10.2984 		53.1872 		30.4082
v 14.9134 		50.3338 		31.7973
v 10.2648 		53.1198 		30.3554
v 0.595 		50.5901 		33.6502
v 5.636 		49.5264 		33.1386
v 5.6849 		49.5674 		33.1068
v 6.0343 		46.4298 		33.2771
v 8.7988 		55.7153 		30.8144
v 15.3744 		50.4059 		31.8967
v 5.555 		49.4588 		33.1914
v 9.6524 		55.9653 		29.6789
v 8.8242 		55.7178 		30.8003
v 6.0922 		46.5544 		33.2219
v 10.2656 		53.1191 		30.352
v 10.2678 		53.1223 		30.3532
v 10.2677 		53.122 		30.3529
v 6.0916 		46.8101 		33.197
v 8.8264 		55.7186 		30.7973
v 14.9253 		50.087 		31.9658
v 10.3477 		53.1475 		30.2182
v 8.8434 		55.7252 		30.7732
v 10.2963 		53.0916 		30.228
v 10.3076 		53.1109 		30.2396
v 8.8386 		55.7266 		30.7701
v 16.7207 		49.6742 		32.516
v 7.0929 		47.4166 		32.6794
v 10.1397 		55.7132 		29.5519
v 10.3061 		53.0824 		30.1879
v 16.3698 		49.8649 		32.3404
v 10.2929 		53.0922 		30.2371
v 5.8264 		49.4265 		33.0715
v 8.6799 		55.7394 		30.7724
v 5.9534 		49.5816 		32.9671
v 8.6549 		55.7354 		30.7907
v 8.6751 		55.7348 		30.7873
v 6.0423 		47.2431 		33.1062
v 0.0009 		50.4783 		33.4082
v 16.2992 		49.4057 		32.5154
v 0.0585 		50.3845 		33.4491
v 15.9999 		49.4481 		32.4667
v 10.2172 		53.0063 		30.3341
v 8.6406 		55.7021 		30.8943
v 10.1888 		52.9558 		30.3153
v 6.034 		47.0174 		33.181
v 16.1337 		49.7658 		32.2953
v 0.4684 		50.4486 		33.3376
v 5.6383 		49.9082 		32.7384
v 15.8997 		49.7685 		32.241
v 10.1579 		52.967 		30.4177
v 6.1441 		46.9498 		33.1323
v 5.8682 		49.7907 		32.7242
v 9.6011 		55.378 		30.9152
v 15.8208 		49.6658 		32.29
v 15.9513 		49.589 		32.3496
v 5.6781 		49.5647 		32.8725
v 9.9013 		55.5465 		29.6285
v 16.0308 		49.5433 		32.3861
v 6.3078 		47.384 		32.9315
v 10.1572 		55.6266 		29.705
v 16.1111 		49.6478 		32.3362
v 16.1378 		49.6323 		32.3487
v 6.1494 		46.9794 		32.6171
v 0.7614 		50.5601 		33.5295
v 16.085 		49.5134 		32.4116
v 10.2 		52.9093 		30.2347
v 0.6271 		51.0211 		33.0176
v 4.9146 		49.5395 		33.1273
v 0.7496 		50.766 		33.0555
v 8.9482 		55.1677 		30.9152
v 4.8823 		49.5098 		33.1504
v 6.8337 		46.4568 		33.095
v 10.1828 		52.886 		30.2366
v 0.8116 		50.6648 		33.0997
v 15.8202 		49.1405 		32.478
v 6.8785 		46.6007 		33.0312
v 10.1877 		52.895 		30.2352
v 6.9396 		46.7985 		32.9437
v 10.1674 		52.901 		30.3005
v 6.8417 		46.5123 		32.8004
v 10.2036 		52.8805 		30.1704
v 4.8722 		49.5006 		33.1579
v 4.7832 		49.6208 		33.038
v 4.8734 		49.7777 		32.9271
v 1.2411 		49.7617 		33.2228
v 1.3461 		49.6306 		33.3364
v 4.9775 		49.5398 		33.178
v 8.5971 		54.8459 		30.9152
v 1.6237 		49.8764 		33.2356
v 4.9452 		49.5677 		33.1051
v 6.382 		46.3251 		32.9123
v 15.6407 		49.7708 		32.2075
v 1.6095 		49.7172 		33.227
v 4.9478 		49.5692 		33.1045
v 1.5923 		49.6362 		33.1958
v 9.3077 		55.7956 		30.533
v 9.294 		55.7988 		30.5375
v 10.6808 		54.9279 		29.6536
v 15.17 		49.0317 		32.5557
v 9.2241 		55.822 		30.5403
v 9.2761 		55.8048 		30.5382
v 6.048 		46.4488 		32.9022
v 10.3578 		55.4189 		29.691
v 9.3205 		55.7928 		30.5284
v 15.3966 		48.9721 		32.3908
v 5.1374 		49.8972 		32.8203
v 15.571 		48.857 		32.4748
v 5.2806 		49.8785 		32.8621
v 1.8794 		49.9411 		32.9452
v 1.5774 		49.6875 		33.1469
v 1.829 		49.7548 		33.0392
v 2.3118 		49.8862 		32.8316
v 5.5339 		47.2313 		33.1964
v 5.2145 		47.0088 		33.262
v 5.3423 		46.9779 		33.3109
v 9.2348 		55.9214 		30.235
v 9.23 		55.9224 		30.2369
v 15.0066 		49.1097 		32.2401
v 1.9903 		49.8026 		33.065
v 1.8518 		49.8337 		33.1297
v 5.3044 		49.9037 		32.8443
v 9.9856 		52.7667 		30.4574
v 10.0515 		52.8402 		30.4482
v 1.8562 		49.7056 		33.0837
v 10.4251 		55.3374 		29.7127
v 10.1283 		52.8224 		30.2388
v 10.5031 		55.2107 		29.7078
v 5.9175 		49.3419 		33.0285
v 10.1137 		52.811 		30.2502
v 10.5013 		55.2238 		29.6915
v 10.1136 		52.811 		30.2503
v 5.676 		46.3568 		33.5034
v 10.5027 		55.2168 		29.6988
v 5.9311 		49.2954 		32.9968
v 10.1178 		52.8252 		30.2681
v 10.1178 		52.8251 		30.268
v 10.1209 		52.8299 		30.2701
v 5.6333 		49.113 		33.1297
v 9.2473 		55.9183 		30.2315
v 5.3978 		49.0777 		33.1908
v 10.5096 		55.2113 		29.688
v 14.9247 		49.2773 		32.4243
v 5.3972 		49.3197 		33.068
v 10.5848 		55.0925 		29.6635
v 9.3549 		55.8852 		30.2196
v 9.2627 		55.9133 		30.2306
v 5.8062 		49.2518 		33.1015
v 5.5464 		46.6481 		33.4474
v 0.8107 		49.7694 		33.372
v 9.2583 		55.9147 		30.2309
v 18.9625 		48.7271 		34.1103
v 9.4142 		55.8611 		30.2307
v 10.2867 		55.0322 		29.5857
v 5.9 		49.3244 		32.9544
v 10.2923 		55.0438 		29.5832
v 10.2912 		55.0414 		29.5837
v 10.3129 		55.0263 		29.5799
v 10.3703 		54.9661 		29.5718
v 10.3785 		54.9527 		29.5711
v 5.8593 		46.8815 		33.2925
v 5.7703 		46.7647 		33.3601
v 0.4693 		49.6813 		33.7161
v 5.9471 		46.794 		33.286
v 4.5085 		53.0404 		32.3733
v 19.1099 		48.6467 		33.7042
v 9.2217 		55.7805 		30.6657
v 9.2825 		55.7651 		30.6491
v 5.0632 		49.2886 		33.1843
v 5.8863 		46.6529 		33.3471
v 5.1676 		49.2642 		33.1641
v 4.3469 		53.1392 		32.4175
v 4.5317 		53.0401 		32.4424
v 4.6097 		53.2409 		32.4528
v 7.232 		53.429 		31.4793
v 7.219 		53.4806 		31.479
v 7.4376 		53.0463 		31.4336
v 17.6173 		48.6541 		33.2379
v 10.3593 		53.0381 		29.9799
v 4.381 		53.0208 		32.5207
v 10.3728 		53.0565 		29.9847
v 10.4207 		53.1209 		29.9993
v 18.0872 		48.6342 		33.3088
v 10.4099 		53.1071 		29.9974
v 10.3883 		53.0763 		29.9874
v 10.4601 		53.0749 		29.8198
v 10.2998 		53.0365 		30.1135
v 10.327 		53.0638 		30.1039
v 5.8255 		46.5143 		33.4064
v 5.9359 		46.4467 		33.3578
v 10.2522 		54.8293 		29.5679
v 10.2468 		54.8363 		29.5645
v 10.2938 		54.9591 		29.5913
v 10.2926 		54.9647 		29.591
v 10.2976 		54.9401 		29.5923
v 10.3077 		54.8326 		29.601
v 9.0441 		55.8583 		30.4774
v 5.1664 		46.423 		33.547
v 4.5068 		52.9986 		32.4145
v 16.7622 		48.7057 		32.9197
v 9.0601 		55.9109 		30.3153
v 9.1052 		55.9176 		30.2836
v 4.9772 		46.6493 		33.3584
v 3.9963 		52.8174 		31.9868
v 3.5677 		52.7477 		32.1067
v 8.866 		55.875 		30.4729
v 8.9072 		55.871 		30.4743
v 8.9755 		55.8643 		30.4768
v 8.9811 		55.8638 		30.477
v 4.2392 		53.5669 		32.4128
v 4.1562 		53.3106 		32.4801
v 4.6462 		53.5533 		32.2137
v 8.9504 		55.917 		30.3248
v 8.8711 		55.9204 		30.3349
v 8.8402 		55.9218 		30.3388
v 8.9796 		55.9154 		30.3222
v 10.385 		52.9896 		29.827
v 5.4453 		47.0165 		32.6358
v 5.7938 		47.2461 		33.1765
v 15.9827 		48.6755 		32.9309
v 8.9144 		55.787 		30.725
v 10.6525 		54.8984 		29.7652
v 8.9693 		55.7859 		30.7144
v 16.0658 		48.6307 		32.704
v 10.6462 		54.9213 		29.7645
v 8.5241 		51.3803 		31.4974
v 15.4028 		48.6176 		32.6954
v 15.253 		48.7214 		32.6192
v 8.678 		51.3957 		31.5425
v 4.7838 		47.1529 		33.1848
v 10.2347 		52.9034 		30.1434
v 10.2268 		52.9094 		30.1447
v 10.2299 		52.9148 		30.1434
v 5.2806 		47.3888 		33.0276
v 15.014 		48.6841 		32.3947
v 8.9011 		51.3803 		31.4974
v 10.2326 		52.9196 		30.1422
v 15.8059 		48.7422 		32.5845
v 15.0674 		48.6405 		32.521
v 10.5042 		55.2076 		29.7097
v 5.2059 		46.9812 		32.7595
v 10.2392 		52.9311 		30.1394
v 5.2685 		47.1185 		32.6999
v 10.5749 		55.0601 		29.745
v 10.5985 		55.0138 		29.752
v 3.8272 		53.1567 		31.9234
v 10.208 		52.8767 		30.1528
v 10.2221 		52.9013 		30.1467
v 5.3981 		46.7154 		32.734
v 10.3321 		53.0073 		29.9829
v 4.5044 		53.0852 		31.6792
v 10.2338 		52.8363 		30.025
v 14.7123 		67.4757 		35.0375
v 14.7091 		67.4783 		35.0348
v 14.6969 		67.4801 		35.0428
v 14.7085 		67.4763 		35.0402
v 5.5645 		46.6917 		32.7046
v 14.6791 		67.4863 		35.0455
v 9.1229 		55.8381 		30.5181
v 9.1097 		55.8417 		30.5106
v 9.0603 		55.8569 		30.4776
v 9.1791 		55.8274 		30.5358
v 9.1985 		55.825 		30.5381
v 5.6579 		46.9171 		32.6103
v 9.132 		55.9211 		30.2662
v 9.1243 		55.9202 		30.2709
v 9.1117 		55.9185 		30.279
v 5.8228 		46.6965 		32.6948
v 14.6153 		67.5492 		35.0502
v 14.4991 		67.5658 		35.0348
v 14.5694 		67.5302 		35.0479
v 14.6127 		67.5086 		35.0562
v 7.6055 		51.8546 		31.5185
v 4.5717 		52.6548 		31.8673
v 4.4635 		52.8808 		31.8344
v 14.5857 		67.5359 		35.0209
v 5.4494 		46.4144 		32.8357
v 8.7976 		55.8755 		30.4671
v 14.6379 		67.5068 		35.0247
v 8.7793 		55.8756 		30.4657
v 5.838 		46.5309 		32.7717
v 5.8617 		46.5879 		32.7468
v 8.7683 		55.8762 		30.4635
v 5.9898 		46.557 		32.7957
v 8.7625 		55.9179 		30.3451
v 8.7423 		55.917 		30.3464
v 8.7409 		55.8775 		30.4581
v 4.6548 		52.4187 		31.8344
v 5.7469 		46.6078 		32.7293
v 14.6343 		67.4537 		35.0387
v 5.7383 		46.4915 		32.7862
v 8.7371 		55.7698 		30.7627
v 5.9792 		46.5277 		32.8084
v 5.9664 		46.5001 		32.8212
v 5.929 		46.4173 		32.8607
v 9.6121 		55.6764 		30.5755
v 4.0313 		52.9146 		31.8955
v 9.1816 		55.6855 		30.644
v 9.1221 		55.7007 		30.6597
v 3.9684 		52.4048 		31.544
v 4.133 		52.9467 		31.5502
v 9.0681 		55.7145 		30.674
v 14.4949 		67.5664 		35.0375
v 14.4979 		67.5638 		35.0402
v 9.634 		55.4987 		30.5308
v 10.2599 		52.8572 		29.8578
v 7.4352 		51.7415 		31.4787
v 10.2872 		54.9915 		29.5897
v 10.2862 		55.0069 		29.5884
v 9.607 		55.5205 		30.5193
v 9.5585 		55.5472 		30.5325
v 2.4652 		53.3854 		32.3463
v 9.6213 		55.5127 		30.5155
v 14.5522 		67.5178 		35.0126
v 14.5507 		67.4611 		34.9622
v 2.3723 		53.4797 		32.3368
v 7.4186 		51.2922 		31.727
v 7.3893 		51.2999 		31.7662
v 2.7461 		53.0796 		32.3395
v 5.159 		46.8756 		32.8052
v 7.2638 		51.2856 		31.7249
v 5.0407 		46.8373 		32.9132
v 9.0263 		55.7253 		30.6851
v 7.3765 		51.2874 		31.7131
v 8.8651 		55.7402 		30.7226
v 8.9157 		55.7399 		30.7103
v 2.9665 		53.2406 		32.2191
v 8.7456 		55.7407 		30.7517
v 8.7064 		55.7403 		30.7627
v 5.2243 		46.687 		32.8117
v 4.987 		46.4233 		33.014
v 3.4292 		53.0256 		32.1019
v 5.06 		46.6158 		32.925
v 10.4005 		55.3525 		29.7385
v 8.8155 		55.731 		30.763
v 7.3388 		51.3868 		31.662
v 2.4474 		53.3177 		32.1939
v 9.6726 		55.3077 		29.7103
v 2.8849 		53.2946 		32.0138
v 14.6269 		67.4255 		34.9711
v 9.6886 		55.133 		29.585
v 14.5631 		67.3013 		34.8818
v 9.6857 		55.134 		29.585
v 5.3311 		46.5484 		32.8132
v 10.2637 		52.8981 		29.9283
v 10.3227 		52.9739 		29.9398
v 10.3241 		52.9772 		29.9428
v 14.7794 		67.3523 		34.9945
v 10.3463 		52.9547 		29.8483
v 10.3477 		52.9564 		29.8485
v 14.7779 		67.3478 		35.0055
v 14.7859 		67.3469 		34.9998
v 10.3412 		52.9486 		29.8481
v 4.7883 		47.9695 		32.834
v 8.9735 		55.7386 		30.699
v 10.3291 		52.9346 		29.8489
v 8.9668 		55.7388 		30.7003
v 10.3527 		52.9618 		29.8473
v 10.3547 		52.9637 		29.8464
v 5.4773 		48.3094 		32.6219
v 9.3973 		52.4442 		30.8609
v 10.3506 		52.96 		29.8487
v 9.2564 		52.4024 		30.8894
v 10.3578 		52.9661 		29.8441
v 10.3601 		52.968 		29.8424
v 10.153 		52.7483 		29.8925
v 10.1392 		52.7282 		29.8855
v 9.3976 		52.5113 		30.9792
v 8.4526 		52.4045 		31.1797
v 10.1418 		52.7241 		29.8713
v 10.1428 		52.7253 		29.8714
v 10.1468 		52.7296 		29.8706
v 10.1668 		52.7512 		29.8664
v 10.1699 		52.7725 		29.9007
v 10.1685 		52.7707 		29.9003
v 9.788 		55.3196 		29.6801
v 10.2174 		52.8042 		29.8528
v 10.2057 		52.8805 		30.0275
v 10.2062 		52.881 		30.0273
v 10.2057 		52.8805 		30.0275
v 10.2045 		52.8793 		30.0279
v 10.1943 		52.8691 		30.0315
v 10.1926 		52.8674 		30.0321
v 10.1895 		52.8643 		30.0332
v 3.0193 		52.7693 		32.311
v 10.1057 		52.7797 		30.0629
v 10.1948 		52.8696 		30.0313
v 10.1961 		52.8709 		30.0309
v 10.2008 		52.8757 		30.0292
v 10.2016 		52.8764 		30.0289
v 14.6112 		67.2618 		34.9031
v 10.2024 		52.8772 		30.0286
v 8.4642 		52.4196 		31.1682
v 3.2135 		52.6183 		32.268
v 4.9419 		47.4854 		33.0294
v 14.8348 		67.0474 		34.9043
v 9.9051 		55.2368 		29.6596
v 14.8491 		67.0459 		34.8945
v 9.9947 		55.1811 		29.643
v 10.1853 		52.8454 		30.0063
v 14.5237 		67.2665 		34.9957
v 2.4358 		52.6931 		32.5483
v 2.7277 		52.7918 		32.4172
v 8.9313 		45.7713 		34.4105
v 10.0285 		55.1603 		29.6368
v 8.8302 		45.7847 		34.4502
v 9.1947 		52.4057 		30.9032
v 9.3046 		52.4367 		30.8767
v 9.3621 		52.4529 		30.8628
v 10.1857 		55.2247 		29.5908
v 14.5895 		67.1639 		34.8563
v 14.5486 		66.9963 		34.7768
v 2.7315 		52.4415 		32.4878
v 9.6251 		52.5786 		30.7968
v 8.6028 		55.7861 		30.6513
v 8.7239 		55.9138 		30.3464
v 8.5662 		55.8828 		30.37
v 8.5404 		55.8772 		30.3931
v 8.5662 		55.868 		30.4142
v 14.8497 		66.9388 		34.8402
v 8.5859 		55.8654 		30.4171
v 14.8675 		66.6451 		34.7438
v 14.8001 		66.6846 		34.7174
v 14.5744 		66.622 		34.6294
v 8.5827 		55.8828 		30.366
v 9.7381 		55.116 		29.5846
v 10.2315 		54.8315 		29.6201
v 9.6257 		52.6456 		30.9152
v 9.5139 		52.5786 		30.9442
v 10.1631 		54.8719 		29.6329
v 8.5878 		55.857 		30.4418
v 10.2317 		54.8314 		29.62
v 8.6116 		45.133 		34.7575
v 9.9873 		54.9758 		29.666
v 8.8501 		52.9227 		30.9152
v 9.9225 		55.0139 		29.6782
v 9.926 		55.0119 		29.6776
v 2.8389 		52.8209 		32.061
v 10.2337 		54.8293 		29.6197
v 8.5528 		55.8774 		30.3667
v 10.2406 		54.8445 		29.5606
v 10.2246 		54.858 		29.5508
v 10.2407 		54.8442 		29.5607
v 8.8136 		45.133 		34.7575
v 14.7245 		66.5209 		34.716
v 9.8947 		55.0658 		29.5712
v 9.8124 		55.0907 		29.5835
v 14.6717 		66.4123 		34.5712
v 2.9163 		52.7266 		32.0417
v 8.4612 		45.4803 		34.5089
v 9.895 		55.0657 		29.5711
v 9.9786 		55.0171 		29.5533
v 9.9269 		55.0479 		29.5621
v 14.8155 		65.9514 		34.4707
v 14.6082 		66.0605 		34.4185
v 9.0521 		52.7936 		30.9152
v 8.7875 		45.4593 		34.6142
v 14.8514 		66.3174 		34.616
v 9.6327 		55.7298 		30.3959
v 14.7874 		65.9546 		34.4899
v 9.6345 		52.5998 		30.7923
v 9.6348 		52.5999 		30.7922
v 9.5681 		52.5602 		30.8101
v 9.5784 		52.5662 		30.8071
v 9.4288 		55.7692 		30.4873
v 9.4192 		55.7706 		30.493
v 9.7768 		55.1028 		29.584
v 9.3304 		55.7906 		30.5249
v 9.3616 		55.7835 		30.5136
v 9.6199 		52.5903 		30.7946
v 9.6208 		52.5909 		30.7943
v 9.504 		55.8165 		30.2698
v 9.5027 		55.8169 		30.2699
v 10.232 		54.9918 		29.5519
v 9.4438 		55.8481 		30.2389
v 9.4414 		55.8497 		30.2369
v 9.562 		52.5566 		30.8118
v 9.5667 		52.5593 		30.8105
v 9.4944 		55.7641 		30.4354
v 9.5025 		55.7641 		30.427
v 9.5658 		55.7474 		30.412
v 9.5441 		52.546 		30.8168
v 9.4119 		52.4676 		30.8528
v 3.2186 		53.2884 		31.8753
v 9.4887 		52.513 		30.8312
v 9.4925 		52.5152 		30.8301
v 9.4409 		55.85 		30.2364
v 9.4815 		52.5087 		30.8332
v 14.6981 		65.147 		34.1441
v 9.4297 		55.8548 		30.2336
v 14.6666 		65.1455 		34.1106
v 14.5874 		64.7513 		34.0056
v 10.127 		55.1111 		29.6172
v 14.6583 		65.1271 		34.158
v 9.6097 		52.5841 		30.7968
v 14.5892 		64.7744 		33.9516
v 8.9524 		45.2167 		34.4369
v 9.9933 		55.0084 		29.5508
v 9.9886 		55.0112 		29.5516
v 14.6263 		64.7492 		33.9807
v 9.7328 		52.5042 		30.0358
v 9.5946 		53.3201 		30.7603
v 14.5097 		65.6307 		34.3683
v 9.2339 		55.6723 		30.6297
v 8.4686 		53.0544 		30.2009
v 10.1216 		52.7285 		29.9155
v 3.0919 		52.4748 		31.9403
v 14.3513 		67.527 		34.9998
v 14.3579 		67.5216 		35.0055
v 10.1347 		52.7241 		29.8832
v 10.1346 		52.724 		29.8831
v 10.1274 		52.7134 		29.8702
v 10.124 		52.7098 		29.8674
v 10.1397 		52.7224 		29.8708
v 9.6641 		55.0984 		29.734
v 9.7781 		55.0662 		29.7089
v 9.8317 		52.5612 		30.0053
v 9.9224 		55.014 		29.6783
v 9.89 		52.5949 		29.9873
v 3.3159 		52.6504 		31.8967
v 9.2376 		55.6714 		30.6287
v 10.0825 		52.7597 		30.0708
v 9.4016 		55.6304 		30.5832
v 9.3983 		55.6313 		30.5839
v 9.3117 		55.6528 		30.608
v 14.2591 		67.411 		34.918
v 14.4768 		67.3368 		34.8818
v 3.7836 		52.3282 		32.2473
v 9.3852 		46.3215 		34.0643
v 3.6872 		52.0245 		32.3027
v 10.1059 		52.7632 		30.0235
v 10.1265 		52.7314 		29.914
v 9.3718 		46.2856 		34.0833
v 9.4902 		46.1812 		33.9658
v 14.4391 		67.3784 		34.9236
v 10.232 		55.1016 		29.5923
v 9.8052 		55.0586 		29.703
v 9.8217 		55.0539 		29.6993
v 9.9046 		55.0244 		29.6818
v 10.0981 		52.7753 		30.0653
v 3.9008 		51.9596 		32.1684
v 9.0362 		52.4186 		30.1677
v 14.459 		67.2944 		34.9933
v 8.5603 		53.0063 		30.1778
v 8.579 		52.8414 		30.238
v 14.3445 		67.3543 		34.9657
v 8.5727 		52.8437 		30.2393
v 8.5485 		52.8629 		30.2434
v 8.5742 		52.8402 		30.2393
v 9.8845 		55.0362 		29.6856
v 9.8847 		55.0362 		29.6856
v 9.9045 		55.0245 		29.6819
v 10.1056 		55.1217 		29.6216
v 9.6343 		46.1442 		34.0937
v 8.5695 		52.8238 		30.2422
v 8.5209 		52.7655 		30.2604
v 9.6343 		46.1252 		34.0364
v 8.471 		52.7236 		30.2772
v 8.4516 		52.7074 		30.2837
v 8.8777 		52.6418 		30.1841
v 8.8521 		52.6022 		30.1946
v 8.8324 		52.5723 		30.2026
v 4.2899 		52.0497 		31.9349
v 9.3635 		64.0424 		34.5985
v 9.3555 		64.043 		34.5964
v 9.3665 		64.0412 		34.6006
v 9.3555 		64.0397 		34.6053
v 14.0013 		67.2849 		34.8515
v 8.9086 		52.6622 		30.1743
v 8.9099 		52.6631 		30.1739
v 8.9181 		52.6663 		30.1715
v 8.9272 		52.6743 		30.1684
v 10.7336 		54.9378 		29.484
v 8.9525 		52.6704 		30.1625
v 8.9595 		52.6712 		30.1606
v 4.6794 		52.317 		31.7949
v 14.2108 		67.1817 		34.8889
v 9.3196 		46.2898 		33.8831
v 14.2668 		67.0939 		34.8708
v 7.9272 		55.4576 		31.1455
v 7.8797 		55.446 		31.1204
v 4.5456 		52.2609 		31.4449
v 8.7908 		52.4431 		30.2264
v 9.3635 		64.0403 		34.6033
v 9.3424 		64.0391 		34.6074
v 9.4421 		63.9762 		34.573
v 8.6086 		52.4048 		30.1698
v 3.7549 		51.8987 		31.7863
v 4.1333 		51.9818 		31.6973
v 14.4483 		67.0651 		34.9292
v 8.0264 		55.5284 		31.1851
v 8.0062 		55.4867 		31.1626
v 9.4421 		63.9795 		34.5632
v 8.8771 		46.1098 		34.2841
v 8.9972 		46.1009 		34.2031
v 4.082 		52.1684 		31.5787
v 9.448 		63.978 		34.568
v 14.2146 		67.0135 		34.7252
v 9.855 		55.1057 		29.481
v 9.8784 		55.0969 		29.4835
v 14.306 		67.171 		34.8082
v 9.6462 		55.1879 		29.4458
v 9.6824 		55.1715 		29.4593
v 8.7124 		46.1187 		34.3111
v 9.9023 		55.0878 		29.4865
v 9.3831 		63.9827 		34.5531
v 9.9026 		55.0876 		29.4865
v 9.9893 		55.0301 		29.4905
v 10.049 		54.9903 		29.4933
v 8.8648 		52.7032 		30.181
v 7.9858 		55.4804 		31.155
v 8.9809 		45.7784 		34.3621
v 8.5914 		45.9487 		34.3722
v 2.9795 		52.3104 		32.5338
v 8.1412 		55.8419 		30.9733
v 9.2057 		64.0424 		34.5985
v 9.2024 		64.0412 		34.6006
v 9.2057 		64.0403 		34.6033
v 9.2825 		64.0355 		34.6178
v 8.8771 		45.9926 		33.9323
v 8.7124 		45.9834 		33.9053
v 8.4277 		46.0398 		33.9934
v 7.8442 		55.4993 		30.9456
v 7.8639 		55.5179 		30.9215
v 8.4796 		46.003 		33.9649
v 7.8657 		55.5198 		30.9186
v 9.2348 		64.0436 		34.5935
v 9.2846 		64.0625 		34.6119
v 2.4687 		52.2407 		32.2031
v 8.5632 		52.4199 		30.3364
v 7.8348 		55.4903 		30.9577
v 2.7597 		52.3499 		32.0806
v 7.8735 		55.5254 		30.9135
v 7.8846 		55.5331 		30.907
v 2.4981 		52.1194 		32.1562
v 2.6758 		52.0726 		32.0731
v 9.3255 		64.0439 		34.5926
v 8.9453 		46.003 		33.9649
v 10.0508 		54.989 		29.4939
v 9.1209 		63.978 		34.568
v 9.1268 		63.9762 		34.573
v 10.4877 		55.3647 		29.5012
v 8.0685 		52.4623 		31.1622
v 10.2131 		54.8677 		29.5436
v 10.2482 		54.8554 		29.5106
v 10.2468 		54.8563 		29.5104
v 10.2484 		54.8551 		29.5106
v 9.2953 		64.0035 		34.5469
v 10.2723 		54.8293 		29.5117
v 3.4852 		51.6496 		32.3184
v 10.2087 		54.8714 		29.541
v 10.1928 		54.8849 		29.5311
v 10.1727 		54.9014 		29.52
v 8.9732 		45.5776 		34.2423
v 13.8456 		67.0773 		34.7237
v 3.476 		51.646 		32.2944
v 10.2367 		54.8633 		29.5091
v 8.5579 		45.6717 		34.1103
v 7.8938 		52.5513 		31.1682
v 9.3525 		63.9065 		34.5024
v 9.3448 		63.8858 		34.4769
v 14.225 		66.8721 		34.8308
v 10.161 		54.9116 		29.512
v 10.163 		54.9115 		29.508
v 14.1123 		66.5745 		34.7255
v 10.0987 		54.9515 		29.5137
v 10.0537 		54.9736 		29.5366
v 9.559 		63.8042 		34.4686
v 9.5287 		63.8736 		34.5143
v 3.0311 		51.7024 		32.026
v 10.1622 		54.9101 		29.5142
v 8.0682 		52.529 		31.2806
v 14.2816 		66.5045 		34.7255
v 10.163 		54.9115 		29.5079
v 10.1798 		54.9011 		29.5067
v 10.2178 		54.8764 		29.5066
v 9.5972 		63.7265 		34.4499
v 8.2064 		52.6557 		31.1682
v 7.7793 		55.46 		30.9702
v 3.3767 		51.6048 		32.0349
v 7.9937 		52.9333 		31.1682
v 10.0418 		54.9804 		29.5395
v 7.8018 		55.5195 		30.9792
v 9.9983 		55.0055 		29.5499
v 7.7684 		55.4536 		30.9739
v 7.7467 		55.4409 		30.9811
v 14.0577 		66.9596 		34.7904
v 9.3822 		63.7152 		34.4742
v 8.4499 		45.6233 		34.2174
v 10.0915 		54.9583 		29.5073
v 9.7496 		55.1452 		29.4702
v 9.697 		55.1649 		29.4648
v 8.0579 		52.4795 		31.161
v 8.0658 		52.4767 		31.1582
v 14.4913 		66.8003 		34.8023
v 7.9659 		52.5355 		31.1841
v 7.9018 		55.3792 		31.3135
v 3.4692 		51.5823 		32.1695
v 8.079 		52.472 		31.1537
v 3.4363 		51.5668 		32.1844
v 9.327 		63.8579 		34.5596
v 10.8614 		54.4621 		29.5012
v 10.862 		53.9697 		29.5519
v 8.8569 		45.3504 		34.2888
v 3.4203 		51.5903 		32.0915
v 8.7124 		45.1855 		34.3538
v 8.1254 		52.4063 		31.0851
v 3.3862 		51.6087 		32.0592
v 11.4665 		54.6356 		30.0968
v 9.2096 		63.8555 		34.5368
v 7.8284 		55.4201 		31.1267
v 7.7137 		52.7548 		31.3675
v 7.5842 		52.8164 		31.2667
v 7.5843 		52.8163 		31.2669
v 3.4152 		51.2228 		32.0978
v 11.9523 		54.8097 		30.0378
v 7.7998 		55.3199 		31.3461
v 14.4943 		66.7946 		34.6819
v 7.7284 		55.3638 		31.1366
v 7.6392 		55.2928 		31.1306
v 7.628 		55.2837 		31.1302
v 7.5968 		55.2583 		31.1292
v 7.5846 		52.8161 		31.267
v 7.739 		52.7299 		31.3645
v 7.7469 		55.3791 		31.1368
v 14.2042 		66.638 		34.4988
v 10.975 		54.7875 		29.9515
v 7.6202 		52.7861 		31.2718
v 7.6204 		52.786 		31.2718
v 11.4143 		54.7255 		30.1291
v 2.5536 		51.3533 		32.3063
v 7.8309 		45.8977 		34.2191
v 7.466 		55.162 		31.1043
v 7.442 		55.1443 		31.0999
v 14.3163 		66.5882 		34.5069
v 7.6208 		52.7855 		31.2717
v 9.2763 		63.8896 		34.4647
v 7.8979 		46.0691 		34.1625
v 7.6211 		52.7853 		31.2717
v 10.9065 		54.4131 		29.6451
v 7.6894 		52.7136 		31.256
v 14.4068 		66.5137 		34.6905
v 7.4382 		55.1426 		31.0968
v 9.209 		63.8712 		34.481
v 3.1195 		52.3591 		31.8961
v 7.4153 		55.1328 		31.0782
v 7.9534 		46.2871 		33.9044
v 3.2132 		52.0921 		31.8587
v 7.9697 		46.256 		33.9184
v 7.3851 		52.7601 		31.3284
v 7.9994 		46.3195 		34.0599
v 7.7101 		55.4204 		30.9909
v 7.5404 		55.2652 		31.0202
v 7.5005 		55.2292 		31.0261
v 7.5082 		55.2358 		31.0257
v 4.7328 		52.9781 		31.2263
v 7.4295 		55.1563 		31.0544
v 7.4486 		55.175 		31.0488
v 7.5981 		52.5578 		31.3524
v 7.7324 		52.6691 		31.2459
v 7.7386 		52.6737 		31.2412
v 4.6714 		53.1401 		31.323
v 7.4274 		55.1529 		31.0578
v 11.5169 		54.0545 		29.928
v 11.5184 		54.0551 		29.9289
v 14.1191 		66.6668 		34.5128
v 9.1624 		63.8816 		34.4896
v 7.7817 		46.1818 		34.0071
v 8.2171 		55.7615 		31.1124
v 11.4988 		53.9911 		29.8779
v 7.7514 		46.1771 		34.0432
v 7.628 		52.5169 		31.3284
v 2.3115 		53.5269 		32.3039
v 2.3362 		53.4729 		32.2562
v 13.5775 		66.8448 		34.616
v 13.7821 		66.9127 		34.7121
v 7.7737 		46.2533 		34.0379
v 13.3719 		66.5582 		34.4514
v 7.7737 		46.234 		33.9801
v 7.7425 		46.232 		34.0148
v 11.9224 		54.0068 		30.0099
v 11.9773 		54.0946 		30.0505
v 1.7563 		52.8408 		32.4896
v 2.2914 		53.0155 		32.5231
v 7.7817 		46.2011 		34.0646
v 2.2062 		52.9802 		32.3006
v 8.1542 		55.5162 		31.2575
v 11.9559 		53.8122 		29.9915
v 9.263 		63.7072 		34.5069
v 2.3314 		52.6501 		32.2754
v 8.0803 		55.5208 		31.1614
v 2.084 		52.5664 		32.3804
v 8.0625 		55.5113 		31.165
v 8.1007 		55.5303 		31.1609
v 8.0816 		55.5215 		31.1612
v 7.7087 		52.6932 		31.2516
v 7.7107 		52.6919 		31.2509
v 1.8865 		52.4988 		32.4641
v 13.5511 		66.4518 		34.5229
v 7.7707 		52.6246 		31.1961
v 9.19 		63.7612 		34.4164
v 8.0397 		55.5008 		31.1654
v 8.1373 		55.5513 		31.15
v 8.1854 		55.5662 		31.1315
v 9.1906 		63.6004 		34.4354
v 9.3641 		44.6949 		34.8308
v 9.3834 		44.6727 		34.8186
v 9.3288 		63.5221 		34.4271
v 9.3641 		44.6816 		34.7907
v 1.775 		51.8371 		32.4614
v 13.9619 		66.2483 		34.597
v 8.2081 		55.5744 		31.1195
v 8.2025 		55.5719 		31.1239
v 2.192 		52.2372 		32.3754
v 1.8868 		52.0212 		32.4487
v 14.3493 		66.3272 		34.616
v 9.2013 		45.0657 		34.6925
v 2.2237 		52.1485 		32.3063
v 9.4377 		45.0378 		34.6566
v 8.251 		55.5944 		31.0841
v 2.0286 		52.0746 		32.389
v 14.4377 		66.0792 		34.5341
v 9.2523 		45.0209 		34.5685
v 11.5021 		53.9338 		29.8512
v 11.5418 		53.6597 		29.8435
v 8.4179 		53.4856 		30.9152
v 9.4377 		45.023 		34.6121
v 14.3217 		66.2219 		34.4152
v 2.0591 		51.9489 		32.3404
v 2.2759 		51.9542 		32.2434
v 9.4626 		45.0292 		34.6353
v 7.8321 		53.2433 		31.1682
v 11.2701 		54.0074 		30.0066
v 9.0604 		44.7522 		34.6964
v 9.2102 		44.7952 		34.6884
v 1.6614 		51.9281 		32.5498
v 1.8031 		51.7255 		32.4412
v 8.5911 		44.8183 		34.8957
v 2.0028 		51.415 		32.4051
v 2.1615 		51.6567 		32.2995
v 8.0987 		55.7423 		30.8843
v 9.0005 		63.8015 		34.4772
v 8.9717 		63.7265 		34.4499
v 8.9717 		63.7327 		34.4306
v 1.9096 		51.7688 		32.3944
v 11.3206 		54.1379 		29.7806
v 2.0588 		51.2735 		32.4418
v 8.1731 		55.6681 		30.8374
v 8.2154 		55.6717 		30.848
v 8.1369 		55.6616 		30.8378
v 2.2611 		51.4443 		32.325
v 14.0185 		65.7962 		34.4523
v 7.9633 		55.5872 		30.8608
v 1.5786 		51.6692 		32.5507
v 8.0279 		55.622 		30.8473
v 8.0243 		55.677 		30.8653
v 8.4882 		45.0334 		34.7278
v 3.8382 		51.0834 		31.9907
v 14.1191 		65.7692 		34.4194
v 3.9263 		51.0988 		32.1838
v 9.3644 		63.7461 		34.3906
v 4.1034 		50.8066 		32.0052
v 4.1526 		50.7713 		32.0364
v 4.1321 		50.8188 		32.0809
v 13.7071 		65.9401 		34.4194
v 13.8818 		66.2945 		34.5683
v 13.7741 		66.1771 		34.4775
v 8.0732 		55.6451 		30.8409
v 8.0887 		55.6519 		30.8415
v 10.8842 		54.0397 		29.6905
v 11.0026 		53.9386 		29.6798
v 9.4053 		63.5672 		34.3052
v 7.7271 		53.5767 		31.1682
v 9.486 		63.5358 		34.387
v 7.2619 		53.0483 		31.0817
v 7.2603 		53.0511 		31.0819
v 8.9103 		44.6323 		34.923
v 7.2638 		53.0451 		31.0818
v 8.3306 		55.6315 		31.0186
v 8.3108 		55.6191 		31.0439
v 8.3816 		55.6463 		31.0018
v 4.6352 		51.1154 		31.8391
v 7.2817 		53.0945 		31.1774
v 7.2849 		53.09 		31.1783
v 7.3009 		53.0674 		31.1834
v 8.2988 		55.6806 		30.8639
v 8.3433 		55.6916 		30.8548
v 8.397 		55.7035 		30.8434
v 11.1126 		53.8647 		29.7059
v 8.2856 		55.6774 		30.8666
v 9.1671 		63.5954 		34.3212
v 2.3857 		50.7805 		32.5433
v 9.2312 		63.5755 		34.2675
v 2.8973 		50.6301 		32.4059
v 9.0829 		63.5624 		34.3069
v 13.7216 		66.4331 		34.4066
v 3.5351 		50.8565 		32.3721
v 8.5579 		44.5152 		35.0117
v 13.8744 		66.385 		34.406
v 10.2468 		54.8161 		29.6178
v 10.3158 		54.7464 		29.6079
v 10.2752 		54.7993 		29.5824
v 8.094 		55.2318 		31.1682
v 7.9418 		52.4706 		31.0433
v 10.3304 		54.7316 		29.6057
v 10.2892 		54.7821 		29.5883
v 7.9062 		54.9364 		31.1682
v 10.3117 		54.8148 		29.6018
v 10.3354 		54.7266 		29.605
v 10.464 		54.8132 		29.564
v 10.4858 		54.7778 		29.5622
v 2.7123 		50.5331 		32.4896
v 9.1621 		63.5185 		34.3835
v 2.6393 		50.3344 		32.5679
v 10.5384 		54.698 		29.5573
v 10.5328 		54.6949 		29.5549
v 3.0973 		50.2259 		32.478
v 3.5146 		50.4643 		32.2823
v 10.5383 		54.6979 		29.5574
v 3.2453 		50.507 		32.333
v 10.3277 		54.7361 		29.6014
v 10.3374 		54.7246 		29.6047
v 14.0639 		65.9057 		34.1666
v 10.3326 		54.7418 		29.6041
v 10.3364 		54.7257 		29.6043
v 10.3376 		54.7244 		29.6047
v 14.2274 		66.2486 		34.3511
v 10.3376 		54.7243 		29.6047
v 9.3163 		63.3676 		34.1376
v 10.679 		54.3508 		29.5582
v 10.6881 		54.3258 		29.5585
v 10.6882 		54.2503 		29.5537
v 10.7032 		54.2218 		29.5574
v 10.6763 		54.273 		29.5508
v 3.5452 		50.4774 		32.3623
v 3.5351 		50.4086 		32.33
v 7.8863 		55.6501 		30.3198
v 9.8606 		54.2556 		29.7722
v 9.8049 		54.2816 		29.7834
v 7.3221 		52.9523 		31.083
v 9.9204 		54.2218 		29.7607
v 10.7327 		54.136 		29.5628
v 8.0187 		55.7968 		30.397
v 10.7581 		54.0378 		29.5708
v 10.777 		53.9679 		29.5733
v 7.3171 		52.9574 		31.0837
v 10.7395 		54.136 		29.5653
v 8.9396 		45.0624 		34.7136
v 10.7163 		54.1967 		29.5606
v 10.7161 		54.1971 		29.5606
v 4.7435 		48.8585 		32.3706
v 4.7788 		48.8089 		32.3392
v 9.0452 		63.3504 		34.1889
v 2.3163 		50.7464 		32.5738
v 8.9411 		45.0861 		34.702
v 10.8168 		53.7454 		29.5864
v 10.8117 		53.6625 		29.5771
v 10.8125 		53.6456 		29.5758
v 10.8129 		53.6311 		29.5757
v 2.2062 		51.0893 		32.5465
v 8.9652 		45.0731 		34.6676
v 10.8127 		53.6399 		29.5755
v 8.8219 		63.3391 		34.2224
v 13.3331 		66.1181 		34.3683
v 10.8129 		53.6354 		29.5752
v 8.9675 		45.0209 		34.6691
v 8.9999 		63.5378 		34.3796
v 7.4322 		52.9228 		31.2084
v 13.3518 		66.1629 		34.2506
v 8.9622 		45.0019 		34.5967
v 7.8748 		55.6613 		30.2777
v 8.9729 		45.0506 		34.6015
v 7.3655 		52.7921 		31.2877
v 13.5259 		66.0967 		34.2372
v 7.3578 		52.9875 		31.202
v 8.9999 		63.5598 		34.3141
v 9.6601 		53.978 		29.7489
v 9.8387 		54.1414 		29.7489
v 3.5713 		48.7022 		34.3111
v 10.164 		53.9552 		29.7275
v 9.9824 		54.1868 		29.7489
v 7.4735 		52.8856 		31.2099
v 4.0316 		48.7351 		34.0216
v 4.8342 		66.7673 		34.0919
v 5.1525 		65.7793 		33.8057
v 5.3242 		66.3307 		33.9207
v 8.9417 		45.0316 		34.5377
v 7.4282 		52.8487 		31.0723
v 9.7183 		53.8629 		29.8432
v 7.4322 		52.8449 		31.0719
v 13.8068 		66.0089 		34.1743
v 8.9396 		45.0081 		34.5499
v 7.5147 		52.5157 		31.0851
v 4.0271 		48.7312 		34.0243
v 4.9668 		66.7955 		34.1512
v 9.715 		53.8054 		29.8521
v 8.8456 		45.0357 		34.4653
v 4.0343 		48.693 		33.9792
v 4.0274 		48.6799 		33.9765
v 8.5241 		45.0446 		34.4914
v 4.8701 		66.9542 		34.2064
v 13.1237 		66.2216 		34.331
v 12.9344 		66.0151 		34.1966
v 9.7206 		53.8979 		29.8358
v 12.9478 		65.9748 		34.2105
v 9.7209 		53.8869 		29.8343
v 12.9555 		65.9923 		34.164
v 4.9099 		65.8321 		33.6698
v 9.7183 		53.9113 		29.8432
v 9.7206 		53.876 		29.8358
v 3.9414 		48.6482 		33.8315
v 9.6939 		53.8869 		29.8414
v 5.477 		65.8449 		33.6215
v 5.5689 		65.995 		33.7007
v 3.9761 		48.6796 		33.8065
v 5.59 		66.0181 		33.7342
v 3.9803 		48.6835 		33.8036
v 5.3417 		65.8639 		33.7908
v 5.5761 		65.9763 		33.7481
v 13.9794 		65.3673 		34.258
v 9.2834 		44.2871 		35.0176
v 8.3296 		55.8344 		30.368
v 8.2848 		55.8313 		30.3317
v 7.2504 		52.8408 		30.7692
v 8.357 		55.8426 		30.3714
v 7.2495 		52.9075 		30.8876
v 3.9812 		48.6823 		33.8048
v 8.186 		55.8535 		30.1627
v 7.3159 		52.8425 		30.8778
v 7.3319 		52.8265 		30.8754
v 7.3545 		52.8038 		30.8722
v 8.7694 		44.4398 		34.786
v 14.3353 		65.6972 		34.3817
v 8.8993 		44.4428 		34.8577
v 14.2449 		65.3484 		34.0557
v 7.4562 		52.804 		31.039
v 7.4562 		52.804 		31.039
v 14.3166 		65.2502 		34.2082
v 14.2466 		65.1561 		34.1653
v 3.9352 		48.6428 		33.8359
v 7.5978 		52.5587 		30.8369
v 8.1564 		55.759 		30.3666
v 8.1515 		55.7561 		30.3681
v 8.2812 		55.831 		30.328
v 4.0245 		48.6627 		33.9133
v 8.1674 		55.7653 		30.3632
v 13.918 		65.5189 		33.9768
v 4.0079 		48.6565 		33.8887
v 7.5555 		52.6019 		30.8429
v 7.5908 		52.5665 		30.8378
v 8.019 		55.7298 		30.2783
v 8.0214 		55.7304 		30.2777
v 8.0193 		55.7292 		30.2783
v 9.6593 		53.9448 		29.8545
v 7.5998 		52.5576 		30.8365
v 8.6439 		44.4419 		34.7913
v 7.5981 		52.5592 		30.8367
v 13.5846 		65.5186 		34.2859
v 5.4144 		65.5266 		33.4803
v 7.6006 		52.5585 		30.8395
v 10.7889 		53.9239 		29.5749
v 8.0584 		55.7008 		30.397
v 10.7904 		53.9181 		29.5752
v 13.7285 		65.6838 		34.3775
v 10.8055 		53.8528 		29.5782
v 10.8137 		53.803 		29.5813
v 8.0227 		55.6799 		30.4081
v 10.8015 		53.8771 		29.5767
v 13.7851 		65.427 		34.3057
v 10.8168 		53.746 		29.5865
v 3.1714 		48.6117 		34.4105
v 8.1459 		55.7528 		30.3698
v 8.5454 		44.1907 		34.9966
v 2.6681 		48.6238 		34.5098
v 5.4426 		65.6978 		33.7143
v 5.6309 		65.5675 		33.6241
v 7.5806 		52.669 		31.0027
v 10.2612 		53.8199 		29.7174
v 10.2468 		53.8403 		29.7188
v 8.0245 		55.6806 		30.4075
v 5.7917 		65.6601 		33.5954
v 7.4973 		52.7518 		31.0137
v 7.4966 		52.7525 		31.0137
v 10.1797 		53.9353 		29.7257
v 10.1919 		53.9181 		29.7244
v 9.7021 		53.9183 		29.8466
v 8.0226 		55.7276 		30.2864
v 9.7029 		53.922 		29.846
v 8.0237 		55.7253 		30.2935
v 9.7044 		53.9244 		29.8453
v 9.7093 		53.9246 		29.8441
v 8.436 		44.1948 		35.0007
v 9.7266 		53.845 		29.8481
v 9.726 		53.8548 		29.8472
v 5.7769 		65.6776 		33.542
v 9.7292 		53.8603 		29.8459
v 7.4563 		52.8039 		31.0389
v 9.7267 		53.8615 		29.8463
v 10.2175 		53.8817 		29.7218
v 9.7259 		53.8614 		29.8465
v 9.7104 		53.8556 		29.851
v 9.7309 		53.9041 		29.8409
v 9.7351 		53.8974 		29.8405
v 5.8205 		65.6859 		33.5704
v 9.7396 		53.8869 		29.8405
v 9.7434 		53.8799 		29.8403
v 8.0207 		44.7614 		34.7729
v 8.0409 		44.7708 		34.7438
v 9.7183 		53.9113 		29.8432
v 9.7429 		53.8726 		29.8412
v 7.6379 		52.6266 		31.0205
v 7.6477 		52.6193 		31.0236
v 9.7182 		53.9116 		29.8432
v 9.6999 		53.8816 		29.8509
v 9.7019 		53.8957 		29.849
v 3.3915 		48.6989 		33.9222
v 8.0409 		44.7845 		34.7851
v 9.7042 		53.8641 		29.8517
v 9.7032 		53.8757 		29.8507
v 8.2005 		44.9278 		34.7563
v 9.7316 		53.8634 		29.8449
v 13.6724 		65.6206 		33.9768
v 7.2617 		52.9169 		30.8836
v 7.28 		52.8852 		30.8823
v 7.259 		52.9216 		30.8838
v 7.7295 		52.5827 		31.0599
v 7.6779 		52.5982 		31.0323
v 5.2824 		65.3848 		33.6461
v 3.7961 		48.7404 		33.7478
v 13.3206 		65.7313 		34.0557
v 8.3998 		44.5045 		34.9788
v 7.5933 		55.5512 		30.5284
v 8.3651 		44.7981 		34.8349
v 7.6512 		52.6178 		31.0241
v -3.5925 		50.1063 		35.0829
v -3.5958 		50.1345 		35.1019
v -3.5136 		49.9847 		35.1463
v 7.7002 		55.4936 		30.5077
v 7.6724 		55.4777 		30.5163
v 5.0095 		65.198 		33.7158
v 5.2536 		65.4539 		33.4657
v -2.9222 		49.681 		35.0835
v -2.9744 		49.7711 		35.0508
v 13.2954 		65.2223 		34.0622
v 13.2954 		65.3442 		33.9973
v 7.6245 		55.4499 		30.5311
v 13.3102 		65.2525 		34.0753
v 10.8152 		53.7939 		29.5819
v 10.8168 		53.7462 		29.5865
v 8.1478 		53.1887 		30.2157
v 8.1432 		53.1964 		30.2178
v 7.6567 		55.4686 		30.5211
v 7.6621 		55.4717 		30.5194
v 10.3119 		53.7435 		29.7127
v 8.1616 		53.1902 		30.2211
v 10.2861 		53.7847 		29.7148
v 10.3376 		53.6982 		29.711
v 8.1561 		53.1986 		30.21
v 8.1963 		53.247 		30.1821
v 9.7191 		53.8003 		29.8546
v 9.7197 		53.7993 		29.8546
v 8.1275 		45.028 		34.573
v 9.7204 		53.799 		29.8544
v 7.9608 		45.0363 		34.6314
v 8.3871 		45.0348 		34.541
v 8.2011 		53.1798 		30.2338
v 8.144 		53.1823 		30.2185
v 8.1482 		53.1882 		30.2155
v 8.1274 		53.1588 		30.2304
v 13.3402 		65.3249 		33.8857
v 8.1729 		45.0686 		34.6854
v 8.3871 		45.0864 		34.6964
v 13.3117 		65.2953 		33.8866
v 10.8151 		53.794 		29.5825
v 10.817 		53.7483 		29.5867
v 7.9863 		45.0304 		34.6083
v 7.9863 		45.0452 		34.6528
v -3.2529 		49.4538 		35.2377
v -3.4187 		49.5988 		35.1986
v 8.3007 		53.1374 		30.2306
v 13.3257 		65.2953 		33.8715
v 8.3227 		53.1241 		30.2211
v -3.7136 		49.4084 		35.1627
v 14.0871 		64.9001 		34.0519
v 14.0328 		64.9168 		34.0557
v 14.0622 		64.9083 		34.0523
v 14.0809 		64.9334 		34.0638
v 14.0804 		64.9328 		34.0635
v 14.0332 		64.9179 		34.0528
v 14.0338 		64.9181 		34.0529
v 8.1085 		44.4897 		34.9352
v 8.2734 		53.0478 		30.1596
v 8.2726 		53.0432 		30.1609
v 14.2603 		64.845 		34.0444
v 10.7794 		54.4353 		29.7741
v 10.7822 		54.4185 		29.7668
v 8.2207 		44.4689 		34.8729
v 10.7859 		54.3975 		29.7566
v 10.7875 		54.393 		29.7519
v -3.0554 		48.8869 		35.1538
v -2.8038 		49.3594 		35.0508
v 10.829 		54.3919 		29.6155
v 10.8304 		54.4059 		29.6091
v 8.1207 		53.149 		30.2353
v 8.1237 		53.1535 		30.2331
v 10.8329 		54.4528 		29.5959
v 8.1791 		53.0546 		30.3006
v 14.3294 		64.8842 		33.9009
v 7.2128 		46.1376 		32.9701
v 10.8296 		54.3824 		29.6146
v 7.2323 		46.1967 		33.0448
v 7.2721 		46.124 		33.0164
v -3.013 		48.7674 		35.1386
v 10.8351 		53.9747 		29.6401
v 10.8458 		53.995 		29.6027
v 10.8457 		53.9955 		29.6027
v 10.8411 		54.1363 		29.6029
v 8.2661 		53.0069 		30.1713
v 10.8453 		53.9728 		29.6064
v 10.7841 		54.2175 		29.7819
v 10.7876 		54.0879 		29.7842
v 10.7905 		53.9831 		29.786
v 7.8805 		53.189 		30.3762
v 7.8712 		53.014 		30.3968
v 14.0613 		64.9859 		33.876
v 8.958 		46.3195 		33.7923
v 10.8271 		53.9892 		29.6647
v 7.8332 		53.0083 		30.4069
v 7.817 		53.0692 		30.4046
v 10.8278 		53.9761 		29.6638
v 5.2714 		64.953 		33.2062
v 10.8248 		54.0288 		29.6681
v 10.826 		54.028 		29.6642
v 10.8263 		54.0265 		29.6635
v 10.8237 		54.0484 		29.6698
v -3.7067 		49.1948 		35.4175
v 8.059 		53.0152 		30.3208
v 4.8437 		45.6906 		33.8507
v 5.3658 		45.4744 		33.8507
v -3.2704 		49.158 		35.2104
v 10.7034 		54.2218 		30.0472
v 5.4672 		45.4127 		33.8065
v 7.7161 		55.6892 		30.3845
v 13.3286 		65.1523 		34.0866
v 8.1131 		53.1377 		30.2408
v -3.6225 		49.1625 		35.1383
v -3.583 		49.0934 		35.1627
v 8.0636 		53.0672 		30.2766
v 8.0788 		53.0868 		30.2658
v 8.0263 		53.0069 		30.3091
v 6.3152 		44.5683 		33.8068
v 7.8014 		55.5659 		30.3478
v 7.7977 		55.5629 		30.351
v 7.8019 		55.5653 		30.3497
v 7.791 		55.5981 		30.349
v 7.9508 		53.5814 		30.3182
v 7.962 		53.6144 		30.3119
v 7.7576 		55.5715 		30.3776
v 7.9442 		53.5632 		30.3217
v 7.9096 		53.4673 		30.3403
v 7.8944 		53.425 		30.3484
v 7.8935 		53.4119 		30.35
v 7.8907 		53.3728 		30.3548
v 7.8874 		53.3257 		30.3604
v 13.3432 		64.619 		33.9641
v 7.8867 		53.3106 		30.3622
v 8.1789 		53.0155 		30.3198
v 8.1805 		53.0143 		30.3195
v 8.182 		53.0134 		30.3193
v 13.7516 		64.7261 		33.997
v 8.1874 		53.0101 		30.3183
v 7.7255 		55.5485 		30.3989
v 5.0407 		64.8833 		33.1496
v 7.6661 		55.5113 		30.4245
v 7.6207 		55.4866 		30.4347
v 7.6133 		55.4826 		30.4363
v 13.0721 		65.7153 		34.18
v 7.5919 		55.4677 		30.4402
v 7.6012 		55.476 		30.439
v -3.1782 		49.2322 		35.1994
v 7.6107 		55.4811 		30.4369
v 12.8629 		65.4456 		34.0418
v 13.0136 		65.4376 		33.8976
v 4.8921 		64.8198 		33.1531
v 8.2146 		53.3106 		30.2804
v 13.2637 		65.2813 		33.9682
v 10.8345 		53.962 		29.6333
v 7.6742 		55.516 		30.4217
v 10.8343 		53.9432 		29.6209
v 10.8343 		53.9336 		29.6145
v 10.8377 		53.9408 		29.6088
v -3.6566 		48.9044 		35.2605
v 5.9525 		44.7471 		33.8715
v 6.6904 		64.2613 		32.8485
v 7.5212 		53.084 		30.5277
v 7.5482 		53.0569 		30.5238
v 10.8394 		53.948 		29.6083
v 6.7702 		64.2165 		32.8577
v 7.9104 		55.1105 		30.1704
v 7.5055 		53.0724 		30.4821
v 10.79 		53.9804 		29.7858
v 10.8199 		53.9294 		29.6567
v 10.7118 		53.6455 		29.807
v 10.7107 		53.641 		29.8074
v 10.7578 		53.8538 		29.8008
v 7.5501 		53.055 		30.5235
v 7.2985 		55.0841 		30.5251
v 10.7617 		53.865 		29.7962
v 6.7109 		64.1824 		32.8079
v -4.3751 		49.3962 		35.517
v -4.3787 		49.3914 		35.5193
v -4.4049 		49.3621 		35.5339
v 10.7732 		53.8967 		29.7813
v -4.3195 		49.4772 		35.483
v 10.7664 		53.8781 		29.79
v 10.7102 		53.6367 		29.8064
v 10.813 		53.7949 		29.5895
v 7.2472 		55.1363 		30.5325
v -4.1223 		49.6807 		35.3753
v 7.3389 		55.1544 		30.5078
v 13.2183 		65.5441 		33.9635
v 5.1288 		44.6709 		34.1266
v 7.39 		55.2057 		30.4897
v 7.2773 		53.5069 		30.5448
v 7.2917 		53.4818 		30.5438
v 7.483 		53.1502 		30.5303
v -4.1202 		49.6605 		35.3614
v 7.268 		53.5415 		30.5436
v 10.8156 		53.7813 		29.5892
v 10.8167 		53.7755 		29.589
v 10.8181 		53.7676 		29.5889
v -4.0297 		49.4063 		35.3291
v -3.7646 		49.4208 		35.211
v 10.8181 		53.7662 		29.5887
v 12.6693 		65.5554 		34.0115
v 12.6334 		65.5856 		33.9848
v 6.7008 		64.2358 		32.9149
v 6.7281 		64.2844 		32.89
v 7.2994 		53.4688 		30.5432
v 7.3222 		53.429 		30.5416
v 10.8115 		53.7955 		29.5946
v 10.8151 		53.7837 		29.5895
v 7.3256 		53.4233 		30.5414
v 10.8149 		53.8719 		29.6344
v 12.6704 		65.5794 		33.9578
v 10.8154 		53.7821 		29.5893
v 6.7097 		63.9466 		32.8408
v 10.8152 		53.9006 		29.6524
v 10.8152 		53.9006 		29.6524
v 10.8154 		53.8919 		29.6461
v 7.2466 		55.2033 		30.6509
v 6.7403 		64.1711 		32.8841
v 13.1305 		64.7329 		33.9074
v 7.286 		55.1103 		30.6507
v 7.2557 		55.0577 		30.6636
v 7.2498 		55.0473 		30.6662
v 7.2626 		53.5402 		30.5305
v 7.3054 		55.1299 		30.6438
v 7.3005 		55.1249 		30.6455
v 6.4386 		63.9581 		32.7011
v 7.292 		53.4426 		30.4969
v 6.4807 		64.059 		32.7456
v 7.5849 		55.4103 		30.5451
v 7.3213 		55.1458 		30.6382
v 7.3192 		55.1437 		30.6389
v -4.1929 		49.0922 		35.4089
v -3.9066 		49.2533 		35.4622
v -3.8292 		49.0664 		35.4622
v 7.236 		55.0232 		30.6721
v 6.5537 		64.0525 		32.9143
v 10.7166 		54.8176 		29.6387
v 10.7252 		54.7921 		29.6341
v 10.7909 		54.6325 		29.5703
v 10.6881 		54.7482 		29.785
v 13.7041 		64.8877 		33.6811
v 10.6884 		54.7432 		29.7882
v 10.6858 		54.7816 		29.7636
v 10.6911 		54.7294 		29.792
v 10.7187 		54.6084 		29.8113
v 7.2239 		53.546 		30.5541
v 10.7228 		54.7978 		29.6367
v 7.2632 		53.501 		30.5094
v 7.3092 		55.1743 		30.4173
v 7.3296 		55.193 		30.4138
v 10.8242 		54.51 		29.5738
v 10.8259 		54.4984 		29.5783
v 7.4197 		55.2739 		30.4012
v 7.4183 		55.2731 		30.4005
v 7.4148 		55.271 		30.3989
v 7.2553 		53.589 		30.5418
v -3.8639 		48.9783 		35.3302
v 7.068 		63.6289 		32.6272
v 10.8238 		54.5113 		29.5736
v 10.8234 		54.5128 		29.5736
v 10.824 		54.5109 		29.5736
v 13.4577 		64.7548 		33.5562
v -4.0203 		48.7923 		35.5168
v 7.2659 		53.4907 		30.502
v 6.1192 		63.547 		32.8482
v 7.5224 		55.3447 		30.4305
v 7.5191 		55.3421 		30.4301
v 7.2843 		53.5002 		30.4928
v 7.4709 		55.3608 		30.4535
v 7.4787 		55.3613 		30.4515
v 7.4739 		55.3631 		30.4538
v -3.8191 		49.0249 		35.4462
v 7.7527 		53.3106 		30.3956
v 7.7282 		53.4027 		30.3922
v 12.2418 		64.9263 		33.636
v 7.7284 		53.461 		30.3861
v 7.5268 		55.3484 		30.4303
v 10.7201 		54.6023 		29.8123
v 10.7393 		54.5366 		29.8098
v 7.4969 		55.3649 		30.4466
v 7.4842 		55.3718 		30.4535
v 10.8262 		54.4969 		29.5789
v 6.4285 		63.8475 		32.8847
v -4.2931 		48.9335 		35.6245
v 7.729 		53.5852 		30.3731
v 7.7291 		53.6144 		30.3701
v 7.7289 		53.5647 		30.3753
v -4.0891 		49.0014 		35.5569
v 7.575 		55.3913 		30.4244
v 7.6673 		53.3935 		30.2244
v 7.6937 		53.3106 		30.2389
v 7.6602 		53.5397 		30.1874
v 7.6589 		53.5933 		30.1777
v 7.2332 		54.8506 		30.3661
v 6.0803 		63.6411 		32.6026
v 7.5221 		53.4456 		30.3979
v 7.2759 		54.9362 		30.3976
v 7.253 		54.8502 		30.4122
v 10.5284 		54.5658 		29.4858
v 10.5331 		54.5615 		29.4841
v 7.4397 		54.9144 		30.308
v 10.6801 		54.5991 		29.5323
v 10.534 		54.5604 		29.4843
v 7.7011 		53.6144 		30.2922
v 7.7002 		53.5519 		30.2969
v 10.5342 		54.56 		29.4844
v 7.7001 		53.551 		30.297
v 10.5422 		54.5449 		29.4861
v 7.6998 		53.5274 		30.2988
v 7.2688 		54.9387 		30.3792
v 13.7252 		64.4449 		33.5968
v -4.1324 		48.9546 		35.4175
v -4.0659 		48.8255 		35.4456
v 10.548 		54.5341 		29.4874
v 10.5526 		54.5255 		29.488
v 7.2106 		54.9757 		30.4098
v 7.3248 		55.0213 		30.3766
v 7.6587 		53.6144 		30.1746
v 10.5233 		54.5706 		29.4878
v 5.3272 		64.051 		33.2893
v 7.7025 		53.3785 		30.3077
v 7.7148 		53.3262 		30.3053
v 7.7185 		53.3106 		30.3049
v 10.4643 		54.625 		29.51
v 7.6978 		53.3981 		30.3085
v 10.444 		54.6445 		29.516
v 10.4615 		54.6276 		29.5111
v -3.9657 		49.2025 		35.2834
v 10.6377 		54.6247 		29.5402
v 13.6368 		64.2132 		33.7454
v 7.3709 		53.5515 		30.2816
v 10.3208 		54.7768 		29.5138
v 10.3726 		54.7213 		29.5148
v 10.4432 		54.6453 		29.5162
v 10.3835 		54.7096 		29.515
v 10.4426 		54.6458 		29.5163
v 10.4427 		54.6457 		29.5163
v 5.7164 		63.9869 		33.1312
v 13.3704 		64.1023 		33.7707
v 10.4426 		54.6458 		29.5163
v -4.561 		49.1272 		35.631
v 7.3833 		53.6058 		30.2371
v -4.5562 		49.1207 		35.6364
v 5.6505 		64.3087 		32.9351
v 5.5672 		64.0907 		32.7619
v 5.4681 		64.5342 		33.0027
v 10.5908 		54.4551 		29.4934
v 9.311 		54.5982 		30.7603
v 10.612 		54.4159 		29.4964
v 10.702 		54.5189 		29.5351
v 10.721 		54.465 		29.5359
v -4.5903 		48.9507 		35.661
v 13.5621 		64.1836 		33.4124
v -4.6004 		48.9801 		35.6657
v 5.3435 		64.0121 		32.7304
v 5.326 		64.4956 		32.9565
v 4.8855 		64.2927 		33.0027
v -4.5651 		48.9098 		35.6791
v 9.098 		53.6366 		30.7603
v -4.5983 		48.9807 		35.6716
v 14.0651 		63.8683 		33.6517
v 5.986 		63.5794 		32.8838
v 7.736 		53.2385 		30.3028
v 7.7396 		53.2216 		30.3013
v 7.7466 		53.19 		30.2985
v 14.3246 		63.531 		33.5034
v 14.141 		63.3406 		33.4376
v 7.7905 		53.0391 		30.3142
v -4.6004 		48.9836 		35.669
v 7.7678 		53.0927 		30.2899
v 7.7825 		53.0571 		30.305
v 9.0082 		54.1607 		30.7603
v -4.4613 		48.8472 		35.658
v 7.6467 		53.0953 		30.3531
v 4.9748 		63.8371 		32.8583
v 13.3506 		63.6215 		33.5408
v 7.7505 		53.1286 		30.2678
v 7.7525 		53.125 		30.2707
v 10.6137 		54.4115 		29.4986
v 5.1291 		63.9092 		32.7619
v 7.7439 		53.1401 		30.258
v 7.7253 		53.1276 		30.2638
v 7.743 		53.1399 		30.2554
v 7.7429 		53.1402 		30.2554
v 7.7433 		53.14 		30.2562
v 7.7433 		53.14 		30.2563
v -4.5722 		48.9009 		35.6553
v -4.5636 		48.8718 		35.6482
v 7.7523 		53.1093 		30.2596
v 10.6241 		54.3863 		29.5116
v 10.631 		54.3671 		29.5249
v 10.7015 		54.3937 		29.5482
v 8.4227 		54.5339 		30.9152
v 7.7705 		53.0535 		30.2707
v -4.5568 		48.897 		35.6865
v -4.5476 		48.8783 		35.6891
v 7.7725 		54.6136 		31.1682
v 10.7133 		54.4368 		29.5408
v -4.5838 		48.8632 		35.6811
v 7.6325 		53.0896 		30.3154
v 10.6547 		54.3142 		29.5455
v 10.6554 		54.3128 		29.5456
v 10.6406 		54.3402 		29.5435
v 13.0703 		64.403 		33.3774
v -4.5746 		48.8869 		35.68
v -4.542 		48.8614 		35.6868
v 7.7525 		53.1249 		30.2707
v 7.7604 		53.1108 		30.2821
v 7.6968 		54.2725 		31.1682
v 12.3436 		64.4541 		33.6046
v 7.6946 		53.3077 		30.2394
v 12.8161 		63.8261 		33.5782
v 8.3458 		53.7137 		30.9152
v 13.0302 		63.7232 		33.6096
v 7.6814 		53.9231 		31.1682
v 7.7364 		53.1771 		30.2629
v -4.5129 		48.7695 		35.6657
v -4.5103 		48.7665 		35.669
v -4.5316 		48.808 		35.6601
v 7.7416 		53.1662 		30.2694
v -4.5209 		48.7994 		35.6764
v 7.75 		53.1694 		30.2939
v -4.5108 		48.7701 		35.6716
v 7.7497 		53.1534 		30.2824
v 12.1537 		63.7585 		33.332
v 5.1092 		63.4613 		32.6862
v 5.1252 		63.4165 		32.6658
v 8.324 		54.2218 		30.1589
v 5.1415 		63.3711 		32.645
v 8.0142 		54.5087 		30.2066
v 5.1377 		63.3812 		32.6498
v 8.0484 		54.5667 		30.192
v 7.8448 		54.2218 		30.2784
v 7.8799 		54.2812 		30.2635
v -4.3584 		49.0717 		35.5984
v 8.1186 		54.635 		30.1675
v 7.7205 		53.3026 		30.3046
v -4.4672 		49.2924 		35.5687
v 7.4065 		54.5745 		30.1885
v 12.6583 		63.9077 		33.2056
v 14.7945 		53.5832 		32.688
v -4.3403 		49.2245 		35.4958
v 7.3167 		52.7032 		30.491
v 7.362 		52.75 		30.4659
v 7.2108 		54.6919 		30.4391
v 4.2615 		67.5412 		34.5276
v 4.3631 		67.4514 		34.4771
v 4.3557 		67.4567 		34.4801
v 4.4466 		67.3941 		34.4419
v -4.5073 		48.9709 		35.6111
v 7.2475 		54.7008 		30.2525
v 14.6898 		53.5799 		32.6364
v -4.3824 		49.0409 		35.5254
v 12.4391 		63.4328 		33.2777
v 14.788 		53.1911 		32.6008
v 4.4335 		67.2339 		34.4194
v 7.362 		52.75 		30.4659
v -4.3812 		48.8528 		35.5755
v 7.3691 		52.7573 		30.4619
v 3.9497 		67.6729 		34.6305
v 3.9488 		67.675 		34.6246
v 7.5008 		54.3953 		30.2338
v 3.953 		67.675 		34.6273
v 12.4358 		63.4254 		33.2744
v 3.9227 		67.659 		34.6353
v 3.9245 		67.5907 		34.6199
v 4.088 		67.6349 		34.584
v 4.0963 		67.6355 		34.5893
v 12.4254 		63.4453 		33.2575
v 12.4245 		63.4658 		33.2522
v 14.8618 		52.4849 		32.6512
v -3.3517 		48.6274 		35.2475
v 7.3018 		52.6877 		30.4993
v 8.1269 		53.9671 		30.2344
v 8.2655 		54.1679 		30.1791
v 8.1486 		53.9986 		30.2257
v 8.1104 		53.9435 		30.2409
v -2.9889 		48.6912 		35.1205
v 8.1085 		53.9404 		30.2417
v 8.0945 		53.9181 		30.2475
v 14.8434 		52.4896 		32.6521
v 8.2939 		54.1942 		30.1692
v 8.2848 		54.1857 		30.1724
v -3.6794 		48.6114 		35.3753
v 8.291 		54.1915 		30.1702
v 7.817 		54.2212 		30.212
v 13.0178 		63.6933 		33.0392
v 12.6945 		63.5666 		32.9707
v 4.09 		67.6308 		34.5952
v 7.8397 		54.2131 		30.2806
v 7.8396 		54.2129 		30.2807
v 7.825 		54.1601 		30.2898
v 7.817 		54.131 		30.2948
v -4.3866 		48.6992 		35.6251
v -4.3824 		48.701 		35.6364
v -4.3812 		48.693 		35.631
v 14.6192 		52.4303 		32.7595
v 12.4791 		63.5292 		33.0256
v 7.9713 		53.6417 		30.3068
v 3.8326 		67.6584 		34.64
v 3.8661 		67.6314 		34.6454
v 12.3507 		63.6663 		33.0668
v -4.0897 		48.6411 		35.5159
v 7.5981 		52.9114 		30.3979
v 14.7791 		52.4502 		32.7726
v 7.4076 		52.7977 		30.4404
v 7.401 		52.7903 		30.4443
v 14.7814 		52.4493 		32.774
v 3.8097 		67.5988 		34.6062
v 7.5218 		52.9307 		30.3712
v 12.4023 		63.5233 		33.1587
v 3.8269 		67.6314 		34.6086
v 7.9756 		53.6545 		30.3044
v 12.4085 		63.5366 		33.165
v 8.0234 		53.7961 		30.2779
v 8.017 		53.777 		30.2814
v 8.0909 		53.9123 		30.249
v -4.1991 		48.6556 		35.5773
v 8.0109 		53.7591 		30.2848
v 7.981 		53.6706 		30.3014
v 3.7388 		67.5875 		34.6246
v -4.0802 		48.6295 		35.5257
v 8.0296 		53.8147 		30.2744
v 8.0465 		53.8418 		30.2675
v 3.8127 		67.6127 		34.6377
v 3.8424 		67.6204 		34.6474
v 7.9946 		53.7115 		30.2938
v 12.5497 		63.6787 		33.0965
v 7.6337 		54.1447 		30.2398
v 7.7842 		54.1329 		30.2047
v 7.7754 		54.0687 		30.2396
v 7.7716 		54.0369 		30.2587
v 7.7583 		53.9181 		30.3314
v 7.7623 		53.9326 		30.3289
v 7.7796 		53.9955 		30.3181
v 7.7797 		53.9958 		30.318
v 3.8646 		67.6456 		34.6113
v 7.7899 		54.174 		30.1822
v -1.141 		51.8003 		33.8988
v 12.4756 		63.5221 		33.022
v 7.7893 		54.1853 		30.1702
v 3.9438 		67.5777 		34.5674
v 8.307 		52.9743 		30.2742
v 9.728 		63.3759 		34.2737
v 9.6729 		63.5527 		34.3348
v 7.7635 		54 		30.2706
v 9.6477 		63.6393 		34.3935
v -1.209 		51.7582 		33.9314
v 7.7474 		53.9269 		30.2941
v 7.745 		53.9181 		30.2958
v -1.0959 		51.7706 		33.9252
v -1.1861 		51.7205 		33.8896
v 14.7583 		52.2977 		32.8894
v 3.9708 		67.4463 		34.4716
v 7.7893 		54.1857 		30.1698
v 4.1624 		67.511 		34.5042
v -1.1069 		51.7412 		33.8493
v -1.1606 		51.7309 		33.9557
v 7.7891 		54.1886 		30.1667
v -0.8833 		51.5069 		33.9504
v 8.2445 		52.8866 		30.2056
v 14.7607 		51.8958 		32.9484
v 14.6417 		51.8107 		32.8491
v 8.2539 		52.8832 		30.2066
v 11.7634 		64.2455 		33.334
v 11.7904 		64.1978 		33.3584
v 11.7655 		64.0934 		33.3234
v 8.2345 		52.8425 		30.2195
v 11.9612 		63.8881 		33.3272
v 8.1905 		52.7107 		30.2689
v 3.9058 		67.4202 		34.4689
v 8.1904 		52.7102 		30.2691
v 8.1888 		52.7036 		30.2718
v 8.1887 		52.7032 		30.2719
v 7.7929 		54.0438 		30.3098
v 7.7944 		54.0491 		30.3089
v 7.7976 		54.0606 		30.3069
v 11.8011 		64.2227 		33.2925
v 11.9618 		64.0691 		33.211
v 4.0826 		67.3665 		34.5291
v 7.7797 		53.9958 		30.318
v 7.7832 		54.0086 		30.3158
v 7.7861 		54.0192 		30.314
v -0.7456 		51.4316 		33.9231
v 11.7127 		64.1637 		33.2946
v 11.7527 		64.1441 		33.2546
v 14.5619 		51.6404 		32.766
v 7.7802 		53.9977 		30.3177
v 7.7822 		54.0049 		30.3165
v 7.8654 		52.8678 		30.289
v 7.8559 		52.8845 		30.2901
v 7.7802 		53.9977 		30.3177
v 7.9513 		52.7202 		30.2833
v 7.938 		52.7483 		30.2915
v 7.9158 		52.7951 		30.3052
v 7.8697 		52.864 		30.2936
v 3.662 		67.4561 		34.5893
v 3.8145 		67.5003 		34.5561
v -0.9835 		51.5111 		33.787
v 7.8389 		52.9143 		30.2922
v 7.8395 		52.9561 		30.3523
v 7.9499 		52.7147 		30.2846
v -0.883 		51.469 		33.7428
v 3.6531 		67.2968 		34.511
v 7.8918 		52.8879 		30.3793
v 7.9198 		52.8514 		30.3938
v 7.9255 		52.8441 		30.3969
v 7.232 		53.9703 		30.2371
v 3.7394 		67.5854 		34.6305
v 3.7356 		67.5848 		34.6273
v 12.0054 		63.9386 		33.1519
v 14.7091 		51.3884 		32.6037
v 3.8498 		67.3259 		34.5475
v 11.6207 		63.3984 		33.0852
v 7.9521 		52.7186 		30.283
v 11.7592 		63.4222 		32.9037
v 7.9521 		52.7186 		30.283
v 7.2172 		54.1812 		30.3979
v 14.6904 		60.5578 		34.2408
v 14.8016 		51.2251 		32.6851
v 14.6924 		60.5874 		34.2286
v -0.4713 		51.1495 		33.8893
v 4.085 		67.2108 		34.5157
v 3.9996 		67.1743 		34.519
v 8.0807 		52.5694 		30.3092
v 8.079 		52.5709 		30.3089
v 7.7298 		53.7662 		30.3542
v 7.7299 		53.7762 		30.3531
v 14.6999 		60.5675 		34.2005
v 7.73 		53.8028 		30.3503
v 3.6246 		67.2737 		34.5356
v 3.7824 		67.2455 		34.452
v 3.5852 		67.0373 		34.4419
v 14.6399 		51.1792 		32.8182
v -0.9257 		50.8226 		34.1106
v 8.1454 		52.527 		30.3441
v 7.73 		53.8087 		30.3497
v 14.7307 		60.3611 		34.0913
v 14.8645 		60.3021 		34.1061
v 14.5361 		51.0715 		32.7583
v 7.7412 		53.8561 		30.3421
v 7.7431 		53.8632 		30.3409
v 7.7547 		53.9054 		30.3336
v 14.7046 		50.9033 		32.7901
v 14.688 		50.9463 		32.8162
v 7.73 		53.8158 		30.349
v 7.7301 		53.8159 		30.349
v 7.7393 		53.8494 		30.3432
v -0.8598 		50.6622 		34.2096
v 14.7129 		60.2086 		34.1794
v 7.7459 		53.8731 		30.3392
v 7.7523 		53.8966 		30.3351
v 14.731 		59.9978 		34.1236
v 7.734 		53.83 		30.3466
v 7.735 		53.8337 		30.346
v -1.0156 		50.5975 		33.803
v 7.7478 		53.8803 		30.3379
v 7.7344 		53.8314 		30.3463
v 4.1956 		67.0474 		34.2473
v 4.6506 		67.1971 		34.3342
v 4.2253 		67.319 		34.4045
v 4.4317 		67.1251 		34.2921
v 7.5551 		53.771 		30.3973
v 14.7102 		50.9404 		32.7473
v 7.5818 		53.9018 		30.3771
v -0.1337 		50.2356 		33.9092
v 14.7132 		59.9823 		34.1121
v -0.126 		50.2383 		33.9059
v 4.2876 		67.0165 		34.382
v 4.3899 		67.0687 		34.3799
v 14.5453 		50.9238 		32.7079
v 14.7043 		51.0466 		32.6954
v 3.8815 		67.1696 		34.3974
v 14.5842 		51.1092 		32.6165
v 3.9752 		67.2336 		34.3642
v 14.5599 		50.9606 		32.669
v 14.755 		60.06 		34.0171
v 14.7408 		60.0476 		34.0782
v 14.5373 		50.9665 		32.739
v 7.7294 		53.6728 		30.364
v 4.0357 		66.9035 		34.4211
v 7.7294 		53.6758 		30.3637
v 7.7296 		53.7059 		30.3605
v 7.7298 		53.7635 		30.3545
v -0.1391 		50.2006 		33.8733
v 14.7696 		60.0357 		33.9593
v 14.6933 		53.5123 		32.5756
v 7.658 		53.6924 		30.1634
v 7.6578 		53.7065 		30.1614
v 7.7017 		53.6525 		30.2893
v 14.5201 		53.5799 		32.5492
v 7.6578 		53.7157 		30.1601
v 14.583 		53.5779 		32.5833
v 7.7321 		53.8703 		30.3047
v 7.7311 		53.8664 		30.3054
v 7.7026 		53.715 		30.2846
v 4.3736 		66.87 		34.1853
v 7.7267 		53.8548 		30.3043
v 7.7056 		53.7479 		30.2891
v 7.7026 		53.7192 		30.2841
v 7.7026 		53.7188 		30.2843
v 7.7027 		53.7187 		30.2843
v -0.8343 		50.1597 		33.803
v 7.7128 		53.8174 		30.3011
v 7.7149 		53.8233 		30.3012
v 7.7026 		53.7191 		30.2841
v -0.7575 		50.448 		34.2411
v 14.5892 		60.1956 		33.9697
v 4.3353 		66.6837 		34.3155
v 7.51 		53.6173 		30.3807
v 7.246 		53.9133 		30.2146
v 14.7046 		60.0111 		34.0744
v 14.7301 		53.2626 		32.2903
v 7.3525 		53.6559 		30.2146
v 4.4222 		66.7706 		34.2767
v 14.7936 		53.2667 		32.3238
v 14.5803 		53.2394 		32.5012
v -0.7774 		50.0004 		33.9068
v 14.7165 		60.0301 		34.0094
v 6.9423 		55.4892 		31.4114
v 7.1576 		55.61 		31.4301
v 4.6103 		66.4111 		34.1218
v 14.7524 		60.0206 		33.9468
v -2.4924 		50.6613 		34.6655
v 6.7569 		55.8212 		31.646
v -2.1519 		50.6114 		34.5715
v 6.6519 		55.8473 		31.549
v 6.969 		55.8259 		31.5882
v 14.6242 		53.2667 		32.2363
v 6.931 		55.8642 		31.4262
v 4.3006 		66.7673 		34.0969
v 4.446 		66.4544 		33.9341
v 14.7206 		53.5776 		32.2075
v -2.0012 		50.8416 		34.4707
v 14.7361 		53.5111 		32.2796
v 4.5349 		66.4784 		33.9629
v 6.4843 		55.8194 		31.7021
v 6.4706 		55.8333 		31.6434
v 6.4238 		55.8241 		31.692
v -1.6118 		50.0357 		34.5949
v 6.0311 		54.902 		31.5532
v 14.583 		59.5822 		34.0272
v 6.1945 		55.0461 		31.5763
v 6.1764 		55.0461 		31.522
v 6.2102 		55.0728 		31.5366
v 6.2102 		55.0728 		31.5366
v 6.2102 		55.0728 		31.5366
v 14.8043 		59.3995 		33.9418
v 6.2102 		55.0728 		31.5366
v 3.5804 		66.7537 		34.3342
v 3.743 		66.8044 		34.3722
v 6.0738 		54.902 		31.6825
v -1.8989 		50.1122 		34.6744
v -1.7669 		50.3484 		34.5383
v 14.7013 		53.0019 		32.3018
v 4.9603 		55.2689 		32.1808
v 14.5441 		59.1806 		33.8202
v 14.7227 		53.0042 		32.3131
v 3.9945 		66.8934 		34.4051
v 4.8944 		54.9684 		32.3187
v 4.938 		55.2327 		32.1538
v 4.8565 		55.0247 		32.1411
v 14.7132 		59.8314 		33.7819
v 14.5403 		59.8328 		33.7941
v 5.0878 		55.2119 		32.0776
v 3.5965 		66.4265 		34.2064
v 3.7222 		66.4633 		34.2408
v 4.96 		55.2327 		32.2197
v 5.0691 		54.9319 		32.0215
v 5.5339 		55.1475 		31.8498
v 4.0648 		66.5665 		34.255
v 14.7888 		59.5312 		33.6983
v 5.6461 		54.9153 		31.9159
v -2.31 		50.3128 		34.6872
v 14.6076 		59.2441 		33.55
v 14.8624 		52.4273 		32.5127
v 14.5999 		59.1672 		33.5639
v 5.9916 		54.8305 		31.5597
v 5.8368 		55.1357 		31.7291
v 5.8819 		55.0971 		31.7395
v -2.4968 		50.5459 		34.5321
v 5.8626 		55.0971 		31.6822
v 4.2585 		66.2664 		34.1797
v 14.6924 		59.6389 		33.6743
v 7.1739 		54.3547 		31.4864
v 14.8606 		52.4721 		32.5804
v 14.8624 		52.4279 		32.5133
v 7.1514 		54.2755 		31.4965
v 14.8648 		52.4264 		32.5142
v 6.365 		54.7913 		31.541
v -2.3788 		50.2843 		34.5071
v 6.3173 		54.7913 		31.3972
v 14.2763 		63.1169 		33.3002
v 14.2333 		63.1273 		33.2584
v 14.168 		63.0594 		33.2095
v 6.2256 		54.3912 		31.6917
v 14.2582 		63.0389 		33.2676
v 14.2229 		63.1018 		33.3249
v 14.5955 		52.6886 		32.3232
v 14.0814 		63.0223 		33.3035
v -2.3714 		50.1318 		34.5232
v 14.5883 		52.6619 		32.3478
v 14.2051 		63.028 		33.2943
v 4.6503 		65.9973 		34.0424
v 7.1354 		53.8487 		31.5001
v 7.1359 		53.9074 		31.4959
v 13.3245 		63.0256 		33.2584
v 13.8685 		63.0641 		33.3192
v 14.502 		52.8239 		32.236
v 14.6459 		52.9574 		32.2826
v 13.9423 		63.1321 		33.1558
v 13.3636 		63.1196 		33.0128
v 13.7385 		63.0977 		33.089
v 3.6605 		66.0638 		34.0794
v -1.6159 		50.4978 		34.1592
v 14.5453 		52.4819 		31.5223
v 3.8373 		65.9137 		34.0275
v 13.6852 		62.5371 		33.0991
v 14.6853 		52.1025 		32.3146
v 13.5968 		62.209 		32.7257
v 14.133 		62.5216 		33.0499
v 14.012 		62.2351 		32.8782
v 14.8102 		52.2597 		32.392
v 4.1704 		66.3275 		33.9629
v -1.3395 		50.548 		34.3556
v 14.583 		51.8201 		32.3908
v 4.0105 		66.1884 		34.1242
v 6.7165 		54.0207 		31.4559
v 4.1123 		65.806 		33.9715
v 6.6928 		53.7529 		31.3838
v -1.4587 		50.4984 		34.0438
v 14.6192 		51.9011 		32.3499
v 6.7076 		53.9611 		31.4274
v 12.9285 		62.7933 		33.2261
v -1.4204 		50.3567 		33.9979
v 4.384 		66.0148 		33.7564
v 13.1907 		63.1866 		33.3601
v 6.0646 		53.9323 		31.7798
v 13.2462 		63.321 		33.0101
v 13.2462 		63.0956 		32.9793
v 4.2935 		65.9632 		33.789
v -2.2563 		49.985 		34.4093
v 12.7633 		63.079 		32.7423
v 13 		62.9657 		32.7767
v 4.6699 		65.9116 		33.6571
v 13.1305 		62.7918 		33.1478
v 6.3959 		54.0106 		31.6342
v 14.7328 		51.1931 		32.069
v 4.7055 		66.1335 		33.789
v -0.118 		49.576 		33.9587
v 14.8072 		51.2492 		32.0215
v -0.1824 		49.5519 		33.9851
v -0.2462 		49.4484 		33.8418
v 12.3465 		62.7859 		32.5937
v 14.7838 		51.2607 		32.0103
v 3.8548 		65.7541 		33.849
v 6.204 		53.8935 		31.4242
v 12.8882 		62.3715 		33.0187
v 4.228 		65.3961 		33.8057
v 13.0646 		62.594 		32.75
v 6.3704 		53.7229 		31.557
v 6.4306 		53.9015 		31.5345
v 12.9484 		62.5175 		32.6367
v -1.2173 		49.9162 		34.0438
v 6.312 		53.7229 		31.3806
v -0.9767 		49.9349 		34.2642
v 4.3235 		65.7215 		33.7235
v 5.4547 		54.3473 		32.1535
v 4.6088 		65.666 		33.555
v 4.4922 		65.6088 		33.5755
v -0.2307 		49.1833 		33.9652
v 4.4294 		65.5705 		33.6031
v -0.2162 		49.2361 		33.9896
v 4.9805 		54.4956 		32.0307
v -0.1245 		49.2924 		33.9549
v -0.2411 		49.2257 		33.924
v 4.203 		65.4575 		33.6452
v 4.8031 		54.6516 		32.3982
v -0.1515 		49.2473 		33.8857
v -0.137 		49.2052 		33.9258
v -1.6806 		49.885 		34.6219
v 4.9716 		54.4994 		32.3164
v 4.3908 		65.1567 		33.698
v 4.4587 		65.1659 		33.5871
v 4.5053 		65.1837 		33.4752
v 5.4648 		54.1652 		32.1835
v 4.5756 		65.1564 		33.4076
v 5.4547 		53.9833 		32.1535
v 5.4432 		53.9077 		32.1179
v 3.7599 		65.3839 		33.754
v 3.7291 		65.3854 		33.787
v 3.767 		65.3661 		33.8003
v 4.9087 		54.1652 		32.4908
v 4.0521 		65.311 		33.6274
v 4.8977 		53.9691 		32.4584
v 4.0387 		65.2706 		33.7698
v 4.8052 		53.8092 		32.4045
v 4.5352 		65.1114 		33.6654
v 4.7405 		65.0867 		33.7158
v -2.0054 		49.576 		34.6937
v 4.7983 		53.8092 		32.384
v -2.0365 		49.5656 		34.7065
v 4.1873 		64.9642 		33.641
v 5.2907 		53.8454 		32.1458
v 4.5349 		65.1114 		33.6651
v 4.4807 		65.0995 		33.5583
v -2.0246 		49.5113 		34.5997
v -2.0914 		49.4894 		34.6285
v -2.0098 		49.5327 		34.6501
v 4.7969 		53.8273 		32.1221
v 4.5459 		65.0802 		33.6526
v -2.1092 		49.5347 		34.5175
v -2.0783 		49.5454 		34.503
v 4.5157 		65.1535 		33.4613
v 5.6315 		54.4695 		31.9637
v 5.9694 		54.398 		31.4927
v 5.986 		54.6356 		31.5425
v 5.6327 		54.4662 		31.7068
v 3.8501 		64.8907 		33.5479
v 3.8198 		64.8687 		33.5746
v 3.8667 		64.8732 		33.6013
v 4.0174 		64.9633 		33.5108
v 5.9551 		54.29 		31.4506
v -1.8888 		49.048 		34.5522
v -1.8499 		49.0886 		34.6721
v 5.9628 		54.4502 		31.5431
v -1.7983 		48.8973 		34.6427
v -1.7939 		48.8505 		34.616
v -1.8158 		48.8807 		34.5893
v -2.2916 		48.798 		34.842
v -2.321 		49.2586 		34.8468
v -2.1439 		49.2289 		34.7803
v 5.9928 		54.4487 		31.5286
v -2.3106 		48.76 		34.8281
v -2.3091 		48.7905 		34.7955
v 5.3254 		54.3473 		31.7647
v 5.0273 		54.3093 		31.8955
v -2.2364 		49.0824 		34.6688
v 5.3705 		54.4778 		31.8367
v 9.4528 		63.0579 		34.1649
v 9.438 		63.254 		34.1302
v 5.6366 		53.9914 		31.6152
v 9.1274 		63.1789 		34.2227
v -2.3824 		49.2337 		34.6869
v 5.6653 		53.6692 		31.7018
v 9.1476 		63.0621 		34.1945
v 5.3153 		54.1652 		31.735
v 5.0315 		53.9756 		31.907
v 5.337 		53.9077 		31.8006
v 5.0436 		53.8973 		31.9444
v -0.1803 		50.9021 		33.3951
v -0.1127 		50.715 		33.3729
v -0.5653 		51.1106 		33.6437
v 5.3557 		53.6452 		31.856
v -0.7359 		50.917 		33.7389
v 9.1876 		63.1244 		34.0071
v 9.1218 		63.1588 		34.0774
v 9.117 		63.1074 		34.0489
v 9.3344 		63.1282 		33.9955
v -0.937 		50.3739 		33.7715
v 9.3677 		62.7782 		34.0949
v 9.4394 		62.8512 		33.8757
v 9.1295 		62.8512 		33.8757
v 9.2428 		62.7767 		34.1002
v 9.1295 		62.7877 		34.0664
v -0.3547 		50.2321 		33.641
v -0.2227 		50.1986 		33.6532
v -0.2301 		50.1956 		33.6568
v 8.7682 		63.2121 		34.1735
v 8.8219 		63.3296 		34.2506
v 8.8415 		62.8366 		33.9202
v 8.8928 		63.0748 		34.1554
v 8.9717 		62.8405 		33.9086
v -0.1853 		50.1407 		33.7962
v 9.4566 		62.4926 		33.9267
v -0.1717 		50.1455 		33.7902
v 9.0731 		62.4789 		33.8849
v 9.163 		62.4846 		33.9507
v 9.1123 		62.4926 		33.9267
v -0.1848 		49.5715 		33.7831
v 9.1832 		62.1699 		33.8125
v -2.9435 		50.6206 		34.7753
v -2.9011 		50.6067 		34.7895
v -2.5852 		50.822 		34.6365
v -2.611 		50.8508 		34.6116
v 8.6327 		62.6216 		33.8454
v 8.6327 		62.6082 		33.8857
v 8.8955 		62.3772 		33.8246
v -2.9198 		50.599 		34.7415
v -2.6027 		50.8072 		34.5831
v 8.6134 		62.6305 		33.8736
v 9.163 		62.5715 		33.6906
v 9.0749 		62.5581 		33.7475
v 9.3576 		62.7183 		33.7618
v -2.7656 		50.1579 		34.6869
v 9.6325 		62.551 		33.7514
v -3.0758 		49.9752 		35.0126
v 9.6106 		62.2167 		33.7517
v 9.6234 		62.2278 		33.7551
v 9.6106 		62.2176 		33.749
v 9.5091 		62.2645 		33.7802
v 9.6148 		62.2179 		33.7489
v -3.0586 		49.7361 		34.8302
v 9.4733 		62.1814 		33.7781
v 9.3858 		62.2701 		33.5114
v 9.4649 		62.411 		33.6304
v -2.6371 		49.363 		34.9538
v -3.0115 		49.5792 		34.791
v -2.94 		49.4146 		34.7975
v -2.668 		49.8465 		34.6166
v -3.3291 		49.344 		34.966
v -2.7101 		48.9501 		34.8821
v -3.2526 		49.2011 		35.004
# 12385 vertices

g group_12_4634441

usemtl color_4634441
s 0

f 340 	121 	126
f 133 	134 	132
f 121 	559 	131
f 2519 	7715 	136
f 144 	145 	146
f 141 	132 	142
f 143 	132 	141
f 149 	140 	10017
f 140 	10018 	10017
f 132 	148 	147
f 142 	132 	147
f 143 	151 	132
f 155 	129 	127
f 160 	156 	155
f 154 	12471 	169
f 137 	154 	169
f 146 	145 	161
f 127 	160 	155
f 157 	164 	162
f 152 	12314 	12313
f 1115 	152 	12313
f 160 	127 	153
f 283 	282 	137
f 172 	124 	171
f 200 	175 	11680
f 174 	157 	158
f 125 	124 	172
f 159 	11680 	175
f 233 	176 	170
f 182 	159 	175
f 12350 	179 	171
f 1058 	183 	184
f 1058 	184 	185
f 1058 	185 	10202
f 283 	137 	169
f 1172 	176 	187
f 180 	1212 	171
f 180 	171 	179
f 190 	189 	191
f 191 	192 	190
f 175 	186 	182
f 177 	297 	298
f 177 	298 	181
f 12036 	192 	191
f 145 	194 	161
f 151 	197 	132
f 198 	196 	195
f 198 	195 	199
f 175 	200 	201
f 10071 	10094 	173
f 139 	159 	3640
f 352 	207 	203
f 192 	12036 	302
f 205 	352 	203
f 208 	209 	211
f 196 	209 	208
f 206 	211 	209
f 236 	207 	212
f 128 	168 	200
f 200 	11680 	128
f 206 	2037 	209
f 12097 	12093 	207
f 196 	198 	209
f 204 	207 	214
f 12093 	214 	207
f 207 	216 	212
f 12166 	206 	209
f 807 	809 	213
f 204 	203 	207
f 12079 	209 	198
f 12079 	198 	199
f 199 	195 	12079
f 195 	196 	12079
f 208 	12079 	196
f 159 	182 	3640
f 174 	247 	217
f 161 	208 	211
f 185 	253 	10202
f 186 	175 	201
f 223 	194 	222
f 211 	222 	194
f 161 	211 	194
f 163 	253 	185
f 224 	225 	222
f 223 	222 	225
f 211 	206 	222
f 183 	178 	184
f 222 	211 	224
f 224 	211 	12104
f 196 	7607 	208
f 234 	218 	215
f 224 	12164 	222
f 215 	218 	296
f 284 	3640 	182
f 225 	206 	223
f 194 	145 	223
f 257 	229 	221
f 145 	225 	223
f 221 	220 	257
f 231 	12092 	227
f 230 	231 	227
f 232 	230 	227
f 173 	233 	170
f 217 	157 	174
f 176 	233 	187
f 212 	11658 	236
f 233 	2230 	187
f 198 	2037 	199
f 216 	11658 	212
f 238 	136 	135
f 233 	2200 	2207
f 237 	2200 	233
f 162 	164 	126
f 242 	250 	241
f 250 	249 	241
f 249 	243 	241
f 243 	236 	241
f 162 	126 	244
f 193 	396 	234
f 245 	248 	241
f 244 	126 	121
f 2905 	210 	233
f 242 	241 	248
f 241 	236 	240
f 319 	251 	220
f 12308 	10021 	9952
f 135 	138 	238
f 210 	2905 	3864
f 247 	258 	217
f 254 	10202 	253
f 12155 	11765 	236
f 240 	236 	246
f 256 	251 	1524
f 10091 	271 	239
f 163 	254 	253
f 256 	220 	251
f 121 	265 	244
f 239 	271 	267
f 259 	255 	398
f 201 	228 	186
f 398 	399 	259
f 256 	257 	220
f 263 	137 	264
f 266 	183 	1058
f 178 	183 	266
f 157 	217 	126
f 157 	126 	164
f 269 	189 	270
f 189 	190 	270
f 190 	192 	270
f 174 	158 	298
f 192 	269 	270
f 262 	272 	268
f 273 	162 	244
f 162 	273 	1052
f 273 	244 	274
f 188 	1052 	273
f 274 	188 	273
f 244 	265 	274
f 287 	272 	262
f 188 	274 	265
f 278 	280 	279
f 280 	278 	275
f 278 	279 	310
f 284 	182 	186
f 278 	288 	289
f 310 	288 	278
f 289 	291 	278
f 278 	291 	275
f 264 	137 	282
f 300 	285 	307
f 302 	269 	192
f 228 	290 	287
f 293 	294 	295
f 283 	296 	282
f 281 	295 	280
f 294 	280 	295
f 297 	177 	292
f 285 	286 	2340
f 284 	228 	287
f 298 	416 	258
f 282 	296 	264
f 298 	297 	261
f 302 	130 	269
f 272 	287 	290
f 295 	130 	294
f 260 	2272 	2397
f 284 	186 	228
f 247 	174 	298
f 308 	296 	218
f 294 	293 	280
f 298 	258 	247
f 12490 	280 	12491
f 298 	261 	416
f 252 	283 	12480
f 12480 	283 	169
f 283 	252 	304
f 255 	259 	395
f 304 	296 	283
f 215 	296 	304
f 304 	252 	215
f 130 	302 	294
f 12492 	12494 	130
f 280 	12490 	281
f 291 	289 	288
f 281 	280 	275
f 2482 	2511 	255
f 311 	308 	313
f 314 	312 	306
f 280 	281 	351
f 12494 	351 	281
f 312 	314 	316
f 317 	312 	316
f 313 	315 	311
f 358 	357 	275
f 298 	158 	986
f 220 	221 	1300
f 298 	986 	181
f 2516 	2519 	321
f 300 	307 	320
f 220 	1300 	319
f 311 	264 	308
f 264 	296 	308
f 311 	263 	264
f 303 	371 	370
f 383 	378 	275
f 325 	329 	153
f 329 	325 	330
f 326 	322 	510
f 349 	310 	279
f 329 	160 	153
f 2906 	331 	329
f 2906 	329 	2910
f 358 	275 	291
f 329 	331 	160
f 331 	156 	160
f 126 	217 	340
f 349 	279 	280
f 332 	342 	354
f 607 	344 	337
f 342 	343 	354
f 344 	350 	337
f 582 	344 	609
f 343 	342 	154
f 154 	137 	343
f 275 	357 	339
f 383 	275 	339
f 350 	344 	348
f 348 	344 	582
f 349 	280 	351
f 324 	364 	353
f 310 	355 	288
f 848 	851 	343
f 310 	349 	355
f 494 	434 	312
f 328 	495 	499
f 360 	328 	499
f 363 	361 	335
f 364 	324 	417
f 327 	328 	360
f 334 	356 	366
f 418 	340 	217
f 217 	258 	418
f 358 	291 	355
f 121 	334 	265
f 288 	355 	291
f 358 	355 	349
f 8582 	409 	365
f 357 	358 	349
f 367 	353 	364
f 357 	349 	351
f 193 	369 	396
f 367 	2956 	353
f 371 	379 	370
f 379 	371 	388
f 374 	218 	234
f 374 	234 	396
f 381 	386 	1051
f 375 	381 	1051
f 404 	368 	373
f 352 	494 	312
f 401 	10477 	385
f 954 	339 	357
f 11676 	1049 	11727
f 380 	382 	379
f 385 	10477 	380
f 299 	360 	391
f 499 	391 	360
f 299 	327 	360
f 384 	11790 	386
f 11786 	386 	508
f 381 	508 	386
f 388 	385 	380
f 384 	386 	11786
f 388 	380 	379
f 387 	2711 	352
f 362 	389 	332
f 362 	423 	389
f 382 	392 	379
f 312 	317 	435
f 435 	352 	312
f 394 	255 	395
f 397 	398 	255
f 359 	259 	399
f 391 	393 	413
f 399 	402 	359
f 396 	369 	486
f 2507 	255 	394
f 375 	408 	381
f 371 	303 	401
f 402 	411 	352
f 412 	497 	352
f 352 	359 	402
f 395 	2575 	398
f 399 	398 	2575
f 374 	405 	308
f 397 	394 	398
f 394 	395 	398
f 399 	2575 	402
f 2507 	394 	2511
f 406 	137 	263
f 2575 	415 	402
f 848 	343 	137
f 412 	352 	411
f 489 	365 	409
f 308 	218 	374
f 411 	402 	415
f 508 	381 	408
f 488 	489 	409
f 415 	412 	411
f 346 	517 	416
f 346 	416 	261
f 297 	292 	346
f 346 	261 	297
f 416 	418 	258
f 441 	446 	414
f 401 	388 	371
f 414 	446 	456
f 401 	385 	388
f 11484 	11485 	415
f 406 	263 	311
f 418 	416 	340
f 401 	303 	4779
f 416 	525 	340
f 334 	188 	265
f 420 	334 	366
f 257 	256 	1524
f 136 	238 	321
f 321 	238 	323
f 322 	334 	420
f 483 	2516 	484
f 423 	820 	419
f 334 	322 	188
f 423 	419 	389
f 317 	316 	306
f 429 	426 	11989
f 431 	424 	12200
f 407 	413 	393
f 424 	431 	432
f 346 	292 	539
f 343 	966 	354
f 426 	1253 	427
f 292 	430 	539
f 426 	429 	1253
f 834 	403 	390
f 314 	306 	316
f 433 	432 	431
f 306 	312 	434
f 432 	433 	428
f 431 	428 	433
f 1373 	1982 	427
f 306 	434 	435
f 437 	410 	408
f 435 	317 	306
f 7182 	437 	408
f 435 	434 	216
f 507 	410 	437
f 1844 	440 	439
f 308 	636 	313
f 449 	12035 	452
f 450 	451 	440
f 308 	405 	569
f 424 	458 	425
f 374 	477 	405
f 425 	458 	526
f 440 	1862 	450
f 458 	428 	460
f 447 	811 	1121
f 135 	7715 	138
f 460 	428 	461
f 414 	8695 	441
f 452 	454 	453
f 452 	453 	11618
f 12497 	378 	463
f 339 	480 	383
f 444 	11618 	443
f 453 	443 	11618
f 457 	454 	452
f 378 	383 	463
f 466 	467 	336
f 477 	374 	396
f 405 	477 	569
f 455 	481 	802
f 458 	460 	461
f 468 	372 	469
f 417 	372 	468
f 468 	469 	471
f 480 	482 	463
f 424 	432 	458
f 440 	470 	1862
f 432 	428 	458
f 431 	461 	428
f 383 	480 	463
f 356 	472 	510
f 477 	396 	486
f 804 	828 	390
f 431 	473 	461
f 431 	12200 	473
f 467 	347 	336
f 404 	373 	467
f 373 	368 	467
f 486 	369 	463
f 466 	404 	467
f 789 	447 	783
f 427 	439 	426
f 467 	368 	347
f 426 	439 	475
f 447 	789 	478
f 350 	365 	489
f 459 	11581 	442
f 248 	11581 	459
f 439 	440 	475
f 138 	10917 	238
f 377 	466 	547
f 11618 	11643 	452
f 449 	452 	11643
f 451 	475 	440
f 503 	480 	339
f 451 	450 	1868
f 404 	466 	377
f 451 	1868 	465
f 469 	474 	476
f 469 	476 	471
f 488 	487 	489
f 484 	2516 	323
f 484 	323 	238
f 350 	489 	487
f 476 	468 	471
f 474 	468 	476
f 486 	463 	522
f 468 	474 	507
f 350 	487 	337
f 468 	507 	437
f 468 	437 	490
f 487 	607 	337
f 674 	485 	666
f 488 	409 	414
f 495 	407 	393
f 495 	328 	485
f 497 	498 	494
f 496 	494 	498
f 495 	393 	391
f 497 	494 	352
f 407 	495 	485
f 415 	11382 	497
f 478 	843 	447
f 497 	412 	415
f 11389 	11382 	11407
f 498 	11382 	496
f 495 	391 	499
f 455 	809 	481
f 485 	400 	407
f 811 	447 	843
f 490 	437 	438
f 508 	410 	507
f 507 	509 	508
f 512 	511 	507
f 510 	318 	326
f 510 	420 	366
f 503 	339 	954
f 456 	446 	513
f 474 	512 	507
f 514 	456 	513
f 322 	420 	510
f 510 	366 	356
f 514 	414 	456
f 955 	351 	419
f 318 	510 	472
f 472 	447 	318
f 536 	500 	505
f 340 	516 	121
f 503 	482 	480
f 507 	519 	509
f 507 	511 	519
f 518 	513 	441
f 515 	4289 	493
f 520 	506 	505
f 343 	974 	966
f 417 	324 	372
f 508 	1112 	11786
f 1112 	508 	509
f 446 	441 	513
f 121 	516 	559
f 508 	408 	410
f 436 	403 	521
f 683 	684 	523
f 486 	827 	477
f 436 	390 	403
f 474 	372 	512
f 469 	372 	474
f 684 	806 	523
f 340 	525 	516
f 525 	517 	516
f 503 	954 	2372
f 521 	403 	492
f 492 	829 	3710
f 11943 	511 	512
f 636 	308 	606
f 520 	501 	504
f 520 	505 	501
f 4429 	504 	4612
f 10200 	10202 	549
f 531 	485 	10450
f 532 	10200 	549
f 422 	548 	553
f 561 	905 	533
f 535 	10200 	532
f 534 	535 	532
f 534 	12282 	554
f 407 	400 	531
f 537 	518 	5076
f 531 	400 	485
f 513 	518 	537
f 11569 	299 	391
f 530 	514 	513
f 514 	603 	414
f 543 	544 	462
f 462 	464 	543
f 530 	529 	514
f 542 	254 	534
f 536 	546 	545
f 422 	8666 	548
f 534 	532 	549
f 534 	549 	542
f 11570 	391 	413
f 299 	11569 	10431
f 535 	554 	12277
f 552 	12277 	551
f 565 	12277 	552
f 550 	551 	12277
f 539 	430 	653
f 517 	346 	539
f 550 	12277 	554
f 554 	535 	534
f 525 	416 	517
f 505 	506 	545
f 543 	839 	544
f 377 	547 	548
f 546 	505 	545
f 546 	536 	505
f 12288 	552 	551
f 637 	631 	334
f 461 	541 	526
f 637 	334 	121
f 12277 	558 	562
f 556 	558 	12277
f 526 	541 	618
f 5065 	5066 	553
f 5066 	422 	553
f 560 	558 	556
f 458 	461 	526
f 4687 	561 	563
f 560 	562 	558
f 461 	473 	541
f 473 	12256 	541
f 561 	533 	563
f 556 	12277 	565
f 565 	552 	560
f 466 	336 	577
f 12288 	560 	552
f 538 	462 	544
f 646 	538 	544
f 560 	556 	565
f 589 	1058 	588
f 572 	308 	569
f 575 	1058 	590
f 266 	1058 	575
f 576 	577 	336
f 576 	580 	579
f 580 	582 	579
f 584 	703 	701
f 701 	1058 	584
f 1049 	584 	583
f 579 	582 	609
f 348 	576 	347
f 580 	576 	348
f 575 	178 	266
f 348 	582 	580
f 588 	1058 	587
f 590 	1058 	589
f 585 	568 	591
f 336 	347 	576
f 589 	178 	590
f 575 	590 	178
f 627 	578 	572
f 7590 	593 	1709
f 612 	599 	701
f 599 	600 	701
f 659 	592 	591
f 10941 	7604 	596
f 529 	530 	673
f 600 	608 	701
f 608 	616 	701
f 328 	601 	602
f 327 	601 	328
f 607 	609 	344
f 604 	606 	572
f 12425 	616 	608
f 600 	12408 	12425
f 649 	594 	597
f 608 	600 	12425
f 406 	311 	604
f 524 	595 	7604
f 570 	559 	677
f 308 	572 	606
f 601 	327 	10367
f 571 	559 	570
f 541 	640 	613
f 571 	573 	559
f 589 	588 	178
f 163 	534 	254
f 541 	613 	618
f 587 	1058 	615
f 592 	824 	586
f 10900 	7849 	593
f 487 	488 	607
f 616 	617 	701
f 614 	701 	617
f 647 	607 	488
f 592 	586 	598
f 641 	611 	610
f 647 	609 	607
f 414 	603 	488
f 594 	328 	602
f 613 	622 	618
f 610 	644 	641
f 603 	514 	529
f 538 	622 	613
f 851 	611 	904
f 638 	436 	597
f 625 	568 	633
f 436 	638 	619
f 568 	635 	633
f 617 	12425 	614
f 615 	614 	12425
f 605 	618 	628
f 618 	622 	628
f 12425 	12284 	615
f 538 	628 	622
f 827 	627 	477
f 616 	12425 	617
f 627 	569 	477
f 569 	627 	572
f 613 	632 	538
f 629 	621 	620
f 627 	626 	630
f 677 	559 	516
f 631 	573 	678
f 630 	626 	610
f 501 	505 	621
f 649 	328 	594
f 649 	666 	328
f 315 	313 	634
f 631 	667 	540
f 313 	636 	634
f 567 	11600 	619
f 606 	604 	636
f 631 	637 	573
f 631 	691 	725
f 604 	311 	639
f 640 	502 	632
f 632 	613 	640
f 311 	315 	639
f 315 	634 	639
f 631 	725 	661
f 573 	637 	121
f 641 	644 	642
f 587 	12284 	588
f 541 	12256 	640
f 619 	574 	567
f 621 	670 	620
f 10491 	619 	638
f 425 	526 	780
f 646 	628 	538
f 501 	629 	620
f 636 	639 	634
f 780 	526 	605
f 765 	609 	647
f 526 	618 	605
f 604 	639 	636
f 504 	501 	620
f 121 	131 	573
f 10491 	574 	619
f 621 	505 	500
f 131 	559 	573
f 647 	488 	603
f 621 	500 	670
f 646 	544 	837
f 839 	837 	544
f 621 	629 	501
f 1765 	650 	648
f 666 	649 	651
f 553 	548 	815
f 597 	436 	651
f 597 	651 	649
f 553 	815 	655
f 652 	653 	778
f 651 	671 	666
f 666 	485 	328
f 485 	674 	737
f 661 	667 	631
f 660 	658 	662
f 612 	12415 	599
f 623 	624 	645
f 793 	656 	658
f 664 	562 	665
f 560 	665 	562
f 658 	656 	669
f 658 	669 	662
f 643 	645 	624
f 776 	667 	661
f 671 	436 	521
f 12298 	12280 	676
f 776 	540 	667
f 671 	521 	675
f 436 	671 	651
f 653 	758 	722
f 653 	756 	758
f 674 	675 	738
f 756 	653 	652
f 672 	603 	529
f 657 	689 	690
f 529 	673 	672
f 620 	670 	657
f 666 	671 	675
f 571 	678 	573
f 674 	666 	675
f 670 	689 	657
f 1809 	603 	672
f 678 	679 	631
f 673 	896 	672
f 673 	530 	898
f 673 	898 	896
f 1080 	821 	668
f 668 	821 	822
f 659 	568 	625
f 668 	1400 	643
f 659 	625 	654
f 685 	676 	665
f 659 	591 	568
f 676 	664 	665
f 11596 	10556 	680
f 516 	517 	681
f 564 	516 	681
f 564 	677 	516
f 688 	574 	10491
f 695 	669 	730
f 665 	12320 	685
f 773 	685 	12320
f 390 	436 	696
f 436 	619 	696
f 804 	619 	122
f 694 	697 	698
f 592 	659 	884
f 662 	695 	660
f 694 	692 	697
f 738 	492 	699
f 695 	662 	669
f 796 	702 	645
f 703 	704 	701
f 645 	702 	623
f 845 	852 	701
f 738 	699 	708
f 584 	1042 	703
f 1080 	668 	687
f 697 	706 	698
f 709 	884 	659
f 682 	698 	706
f 713 	577 	576
f 691 	631 	715
f 686 	691 	715
f 690 	689 	710
f 714 	716 	694
f 707 	693 	705
f 725 	691 	686
f 686 	726 	725
f 959 	937 	717
f 576 	579 	713
f 692 	694 	716
f 712 	717 	938
f 715 	679 	686
f 677 	686 	570
f 765 	579 	609
f 686 	571 	570
f 620 	657 	504
f 686 	678 	571
f 657 	4612 	504
f 679 	678 	686
f 654 	625 	718
f 564 	686 	677
f 564 	681 	686
f 574 	11597 	567
f 633 	718 	625
f 715 	631 	679
f 721 	681 	653
f 686 	681 	721
f 653 	681 	539
f 722 	686 	721
f 686 	722 	758
f 11597 	574 	688
f 727 	725 	726
f 729 	732 	728
f 657 	690 	736
f 686 	750 	745
f 659 	654 	740
f 758 	750 	686
f 683 	739 	684
f 722 	721 	653
f 735 	736 	690
f 740 	654 	735
f 681 	517 	539
f 740 	709 	659
f 685 	12298 	676
f 735 	690 	740
f 730 	707 	695
f 692 	4619 	697
f 686 	745 	726
f 709 	740 	710
f 4693 	692 	716
f 690 	710 	740
f 730 	693 	707
f 714 	694 	741
f 727 	661 	725
f 748 	12298 	747
f 747 	12298 	746
f 521 	492 	738
f 751 	745 	750
f 753 	737 	738
f 755 	711 	754
f 711 	712 	754
f 761 	763 	711
f 790 	711 	791
f 723 	728 	732
f 750 	756 	751
f 744 	759 	752
f 727 	726 	745
f 718 	752 	805
f 738 	708 	753
f 755 	754 	757
f 719 	757 	754
f 755 	787 	711
f 761 	711 	787
f 737 	674 	738
f 791 	711 	763
f 749 	12298 	782
f 758 	756 	750
f 776 	661 	745
f 765 	762 	579
f 788 	787 	757
f 767 	759 	744
f 755 	757 	787
f 754 	712 	766
f 727 	745 	661
f 776 	745 	751
f 723 	769 	728
f 768 	737 	753
f 734 	764 	753
f 764 	768 	753
f 708 	734 	753
f 771 	472 	356
f 12320 	747 	746
f 356 	631 	771
f 631 	540 	771
f 741 	731 	714
f 356 	334 	631
f 883 	760 	769
f 12298 	773 	746
f 776 	756 	774
f 776 	751 	756
f 773 	12298 	685
f 675 	521 	738
f 652 	774 	756
f 713 	579 	762
f 430 	455 	653
f 746 	773 	12320
f 729 	728 	769
f 769 	760 	729
f 770 	775 	780
f 783 	776 	784
f 779 	720 	3112
f 800 	769 	781
f 706 	663 	682
f 770 	772 	775
f 479 	780 	775
f 771 	792 	472
f 663 	706 	794
f 723 	1363 	786
f 785 	720 	779
f 799 	720 	785
f 706 	2081 	794
f 783 	540 	776
f 784 	789 	783
f 786 	769 	723
f 785 	734 	799
f 479 	445 	780
f 787 	788 	761
f 763 	761 	788
f 805 	735 	654
f 772 	777 	775
f 792 	771 	540
f 732 	729 	1369
f 729 	760 	1369
f 783 	792 	540
f 447 	472 	792
f 796 	10765 	790
f 783 	447 	792
f 793 	724 	656
f 791 	797 	790
f 796 	790 	797
f 793 	3676 	3677
f 3677 	724 	793
f 798 	795 	815
f 10649 	764 	785
f 605 	770 	780
f 798 	815 	547
f 785 	764 	734
f 605 	628 	770
f 784 	776 	774
f 770 	628 	646
f 791 	763 	797
f 788 	797 	763
f 805 	654 	718
f 632 	863 	538
f 699 	734 	708
f 699 	842 	734
f 3710 	699 	492
f 774 	778 	802
f 804 	696 	619
f 767 	805 	759
f 757 	801 	788
f 481 	774 	802
f 778 	455 	802
f 3929 	777 	772
f 748 	782 	12298
f 778 	774 	652
f 949 	423 	948
f 455 	778 	653
f 831 	478 	789
f 803 	798 	466
f 788 	801 	797
f 803 	577 	713
f 948 	423 	362
f 739 	808 	806
f 803 	466 	577
f 966 	948 	354
f 702 	742 	623
f 796 	797 	702
f 806 	684 	739
f 810 	809 	807
f 801 	702 	797
f 354 	948 	332
f 811 	1170 	807
f 466 	798 	547
f 798 	803 	800
f 390 	696 	804
f 707 	705 	3709
f 548 	547 	815
f 767 	657 	736
f 843 	832 	811
f 12322 	749 	782
f 1126 	811 	807
f 1126 	1125 	811
f 810 	807 	812
f 795 	814 	815
f 767 	736 	805
f 1125 	1121 	811
f 818 	825 	12297
f 819 	655 	815
f 646 	837 	3929
f 646 	3929 	770
f 455 	213 	809
f 805 	752 	759
f 815 	814 	819
f 821 	823 	822
f 744 	4807 	767
f 821 	1080 	823
f 736 	735 	805
f 12322 	816 	749
f 816 	12322 	817
f 817 	12322 	818
f 898 	513 	537
f 914 	10534 	825
f 423 	962 	820
f 883 	861 	826
f 492 	403 	829
f 463 	482 	2385
f 455 	202 	213
f 403 	3710 	829
f 2385 	522 	463
f 503 	2372 	2385
f 831 	789 	784
f 390 	828 	11609
f 762 	803 	713
f 11609 	834 	390
f 835 	841 	701
f 704 	835 	701
f 482 	503 	2385
f 832 	831 	833
f 844 	701 	838
f 478 	831 	843
f 836 	803 	762
f 920 	838 	701
f 858 	860 	920
f 832 	843 	831
f 812 	832 	833
f 699 	262 	840
f 833 	810 	812
f 920 	701 	841
f 812 	807 	832
f 809 	833 	831
f 810 	833 	809
f 842 	268 	3140
f 799 	734 	842
f 3140 	799 	842
f 845 	701 	844
f 262 	268 	842
f 869 	844 	838
f 481 	809 	831
f 262 	842 	840
f 840 	842 	699
f 586 	824 	830
f 831 	784 	774
f 848 	406 	846
f 774 	481 	831
f 406 	604 	846
f 844 	869 	845
f 1608 	1471 	823
f 813 	1608 	823
f 754 	766 	719
f 852 	845 	12415
f 855 	856 	854
f 854 	857 	855
f 858 	864 	743
f 855 	6715 	859
f 543 	876 	839
f 847 	859 	855
f 838 	920 	860
f 743 	860 	858
f 857 	847 	855
f 406 	848 	137
f 762 	861 	836
f 604 	572 	874
f 858 	920 	864
f 647 	603 	865
f 855 	859 	8766
f 864 	992 	877
f 462 	538 	863
f 877 	743 	864
f 852 	867 	701
f 874 	846 	604
f 612 	701 	867
f 848 	887 	851
f 861 	865 	603
f 647 	865 	861
f 647 	861 	765
f 861 	762 	765
f 837 	839 	3929
f 857 	850 	847
f 873 	856 	872
f 795 	912 	814
f 867 	852 	12415
f 795 	798 	912
f 873 	857 	854
f 612 	867 	12415
f 862 	961 	868
f 873 	854 	856
f 502 	4971 	4968
f 853 	905 	870
f 862 	868 	853
f 853 	870 	862
f 798 	800 	871
f 881 	543 	464
f 578 	895 	875
f 464 	462 	881
f 905 	907 	870
f 572 	578 	874
f 869 	12349 	12434
f 578 	627 	895
f 869 	743 	877
f 871 	781 	1363
f 839 	876 	885
f 887 	874 	578
f 800 	879 	769
f 885 	903 	839
f 803 	879 	800
f 848 	874 	887
f 881 	462 	882
f 689 	889 	878
f 869 	877 	12349
f 874 	848 	846
f 860 	743 	869
f 803 	836 	883
f 838 	860 	869
f 836 	861 	883
f 543 	881 	885
f 803 	883 	879
f 885 	876 	543
f 611 	875 	610
f 887 	611 	851
f 886 	882 	462
f 883 	769 	879
f 578 	875 	887
f 883 	826 	760
f 885 	882 	886
f 887 	875 	611
f 873 	890 	857
f 882 	885 	881
f 719 	766 	919
f 710 	689 	878
f 885 	886 	903
f 781 	871 	800
f 8778 	857 	890
f 462 	863 	886
f 916 	886 	863
f 888 	894 	891
f 710 	878 	884
f 630 	895 	627
f 884 	709 	710
f 630 	610 	895
f 875 	895 	610
f 888 	933 	894
f 4612 	657 	767
f 897 	893 	892
f 902 	926 	626
f 877 	996 	995
f 530 	513 	898
f 626 	926 	610
f 898 	5137 	5183
f 898 	6177 	1803
f 910 	3690 	10534
f 872 	890 	873
f 1692 	819 	814
f 914 	910 	10534
f 909 	935 	908
f 1693 	1692 	814
f 906 	909 	908
f 908 	913 	906
f 853 	918 	905
f 1693 	814 	912
f 825 	911 	914
f 910 	914 	911
f 689 	670 	536
f 913 	908 	915
f 818 	12322 	825
f 918 	563 	533
f 533 	905 	918
f 889 	689 	536
f 670 	500 	536
f 1735 	1823 	871
f 841 	921 	920
f 918 	536 	545
f 918 	889 	536
f 992 	864 	920
f 886 	916 	903
f 921 	922 	920
f 712 	923 	924
f 924 	766 	712
f 563 	918 	545
f 627 	902 	626
f 827 	902 	627
f 918 	853 	889
f 1735 	871 	1368
f 871 	1363 	1368
f 712 	938 	932
f 712 	932 	923
f 919 	766 	924
f 899 	894 	933
f 919 	924 	923
f 919 	923 	893
f 923 	932 	893
f 870 	907 	927
f 901 	933 	888
f 907 	561 	927
f 862 	870 	927
f 938 	717 	937
f 917 	922 	921
f 976 	920 	941
f 940 	941 	920
f 938 	893 	932
f 927 	942 	943
f 2472 	2473 	926
f 937 	893 	938
f 926 	902 	2472
f 947 	944 	946
f 893 	937 	892
f 866 	951 	952
f 947 	1053 	960
f 959 	892 	937
f 906 	939 	934
f 935 	915 	908
f 948 	362 	332
f 915 	939 	913
f 939 	906 	913
f 2426 	956 	951
f 893 	984 	919
f 951 	2402 	2426
f 947 	942 	944
f 943 	862 	927
f 955 	975 	957
f 947 	960 	961
f 981 	952 	950
f 953 	950 	951
f 950 	952 	951
f 363 	376 	957
f 958 	892 	959
f 956 	953 	951
f 376 	954 	957
f 957 	954 	955
f 893 	983 	984
f 423 	949 	962
f 943 	947 	961
f 925 	892 	958
f 948 	2561 	2559
f 966 	2561 	948
f 942 	947 	943
f 943 	961 	862
f 376 	2372 	954
f 2625 	2628 	949
f 733 	984 	983
f 927 	969 	942
f 964 	376 	363
f 972 	969 	927
f 973 	969 	972
f 922 	940 	920
f 944 	942 	969
f 1001 	968 	1003
f 975 	962 	1000
f 917 	941 	940
f 917 	940 	922
f 177 	980 	880
f 419 	820 	962
f 849 	978 	950
f 2561 	966 	974
f 980 	978 	849
f 917 	976 	941
f 946 	944 	969
f 983 	893 	897
f 962 	975 	955
f 981 	978 	980
f 982 	946 	969
f 919 	984 	719
f 962 	955 	419
f 177 	181 	980
f 181 	986 	980
f 963 	880 	980
f 984 	733 	719
f 610 	2523 	644
f 644 	2526 	2522
f 1168 	6286 	967
f 904 	611 	641
f 968 	1001 	970
f 904 	641 	2529
f 2523 	2526 	644
f 158 	1065 	986
f 957 	975 	361
f 972 	927 	561
f 949 	2559 	2625
f 980 	986 	989
f 361 	363 	957
f 2559 	949 	948
f 982 	969 	979
f 969 	973 	979
f 991 	952 	989
f 561 	907 	905
f 975 	1014 	936
f 361 	975 	936
f 920 	993 	992
f 993 	920 	996
f 996 	920 	995
f 363 	945 	964
f 993 	877 	992
f 996 	877 	993
f 994 	987 	998
f 980 	989 	981
f 592 	884 	824
f 955 	954 	351
f 878 	824 	884
f 954 	357 	351
f 997 	994 	998
f 889 	853 	824
f 1005 	995 	920
f 962 	2823 	1000
f 878 	889 	824
f 1001 	1003 	987
f 3810 	1005 	920
f 830 	961 	1006
f 952 	981 	989
f 936 	2514 	361
f 950 	978 	981
f 12357 	995 	1005
f 12357 	877 	995
f 1003 	998 	987
f 361 	2514 	335
f 830 	868 	961
f 945 	363 	2514
f 961 	960 	1006
f 960 	1060 	1006
f 970 	977 	1013
f 1022 	866 	1012
f 970 	1013 	968
f 866 	1045 	1012
f 824 	868 	830
f 1000 	1014 	975
f 824 	853 	868
f 1017 	1004 	1016
f 988 	1018 	1929
f 1000 	2823 	1014
f 1045 	866 	952
f 1020 	1019 	1929
f 1929 	1018 	1020
f 1009 	1017 	1016
f 1245 	1242 	1015
f 1026 	985 	1222
f 1012 	1011 	1022
f 985 	1026 	906
f 985 	906 	934
f 1011 	1012 	1045
f 1023 	1024 	1025
f 1045 	991 	1011
f 1018 	1054 	1020
f 1019 	1020 	1054
f 1035 	1017 	1009
f 968 	1013 	8263
f 1030 	1024 	1029
f 1028 	1029 	1024
f 1008 	1002 	1007
f 4808 	767 	4807
f 977 	1124 	1013
f 1023 	1028 	1024
f 1208 	1428 	1013
f 1038 	990 	1054
f 1024 	1030 	1039
f 1039 	1083 	1024
f 1037 	1039 	1030
f 1042 	1023 	1025
f 1026 	1056 	1027
f 1027 	1056 	1079
f 990 	1038 	1064
f 1035 	1034 	1040
f 1079 	1145 	1027
f 1145 	1033 	1027
f 1045 	952 	991
f 1041 	1942 	1930
f 988 	1942 	1038
f 1942 	1041 	1038
f 1026 	909 	906
f 1029 	1028 	1049
f 1042 	1049 	1028
f 1023 	1042 	1028
f 1029 	1050 	1030
f 1018 	988 	1054
f 1038 	1054 	988
f 1026 	1027 	909
f 1052 	158 	157
f 1054 	990 	1031
f 1053 	947 	1055
f 1050 	1051 	1030
f 188 	1068 	1052
f 1029 	1049 	1050
f 157 	162 	1052
f 11676 	1051 	1049
f 1050 	1049 	1051
f 947 	946 	1055
f 614 	615 	1058
f 1058 	701 	614
f 1062 	931 	10071
f 1062 	10071 	1152
f 1060 	960 	1061
f 158 	1052 	1065
f 1062 	977 	931
f 960 	1053 	1061
f 1052 	1068 	1065
f 1061 	1053 	1055
f 986 	1065 	989
f 989 	1065 	1068
f 1068 	991 	989
f 1076 	1077 	1058
f 583 	584 	1058
f 1071 	583 	1058
f 1066 	1064 	1038
f 1066 	1038 	1041
f 1027 	1098 	1033
f 1072 	1033 	1098
f 11709 	11727 	1058
f 1098 	1027 	1073
f 1027 	1033 	1106
f 1027 	1033 	1073
f 583 	1071 	1049
f 1041 	813 	1066
f 1072 	1073 	1033
f 1057 	1011 	991
f 1042 	584 	1049
f 704 	703 	1042
f 1071 	1058 	1077
f 1072 	1106 	1033
f 1068 	1057 	991
f 1076 	11727 	1049
f 1077 	1076 	1049
f 188 	322 	1057
f 1071 	1077 	1049
f 1068 	188 	1057
f 1057 	322 	326
f 1078 	823 	1080
f 1033 	1145 	1072
f 1081 	928 	1057
f 823 	1078 	813
f 326 	1081 	1057
f 1082 	1024 	1083
f 1032 	1079 	1056
f 1133 	1187 	1082
f 1083 	1039 	1133
f 1032 	1145 	1079
f 965 	1027 	1161
f 965 	909 	1027
f 1035 	1040 	1063
f 1047 	152 	1105
f 1134 	1075 	7126
f 1089 	1085 	1090
f 1109 	1107 	152
f 150 	152 	1047
f 1140 	1047 	1105
f 1072 	1098 	1099
f 1098 	1100 	1101
f 1102 	1103 	1098
f 1099 	1098 	1103
f 997 	1069 	994
f 1098 	1101 	1102
f 1073 	1100 	1098
f 1072 	1099 	1106
f 1144 	1036 	1104
f 1081 	930 	928
f 1072 	1099 	1073
f 152 	1107 	1105
f 1059 	1067 	1114
f 1101 	1073 	1099
f 1099 	1103 	1101
f 1084 	2977 	3023
f 2977 	1084 	900
f 1099 	1103 	1106
f 1103 	1102 	1106
f 1101 	1100 	1073
f 1102 	1101 	1103
f 1123 	1067 	1085
f 1101 	1100 	1102
f 1106 	1102 	1100
f 1030 	11937 	1037
f 1085 	1067 	1059
f 1200 	1107 	1095
f 1110 	1070 	1074
f 1113 	668 	643
f 687 	668 	1113
f 624 	1113 	643
f 1069 	1104 	994
f 1044 	1117 	1090
f 1051 	386 	1030
f 1107 	1116 	1095
f 4458 	623 	1119
f 386 	11790 	1030
f 1117 	1044 	1048
f 624 	623 	4458
f 1116 	125 	1095
f 1117 	1089 	1090
f 1107 	1109 	1116
f 1085 	1046 	1044
f 1116 	1109 	1115
f 1085 	1114 	1046
f 1114 	1085 	1059
f 152 	1115 	1109
f 509 	519 	1112
f 1120 	1121 	1122
f 1111 	1112 	511
f 1117 	1123 	1089
f 511 	11943 	1111
f 125 	1116 	1115
f 1121 	1120 	3048
f 447 	1121 	3048
f 1140 	1105 	1107
f 1125 	1120 	1122
f 1123 	1085 	1089
f 1048 	3755 	1117
f 519 	511 	1112
f 1122 	1121 	1125
f 213 	1126 	807
f 1135 	1132 	1127
f 1131 	1117 	1129
f 1120 	1126 	1139
f 1127 	1199 	1135
f 757 	1136 	801
f 1117 	1131 	1123
f 1120 	1125 	1126
f 1127 	1097 	1199
f 702 	801 	1136
f 702 	1136 	742
f 742 	1136 	623
f 447 	3048 	929
f 1044 	1090 	1085
f 1136 	1119 	623
f 12312 	1047 	1140
f 1094 	1165 	1096
f 1092 	1096 	1165
f 1094 	1134 	1165
f 1099 	1145 	1103
f 1152 	1124 	1062
f 1102 	1145 	1101
f 1084 	1139 	202
f 1062 	1124 	977
f 1084 	1108 	1139
f 1139 	213 	202
f 1130 	11931 	1164
f 1138 	1128 	11931
f 1139 	1126 	213
f 1016 	1034 	1009
f 1102 	1103 	1145
f 1072 	1145 	1099
f 1133 	1039 	1037
f 733 	1150 	1146
f 733 	983 	1150
f 1083 	1133 	1082
f 1152 	1155 	1192
f 1139 	1108 	1154
f 1146 	719 	733
f 1148 	1106 	1091
f 1156 	1149 	1151
f 1148 	1168 	967
f 1157 	1158 	1159
f 1156 	1151 	1154
f 1162 	1027 	1106
f 4969 	5579 	1060
f 1151 	1153 	1154
f 1161 	1027 	1162
f 1148 	967 	971
f 1139 	1154 	1153
f 965 	1148 	971
f 1120 	1139 	1153
f 5650 	1070 	1160
f 1146 	10587 	719
f 1162 	1106 	1148
f 965 	1161 	1148
f 1161 	1162 	1148
f 990 	1064 	1141
f 1163 	999 	1002
f 10071 	1155 	1152
f 1004 	1169 	1016
f 1141 	1064 	5705
f 832 	807 	1170
f 811 	832 	1170
f 1192 	173 	170
f 5374 	971 	967
f 1165 	5420 	1092
f 930 	447 	929
f 176 	1192 	170
f 447 	930 	318
f 1181 	1171 	1169
f 326 	318 	1081
f 930 	1081 	318
f 1181 	1169 	1004
f 1110 	1160 	1070
f 1004 	1017 	1184
f 1143 	1160 	1110
f 1147 	1143 	1110
f 1206 	1169 	1171
f 187 	1157 	1159
f 1164 	1166 	1334
f 1008 	1163 	1002
f 1148 	1179 	6843
f 1164 	1334 	8145
f 1179 	1177 	1173
f 3492 	3444 	1172
f 1166 	1128 	1309
f 1128 	1166 	1164
f 1179 	1091 	10622
f 1008 	4997 	1163
f 1164 	700 	1130
f 10622 	1091 	10626
f 1148 	1091 	1179
f 1185 	1025 	1024
f 1192 	176 	1172
f 1024 	1082 	1182
f 1182 	1246 	1024
f 1141 	2233 	990
f 1036 	3467 	1159
f 1004 	1184 	1181
f 1025 	1185 	1042
f 1185 	1249 	1042
f 835 	704 	1042
f 1036 	3463 	3467
f 1100 	1183 	1186
f 921 	841 	1042
f 1186 	1106 	1100
f 841 	835 	1042
f 1186 	1091 	1106
f 1188 	1183 	1100
f 1231 	1229 	1167
f 1101 	1188 	1100
f 1101 	1145 	1188
f 1035 	1184 	1017
f 1194 	172 	171
f 1155 	173 	1192
f 1191 	1194 	171
f 1145 	1032 	1188
f 125 	172 	1194
f 1183 	10642 	10422
f 1180 	1385 	6819
f 1194 	1095 	125
f 1194 	1201 	1200
f 1095 	1194 	1200
f 1201 	1194 	1191
f 1230 	1718 	1193
f 1171 	1181 	1163
f 1163 	1181 	999
f 1097 	1201 	1199
f 1187 	1182 	1082
f 1192 	1219 	1218
f 1199 	1201 	1191
f 1063 	1169 	1206
f 1199 	1137 	1135
f 1201 	1907 	1231
f 233 	210 	1172
f 233 	1172 	237
f 1203 	1241 	1204
f 1172 	210 	3492
f 1202 	1207 	1206
f 1190 	1189 	3492
f 210 	1190 	3492
f 1201 	1140 	1200
f 1208 	1013 	1209
f 1013 	1124 	1209
f 1140 	1107 	1200
f 985 	934 	6873
f 1265 	1263 	1182
f 1187 	1265 	1182
f 1222 	985 	6873
f 1213 	1130 	700
f 1209 	1218 	1214
f 1130 	1213 	12110
f 3082 	3048 	1195
f 1218 	1216 	1214
f 1234 	1189 	1216
f 1214 	1208 	1209
f 1222 	1211 	1217
f 1225 	1247 	1258
f 1220 	1226 	1223
f 1220 	1228 	1226
f 1218 	1152 	1192
f 1232 	1221 	1224
f 1222 	6873 	1211
f 1222 	10333 	1026
f 1219 	1192 	3624
f 3624 	1218 	1219
f 1235 	1545 	1364
f 1124 	1218 	1209
f 1176 	1221 	1232
f 1234 	1218 	3624
f 1176 	1232 	1149
f 1218 	1234 	1216
f 1232 	1224 	1149
f 1124 	1152 	1218
f 1032 	1056 	10337
f 1365 	1543 	1233
f 1063 	1016 	1169
f 1035 	1009 	1034
f 1367 	1365 	1233
f 1016 	1040 	1034
f 1233 	1357 	1367
f 1195 	1151 	1224
f 1040 	1016 	1063
f 1233 	1360 	1357
f 1295 	1184 	1035
f 1151 	1149 	1224
f 1153 	1151 	1195
f 1203 	1456 	1241
f 1262 	1249 	1245
f 1024 	1242 	1185
f 1242 	1245 	1185
f 1242 	1024 	1246
f 1241 	1235 	1204
f 3941 	3792 	1225
f 1247 	1248 	1258
f 1241 	1456 	1235
f 1185 	1245 	1249
f 1013 	1428 	1243
f 1262 	1260 	1249
f 1247 	1225 	917
f 1042 	1249 	917
f 1248 	1247 	917
f 1249 	1248 	917
f 921 	1042 	917
f 1254 	1015 	1242
f 1252 	1237 	1210
f 2029 	1239 	1244
f 1242 	1246 	1254
f 1187 	1254 	1246
f 1259 	1225 	1258
f 1258 	1248 	1260
f 1261 	1668 	1178
f 1255 	1235 	1253
f 1248 	1249 	1260
f 1239 	1261 	1244
f 1263 	1265 	1187
f 1258 	1015 	1259
f 1231 	1244 	1261
f 1261 	1167 	1229
f 1258 	1260 	1015
f 1260 	1262 	1015
f 1245 	1015 	1262
f 1231 	1261 	1229
f 1187 	1246 	1263
f 1063 	1264 	7395
f 1297 	1278 	226
f 1015 	3983 	1259
f 1207 	1264 	1206
f 1187 	1010 	1254
f 1246 	1182 	1263
f 1264 	7401 	7398
f 1173 	1177 	1257
f 1154 	1108 	1176
f 1484 	1266 	1021
f 1252 	1210 	1227
f 1176 	1156 	1154
f 12346 	1178 	1484
f 1176 	1149 	1156
f 226 	1270 	1297
f 1271 	1128 	1138
f 1272 	1281 	1267
f 1272 	1282 	1281
f 1269 	1268 	1290
f 1227 	1516 	5409
f 1204 	1235 	1255
f 1207 	1202 	1264
f 1277 	1272 	1267
f 1206 	1264 	1063
f 1256 	1275 	1257
f 1524 	251 	1278
f 1240 	8769 	8320
f 1274 	1256 	1285
f 1273 	1274 	1285
f 1282 	1284 	1281
f 1519 	1279 	1312
f 1251 	8780 	8787
f 1304 	1308 	1269
f 1285 	1257 	1177
f 1279 	1283 	1280
f 1285 	1256 	1257
f 8791 	1291 	1288
f 1252 	1563 	1237
f 1269 	1290 	12294
f 1605 	1568 	1283
f 1434 	1243 	1428
f 226 	1303 	1300
f 1296 	1123 	1131
f 1269 	12294 	1304
f 1318 	1271 	1138
f 1303 	226 	1278
f 1131 	1129 	1296
f 1294 	1308 	1304
f 1302 	1128 	1271
f 1294 	1304 	1298
f 1067 	1123 	1296
f 1336 	1166 	1309
f 1314 	1306 	1305
f 1302 	1309 	1128
f 1279 	1315 	1312
f 1300 	1303 	319
f 1308 	1294 	1293
f 1302 	1271 	1318
f 1303 	251 	319
f 1035 	1063 	1295
f 1296 	1295 	7395
f 1063 	7395 	1295
f 1315 	1319 	1312
f 1315 	1279 	1280
f 1318 	1316 	11120
f 1296 	7395 	1067
f 1293 	1501 	1308
f 1315 	1320 	1319
f 1320 	1315 	1280
f 1306 	2060 	3819
f 1320 	1325 	1319
f 1338 	7468 	1287
f 1309 	1302 	1318
f 1287 	1326 	1338
f 1287 	1323 	1326
f 1320 	1280 	1325
f 8146 	700 	1164
f 1118 	1329 	1142
f 8145 	8146 	1164
f 1337 	1328 	1332
f 1166 	1336 	1334
f 1324 	1288 	1291
f 1335 	1332 	2315
f 1334 	1336 	1333
f 3705 	1288 	1324
f 3705 	1324 	1327
f 1184 	1295 	1338
f 1325 	1280 	1283
f 1337 	1332 	1335
f 1295 	7468 	1338
f 1520 	1519 	1312
f 1235 	1533 	1545
f 1337 	1496 	1330
f 1291 	8294 	1324
f 1357 	1235 	1367
f 1328 	1337 	1330
f 1307 	1339 	1250
f 1303 	1278 	251
f 1213 	700 	8106
f 1336 	1318 	11120
f 1331 	1323 	1287
f 1336 	1309 	1318
f 1343 	1233 	1350
f 5801 	5802 	1339
f 3534 	1346 	3532
f 1505 	1349 	1340
f 1422 	1088 	1347
f 1421 	1422 	1347
f 1088 	1087 	1347
f 1331 	1287 	7542
f 1184 	1338 	1181
f 1297 	1270 	1461
f 1339 	5802 	8773
f 1347 	1087 	1086
f 1367 	1235 	1364
f 1339 	1486 	1477
f 8514 	1351 	1345
f 1353 	1351 	8514
f 1363 	769 	786
f 1335 	1355 	1337
f 1358 	1362 	2319
f 1363 	1566 	1560
f 1367 	1364 	1365
f 1305 	1306 	1340
f 1314 	1305 	1349
f 1343 	1377 	1360
f 1233 	1343 	1360
f 1349 	1305 	1340
f 781 	769 	1363
f 1253 	1377 	1373
f 1377 	1343 	1690
f 1377 	1690 	1373
f 1379 	1289 	1406
f 427 	1253 	1373
f 1375 	1374 	1378
f 1440 	2082 	1286
f 1357 	1360 	1253
f 1253 	1235 	1357
f 1406 	1411 	1379
f 1377 	1253 	1360
f 1289 	1379 	1383
f 1384 	1381 	1457
f 1444 	1375 	1378
f 1374 	1356 	1378
f 1289 	1383 	1398
f 1391 	1392 	1393
f 1391 	1393 	1395
f 1395 	1630 	1391
f 896 	898 	1390
f 1376 	229 	257
f 1371 	1412 	1417
f 1354 	1386 	1372
f 1301 	1387 	1394
f 1389 	1399 	1400
f 1446 	1425 	1400
f 2073 	1398 	1292
f 1647 	1645 	10128
f 1292 	1398 	1437
f 1841 	1390 	898
f 1841 	898 	1803
f 1391 	1405 	1392
f 1391 	1404 	1405
f 1407 	1406 	1409
f 1651 	1649 	1396
f 1388 	1418 	1370
f 1378 	1356 	1397
f 1412 	1416 	1376
f 1444 	1378 	1397
f 1415 	1412 	1376
f 1809 	672 	896
f 1416 	1380 	1376
f 1415 	1417 	1412
f 1415 	1359 	1417
f 1359 	1366 	1417
f 798 	871 	1823
f 2361 	1414 	1310
f 1403 	1419 	1381
f 2047 	912 	1823
f 1414 	1546 	1548
f 798 	1823 	912
f 1414 	1548 	1310
f 1348 	1420 	1421
f 1348 	1421 	1347
f 1289 	1409 	1406
f 1716 	826 	861
f 1424 	1427 	1348
f 1424 	1348 	1425
f 1426 	1346 	1345
f 1203 	1410 	1456
f 1427 	1420 	1348
f 1289 	2117 	1409
f 1347 	1352 	1425
f 1429 	1423 	1403
f 1428 	1208 	1430
f 1348 	1347 	1425
f 6819 	1408 	6869
f 1403 	1381 	1429
f 1383 	1379 	1411
f 1345 	1351 	1596
f 1345 	1596 	1595
f 1429 	1384 	1432
f 1408 	6819 	1385
f 1381 	1384 	1429
f 1240 	1243 	1434
f 1406 	1407 	1411
f 1203 	1402 	1445
f 1435 	1414 	1438
f 1457 	1432 	1384
f 1436 	1440 	1437
f 1460 	1457 	1381
f 1434 	1250 	1240
f 1434 	1307 	1250
f 1286 	1292 	1437
f 1438 	1441 	1435
f 1389 	1425 	1352
f 1440 	1286 	1437
f 1452 	1731 	1299
f 1389 	1400 	1425
f 1425 	1446 	1447
f 1351 	1353 	1596
f 1445 	1402 	1233
f 1442 	1441 	1438
f 1425 	1447 	1424
f 1438 	1322 	1301
f 1419 	1403 	1449
f 1434 	1433 	1467
f 1340 	1440 	1451
f 1434 	1428 	1433
f 1449 	1381 	1419
f 1410 	1453 	1472
f 1340 	1306 	1440
f 1354 	1346 	1426
f 2082 	1440 	1306
f 1453 	1203 	1533
f 1428 	1430 	1433
f 1457 	1455 	1454
f 1510 	1453 	1533
f 9865 	9191 	1452
f 1386 	1354 	1448
f 1416 	1371 	1380
f 1299 	1404 	1452
f 1404 	1391 	1452
f 1371 	1416 	1412
f 1457 	1454 	1432
f 1307 	1434 	1339
f 1417 	1366 	1493
f 1410 	1203 	1453
f 1339 	1434 	1486
f 1533 	1203 	1445
f 1431 	1433 	1430
f 1443 	1383 	1411
f 1398 	1383 	1443
f 1461 	1485 	1459
f 1214 	1834 	1430
f 1445 	1233 	1541
f 1214 	1430 	1208
f 1410 	1450 	1456
f 1456 	1450 	1488
f 1409 	1463 	1464
f 1382 	1462 	1531
f 1650 	1464 	1463
f 1466 	1401 	1465
f 1431 	1467 	1433
f 1488 	1269 	1456
f 1608 	1609 	1088
f 1608 	1088 	1471
f 1422 	1470 	1088
f 1471 	1088 	1470
f 1410 	1472 	1408
f 1473 	1411 	1407
f 1609 	1610 	1088
f 1467 	1431 	1468
f 1474 	1411 	1473
f 1443 	1411 	1474
f 1434 	1481 	1486
f 1460 	1507 	1457
f 1517 	1455 	1457
f 1473 	1407 	1409
f 1352 	1347 	1475
f 1483 	1423 	1429
f 1481 	1434 	1467
f 1432 	1454 	1483
f 1454 	1455 	1483
f 1481 	1477 	1486
f 1429 	1432 	1483
f 1478 	1538 	1476
f 1467 	3790 	1481
f 1485 	1502 	1494
f 1483 	1482 	1423
f 1488 	1268 	1269
f 9865 	1452 	1391
f 1266 	1461 	1021
f 1449 	1460 	1381
f 6554 	1475 	1086
f 1482 	1483 	1455
f 1477 	1481 	3790
f 1347 	1086 	1475
f 1460 	1449 	1490
f 1459 	1485 	1366
f 1493 	1485 	1494
f 12308 	1491 	1492
f 1088 	1497 	6799
f 2358 	1438 	1414
f 1493 	1366 	1485
f 1442 	1438 	1394
f 1488 	12301 	1268
f 1494 	1283 	1493
f 1394 	1438 	1301
f 1294 	1498 	1293
f 1482 	1500 	1499
f 1442 	1394 	1531
f 1293 	1498 	1501
f 1482 	1455 	1500
f 1480 	1496 	1495
f 2358 	1322 	1438
f 1496 	1355 	1487
f 1283 	1417 	1493
f 1500 	1455 	1499
f 1496 	1337 	1355
f 1480 	1330 	1496
f 1498 	1503 	1501
f 1605 	1494 	1502
f 1509 	1508 	1341
f 1480 	1328 	1330
f 1366 	1359 	1459
f 1484 	1502 	1461
f 1341 	1511 	1342
f 1382 	1342 	1511
f 1462 	1382 	1511
f 1506 	1574 	1577
f 1499 	1455 	1517
f 1490 	1504 	1507
f 1490 	1507 	1460
f 1511 	1341 	1508
f 1786 	1093 	1497
f 1369 	1597 	1513
f 1484 	1461 	1266
f 1502 	1485 	1461
f 1178 	1502 	1484
f 1499 	1517 	1514
f 1453 	1510 	1594
f 1594 	1510 	1556
f 1457 	1507 	3350
f 1269 	1556 	1510
f 1197 	1230 	1518
f 1520 	1371 	1519
f 1837 	1489 	1512
f 1956 	1489 	1837
f 1456 	1269 	1510
f 1508 	1509 	1521
f 1509 	1522 	1521
f 1279 	1519 	1371
f 1525 	1511 	1521
f 1283 	1371 	1417
f 1528 	1358 	1480
f 1521 	1511 	1508
f 1328 	1480 	1358
f 1358 	1528 	1632
f 5520 	1516 	1518
f 1525 	1659 	1660
f 1632 	1362 	1358
f 1530 	1441 	1442
f 5524 	1532 	1479
f 1530 	1442 	1531
f 1533 	1541 	1549
f 1529 	1523 	1535
f 1515 	1529 	1535
f 1531 	1462 	1511
f 1534 	2869 	2901
f 1533 	1235 	1456
f 1533 	1445 	1541
f 1539 	1537 	1526
f 5520 	1518 	1532
f 1533 	1456 	1510
f 1531 	1511 	1525
f 1545 	1533 	1550
f 1537 	1540 	1526
f 1227 	1518 	1516
f 1525 	1660 	1531
f 1522 	1509 	1661
f 1518 	1227 	1197
f 1532 	1230 	1479
f 1532 	1518 	1230
f 1230 	1193 	1479
f 1506 	1577 	1539
f 1476 	1538 	1542
f 1537 	1539 	1577
f 1956 	1439 	1489
f 1479 	1193 	1452
f 1533 	1549 	1550
f 1629 	1509 	1361
f 1371 	1283 	1279
f 1543 	1365 	1364
f 1545 	1543 	1364
f 1174 	1175 	1458
f 1548 	1311 	1310
f 1558 	1548 	1546
f 1278 	1459 	1524
f 1459 	1359 	1524
f 1540 	1537 	1577
f 1583 	1554 	1550
f 1550 	1554 	1545
f 1523 	1529 	1555
f 1356 	1536 	1397
f 1549 	1543 	1565
f 1529 	1515 	1555
f 4183 	1515 	1535
f 1565 	1591 	1549
f 1561 	1363 	1560
f 1545 	1554 	1543
f 1560 	1564 	1561
f 1359 	1415 	1524
f 1554 	1565 	1543
f 1524 	1415 	1376
f 1376 	257 	1524
f 1311 	1548 	1558
f 1566 	1363 	1513
f 1598 	1311 	1558
f 1297 	1461 	1459
f 1554 	1583 	1586
f 1636 	1441 	1530
f 1636 	1637 	1441
f 1569 	1547 	1552
f 1565 	1554 	1588
f 1564 	1368 	1363
f 1586 	1588 	1554
f 1816 	1593 	1308
f 1564 	1363 	1561
f 1618 	1557 	1553
f 732 	1369 	1513
f 1569 	1562 	1547
f 723 	1513 	1363
f 723 	732 	1513
f 1573 	1397 	1536
f 1605 	1687 	1568
f 1539 	1526 	1574
f 1575 	1435 	1441
f 1397 	1573 	1710
f 1278 	1297 	1459
f 1414 	1435 	1575
f 1578 	1599 	165
f 1444 	1397 	1710
f 1580 	1572 	1571
f 1712 	1710 	1573
f 1622 	1581 	1578
f 1505 	1340 	1451
f 1584 	1622 	1578
f 1603 	1335 	2315
f 1093 	1786 	1236
f 1414 	1677 	1546
f 1606 	1585 	1577
f 1227 	1587 	1252
f 1563 	1252 	1587
f 1591 	1565 	1588
f 1549 	1541 	1543
f 1586 	1583 	1582
f 1586 	1582 	1588
f 1541 	1233 	1543
f 1227 	5409 	1587
f 1588 	1582 	1591
f 1401 	1613 	1589
f 1471 	1470 	822
f 668 	822 	1470
f 1922 	2670 	1458
f 1528 	1480 	1592
f 1175 	1924 	1458
f 1440 	1436 	1544
f 1440 	1544 	1451
f 1414 	1575 	1677
f 1544 	1603 	1451
f 1598 	1317 	1311
f 1598 	1313 	1317
f 1566 	1513 	1597
f 1596 	1353 	1600
f 1560 	1566 	1597
f 180 	165 	1599
f 1437 	1398 	1552
f 1624 	1626 	1558
f 1424 	1447 	668
f 1437 	1552 	1436
f 1393 	1392 	1344
f 1436 	1552 	1547
f 1558 	1579 	1624
f 1600 	2430 	1596
f 1392 	1405 	1344
f 1558 	1626 	1598
f 1443 	1552 	1398
f 1672 	1560 	1597
f 1559 	1650 	1463
f 1404 	1344 	1405
f 1626 	1601 	1598
f 1743 	1584 	1520
f 1420 	1427 	668
f 1421 	1420 	668
f 1584 	1371 	1520
f 1603 	1762 	1487
f 1421 	668 	1422
f 1369 	760 	1597
f 1487 	1355 	1603
f 1584 	1380 	1371
f 1446 	668 	1447
f 1335 	1603 	1355
f 1601 	1612 	1598
f 1427 	1424 	668
f 1605 	1502 	1669
f 1589 	1613 	1601
f 1404 	1299 	1344
f 1400 	668 	1446
f 1505 	1603 	1349
f 1470 	1422 	668
f 1505 	1451 	1603
f 1668 	1669 	1502
f 1669 	1665 	1605
f 1594 	1556 	1627
f 1632 	1592 	1611
f 1632 	1611 	1602
f 822 	823 	1471
f 2449 	1354 	1426
f 1590 	1864 	1876
f 1603 	2315 	1349
f 1558 	1546 	1579
f 1269 	1593 	1556
f 1553 	1557 	2476
f 1480 	1611 	1592
f 1612 	1601 	1613
f 1615 	1614 	1549
f 1559 	1580 	1650
f 1344 	1395 	1393
f 1615 	1591 	1593
f 1559 	1463 	1616
f 1399 	643 	1400
f 1494 	1605 	1283
f 1602 	1955 	1619
f 1620 	1638 	1396
f 1391 	1620 	1396
f 716 	714 	1617
f 1625 	1389 	1641
f 1631 	1389 	1625
f 716 	1617 	1653
f 1591 	1582 	1593
f 1617 	714 	731
f 1614 	1593 	1582
f 1574 	1506 	1539
f 1389 	1645 	1641
f 1526 	1527 	1574
f 1593 	1627 	1556
f 1628 	1675 	1617
f 1344 	1638 	1620
f 1619 	1957 	1616
f 1620 	1391 	1630
f 1629 	1466 	1465
f 1399 	1389 	1631
f 2601 	1466 	1629
f 1625 	10719 	1631
f 1469 	1618 	1553
f 1463 	2347 	1616
f 1344 	1620 	1630
f 1581 	1623 	1578
f 1581 	1622 	1623
f 1602 	1619 	1632
f 1619 	1616 	1632
f 1386 	1448 	1635
f 1395 	1344 	1630
f 2254 	1578 	1623
f 1528 	1592 	1632
f 10721 	643 	1631
f 1604 	1635 	1448
f 1634 	1675 	1670
f 1636 	1530 	1531
f 2347 	2384 	1616
f 1743 	1748 	1622
f 1639 	1396 	1638
f 1635 	1604 	2530
f 1644 	1473 	1642
f 1644 	1474 	1473
f 1389 	10128 	1645
f 1653 	1617 	1634
f 1584 	1743 	1622
f 1474 	1644 	1552
f 1443 	1474 	1552
f 1550 	1549 	1614
f 1552 	1644 	1569
f 1418 	1388 	1643
f 1441 	1637 	1648
f 1614 	1582 	1550
f 1582 	1583 	1550
f 1627 	1593 	1614
f 1640 	1370 	1386
f 1441 	1648 	1677
f 1473 	1409 	1642
f 1640 	1388 	1370
f 1396 	1639 	1651
f 1386 	1635 	1640
f 1269 	1308 	1593
f 1509 	1629 	1661
f 1639 	1638 	1344
f 1633 	1661 	1629
f 1577 	1574 	1606
f 1549 	1591 	1615
f 1656 	1525 	1521
f 1521 	1522 	1656
f 1657 	1656 	1522
f 1748 	1747 	1622
f 1593 	1816 	1658
f 1676 	1585 	1673
f 1653 	1634 	1670
f 1656 	1659 	1525
f 1585 	1540 	1577
f 1627 	1614 	1658
f 1522 	1661 	1657
f 1594 	1627 	1658
f 1622 	2432 	2455
f 1658 	1614 	1615
f 1658 	1615 	1593
f 1662 	663 	794
f 1663 	1664 	1606
f 1650 	1571 	1642
f 1571 	1572 	1642
f 1576 	1642 	1572
f 1409 	1464 	1642
f 1464 	1650 	1642
f 1585 	1606 	1664
f 1644 	1642 	1576
f 1576 	1570 	1644
f 1178 	1668 	1502
f 1667 	1653 	1670
f 1571 	1650 	1580
f 1680 	1480 	1727
f 1668 	1665 	1669
f 1668 	1666 	1665
f 1579 	1677 	1624
f 1671 	1308 	1501
f 1579 	1546 	1677
f 1501 	1503 	1671
f 1634 	1617 	1675
f 1668 	2382 	1678
f 2246 	1667 	1675
f 1735 	1679 	1673
f 1677 	1648 	1637
f 1675 	1667 	1670
f 1677 	1637 	1674
f 1239 	1668 	1261
f 1691 	1675 	1628
f 1441 	1677 	1575
f 1567 	1691 	1628
f 1698 	1682 	1681
f 1585 	1664 	1673
f 1689 	1568 	1687
f 1597 	760 	1672
f 1624 	1677 	1802
f 1649 	10316 	1646
f 1774 	1802 	1677
f 1639 	10344 	1651
f 1672 	1679 	1560
f 1850 	1849 	1344
f 1557 	1618 	1979
f 1496 	1487 	1762
f 1652 	10719 	1641
f 1673 	1686 	1676
f 1673 	1679 	1686
f 1799 	1816 	1654
f 1645 	1652 	1641
f 1672 	1686 	1679
f 1647 	1652 	1645
f 1685 	1666 	1668
f 1667 	7137 	1653
f 1655 	1413 	1728
f 1850 	1851 	8006
f 1931 	1606 	1574
f 1574 	1527 	1931
f 1675 	1691 	2248
f 1689 	1666 	1704
f 2018 	2248 	1691
f 1687 	1666 	1689
f 1705 	1544 	1790
f 1665 	1666 	1687
f 1544 	1436 	1893
f 1689 	1704 	1568
f 1705 	1762 	1603
f 1707 	8006 	1706
f 1708 	8006 	1707
f 1687 	1605 	1665
f 1772 	1701 	1700
f 1692 	1703 	6133
f 1668 	1678 	1685
f 8006 	1709 	1702
f 1685 	1684 	1666
f 1704 	1666 	1684
f 1603 	1544 	1705
f 1743 	1520 	1312
f 1562 	1879 	1884
f 1711 	1743 	1312
f 1699 	1688 	1589
f 1319 	1714 	1711
f 1589 	1688 	1401
f 1319 	1711 	1312
f 1465 	1401 	1688
f 1319 	1325 	1715
f 1319 	1715 	1714
f 1629 	1688 	1633
f 1688 	1629 	1465
f 1325 	1717 	1715
f 1714 	1719 	1711
f 861 	603 	1716
f 1714 	1720 	1719
f 1589 	1694 	1699
f 1722 	1659 	1656
f 1696 	1402 	1740
f 1656 	1657 	1722
f 1402 	1203 	1740
f 1723 	1722 	1657
f 1719 	1743 	1711
f 1568 	1717 	1325
f 1722 	1724 	1659
f 1709 	1718 	1230
f 1688 	1726 	1633
f 1233 	1402 	1695
f 1878 	1880 	1731
f 1661 	1723 	1657
f 1568 	1325 	1283
f 1661 	1633 	1723
f 1230 	1197 	1709
f 1472 	1801 	1725
f 1743 	1719 	1720
f 1616 	1729 	1559
f 1721 	1878 	1731
f 1633 	1726 	1723
f 1712 	1403 	1836
f 1712 	1449 	1403
f 1731 	1452 	1718
f 1408 	1472 	1725
f 1836 	1710 	1712
f 1718 	1452 	1193
f 1408 	1725 	1734
f 1823 	1735 	1730
f 1697 	1698 	1738
f 1742 	1806 	1755
f 1715 	1739 	1714
f 1740 	1203 	12179
f 1744 	1736 	1742
f 1655 	1745 	1413
f 1749 	1751 	1750
f 1752 	1750 	1753
f 1737 	1746 	1771
f 1755 	1753 	1742
f 1750 	1742 	1753
f 1757 	1660 	1659
f 1695 	1402 	1758
f 1752 	1759 	1750
f 1724 	1732 	1757
f 1724 	1757 	1659
f 1763 	1742 	1751
f 1175 	1742 	1763
f 1696 	1758 	1402
f 1737 	1732 	1746
f 1724 	1746 	1732
f 1695 	1758 	1764
f 1751 	1742 	1750
f 1758 	1760 	2565
f 1762 	1495 	1496
f 1531 	1660 	1757
f 1175 	1744 	1742
f 648 	1733 	1765
f 1756 	1727 	1480
f 1771 	1723 	1726
f 1771 	1726 	1792
f 2484 	2499 	1750
f 1564 	1560 	1735
f 1757 	1636 	1531
f 1700 	11854 	650
f 1767 	760 	826
f 10505 	10504 	1476
f 2484 	1750 	1759
f 1770 	1674 	1757
f 1757 	1674 	1637
f 1765 	1700 	650
f 1767 	826 	1716
f 1757 	1637 	1636
f 2649 	1695 	1764
f 1762 	1754 	1495
f 1765 	1733 	1700
f 1695 	2649 	1233
f 1480 	1495 	1754
f 1732 	1769 	1757
f 1754 	1756 	1480
f 1770 	1769 	1771
f 1774 	1770 	1771
f 1732 	1771 	1769
f 1758 	1696 	1760
f 760 	1767 	1672
f 1197 	7588 	1709
f 1771 	1802 	1774
f 1673 	1730 	1735
f 1777 	1832 	1776
f 1673 	1664 	1730
f 1771 	1699 	1694
f 1824 	1826 	1715
f 1739 	1720 	1714
f 1677 	1674 	1770
f 1784 	1795 	1783
f 1781 	1795 	1784
f 1789 	1782 	1585
f 1544 	1893 	1775
f 1677 	1770 	1774
f 1780 	1806 	1781
f 1787 	1788 	1786
f 1679 	1735 	1560
f 1757 	1769 	1770
f 1790 	1544 	1775
f 1789 	1676 	1686
f 1737 	1771 	1732
f 1882 	1795 	1881
f 1786 	1497 	1088
f 1686 	1672 	1789
f 1672 	1767 	1789
f 1726 	1688 	1792
f 1564 	1735 	1368
f 1088 	1793 	1786
f 1794 	1786 	1793
f 1787 	1786 	1794
f 1585 	1676 	1789
f 1771 	1688 	1699
f 1767 	1716 	1782
f 1688 	1771 	1792
f 1767 	1782 	1789
f 1786 	1881 	1795
f 1806 	1786 	1795
f 1771 	1722 	1723
f 1771 	1724 	1722
f 1771 	1746 	1724
f 1791 	1800 	1785
f 1701 	1800 	1791
f 1801 	1472 	1453
f 1624 	1802 	1804
f 1626 	1624 	1804
f 1453 	1594 	1801
f 1772 	1800 	1701
f 1804 	1805 	1626
f 1705 	1790 	1996
f 1805 	1601 	1626
f 1816 	1671 	1654
f 1589 	1601 	1805
f 1805 	1694 	1589
f 1806 	7604 	527
f 1804 	1802 	1771
f 1771 	1805 	1804
f 1771 	1694 	1805
f 2698 	1806 	2699
f 896 	1390 	1809
f 1772 	1828 	1800
f 1806 	1810 	2699
f 1810 	1806 	1736
f 1861 	603 	1809
f 1841 	1809 	1390
f 1968 	1756 	1754
f 1806 	1742 	1736
f 1809 	1841 	1891
f 1779 	1755 	1806
f 1779 	1806 	1780
f 1812 	1815 	1813
f 1816 	1308 	1671
f 1795 	1781 	1806
f 1956 	1842 	1778
f 1568 	1704 	1819
f 1799 	1796 	1816
f 2597 	1622 	1747
f 1778 	1797 	1956
f 1806 	527 	1236
f 1684 	1819 	1704
f 1837 	1512 	1818
f 1236 	1786 	1806
f 1237 	1236 	527
f 1816 	1594 	1658
f 2048 	1815 	1692
f 1818 	1875 	1837
f 10945 	1210 	527
f 1817 	1822 	2085
f 1816 	1801 	1594
f 527 	1210 	1237
f 1796 	2751 	1816
f 1857 	1823 	1730
f 1820 	1818 	1512
f 1772 	1700 	1733
f 1717 	1824 	1715
f 1715 	1826 	1739
f 1821 	1720 	1739
f 1717 	1568 	1824
f 1822 	1817 	1811
f 1568 	1819 	1824
f 2056 	1811 	1817
f 1822 	1828 	1733
f 1857 	1730 	1664
f 1733 	1761 	1822
f 1857 	1664 	1663
f 1227 	1210 	10945
f 1772 	1733 	1828
f 7588 	1197 	1227
f 1830 	1831 	1829
f 1822 	1768 	1828
f 1965 	1963 	1808
f 1751 	1755 	1763
f 1800 	1828 	1785
f 1968 	1754 	1762
f 1828 	1768 	1785
f 1832 	1830 	1829
f 1753 	1755 	1749
f 1752 	1753 	1749
f 1749 	1755 	1751
f 1768 	1822 	1811
f 1779 	1763 	1755
f 1752 	1749 	1759
f 1829 	1831 	3634
f 1214 	4193 	1834
f 1781 	1793 	1780
f 1780 	1793 	1779
f 1829 	1776 	1832
f 1784 	1794 	1781
f 1763 	1779 	1793
f 1827 	1512 	1489
f 1444 	1710 	1836
f 1793 	1781 	1794
f 1590 	1444 	1836
f 1690 	1343 	1838
f 2579 	1818 	1820
f 1821 	1743 	1720
f 1585 	1870 	1540
f 1585 	1782 	1870
f 1821 	1798 	1747
f 1838 	1343 	2649
f 1821 	2593 	1798
f 1821 	1747 	1748
f 1838 	1777 	1690
f 1821 	1748 	1743
f 1961 	1705 	1996
f 1343 	1350 	2649
f 1713 	1807 	1729
f 1819 	1843 	1826
f 6178 	6442 	1841
f 1819 	2612 	1843
f 1807 	1713 	1846
f 1819 	1826 	1824
f 1807 	1846 	1808
f 1955 	1727 	1846
f 1965 	1808 	1846
f 1794 	1784 	1788
f 1787 	1794 	1788
f 1839 	1864 	1987
f 1756 	1965 	1727
f 1891 	1861 	1809
f 1783 	1788 	1784
f 1846 	1727 	1965
f 1851 	1877 	8006
f 1853 	1570 	1576
f 1721 	8006 	1877
f 1569 	1644 	1853
f 1853 	1644 	1570
f 1880 	1299 	1731
f 1845 	11369 	11373
f 1663 	1606 	1857
f 1845 	11373 	11406
f 1982 	1844 	439
f 1859 	1778 	1842
f 1848 	1970 	1852
f 1847 	2152 	1863
f 1423 	1482 	1836
f 1716 	603 	1861
f 1580 	1559 	1903
f 1864 	1839 	1840
f 1865 	1862 	470
f 1867 	1855 	1856
f 1559 	1905 	1903
f 1861 	1782 	1716
f 1847 	1867 	1848
f 12079 	1868 	491
f 1873 	1872 	1845
f 1856 	1848 	1867
f 1858 	1845 	1872
f 1423 	1836 	1403
f 1849 	1854 	1344
f 1870 	1861 	1866
f 1867 	1874 	1855
f 1836 	1482 	1864
f 1870 	1782 	1861
f 1872 	1873 	1871
f 1344 	1851 	1850
f 1872 	1871 	1858
f 1874 	1135 	1137
f 1823 	1857 	1937
f 1864 	1840 	1876
f 2631 	2620 	1875
f 1877 	1878 	1721
f 1534 	10573 	10572
f 1815 	2051 	1813
f 2048 	2051 	1815
f 1986 	1879 	1869
f 10572 	10571 	1534
f 1879 	1853 	1869
f 1916 	1891 	1841
f 1795 	1882 	1783
f 1847 	1863 	1127
f 1881 	1786 	1788
f 1132 	1847 	1127
f 1590 	1836 	1864
f 1874 	1847 	1132
f 1841 	6442 	1916
f 1874 	1867 	1847
f 1132 	1135 	1874
f 1590 	1876 	1883
f 1344 	1878 	1877
f 1883 	1567 	1590
f 1873 	1890 	1900
f 1883 	1887 	1691
f 1840 	1839 	1887
f 1878 	1344 	1880
f 1299 	1880 	1344
f 1876 	1840 	1887
f 1691 	2012 	2018
f 1783 	1881 	1788
f 1845 	1890 	1873
f 1887 	2012 	1691
f 450 	1862 	1868
f 1890 	1845 	1886
f 1889 	1856 	1855
f 1881 	1783 	1882
f 1865 	1984 	1868
f 1889 	1848 	1856
f 1344 	1877 	1851
f 1567 	1883 	1691
f 1894 	1884 	1996
f 1865 	1868 	1862
f 1191 	1895 	1199
f 11356 	1892 	1814
f 1887 	1883 	1876
f 470 	1844 	1865
f 1701 	1932 	1700
f 1874 	1895 	1896
f 470 	440 	1844
f 10643 	10573 	1534
f 1886 	1909 	1890
f 1996 	1790 	1775
f 1922 	1458 	1924
f 1889 	1855 	1896
f 1898 	1534 	1902
f 1890 	1904 	2249
f 1848 	1889 	1885
f 2891 	1534 	2901
f 1137 	1199 	1895
f 1869 	1853 	1901
f 1890 	2249 	1900
f 1895 	1874 	1137
f 2869 	1534 	1898
f 1871 	1900 	2249
f 1576 	1572 	1901
f 1874 	1896 	1855
f 1871 	1873 	1900
f 1576 	1901 	1853
f 1869 	1901 	1903
f 1201 	1097 	2054
f 10798 	10783 	2891
f 1906 	1905 	1807
f 2054 	1907 	1201
f 1088 	1610 	1793
f 1914 	1807 	1905
f 1912 	1913 	1915
f 1808 	1906 	1807
f 1041 	1610 	813
f 1609 	813 	1610
f 1889 	1896 	1915
f 1914 	1559 	1729
f 1915 	1885 	1889
f 1729 	1807 	1914
f 1905 	1869 	1903
f 1547 	1562 	1893
f 1890 	1918 	1904
f 1893 	1436 	1547
f 1763 	1793 	1928
f 1041 	1928 	1610
f 1793 	1610 	1928
f 1879 	1569 	1853
f 1894 	1562 	1884
f 1904 	1918 	2302
f 1910 	1294 	1919
f 1919 	1908 	1910
f 1861 	4651 	1866
f 1791 	1932 	1701
f 1919 	1294 	1923
f 1294 	1298 	1923
f 1175 	1763 	1924
f 1791 	1785 	1897
f 1911 	1814 	1925
f 1212 	180 	1920
f 1892 	1925 	1814
f 912 	2048 	1693
f 1925 	1921 	1911
f 1927 	1928 	1929
f 1915 	1920 	1926
f 1294 	1910 	1498
f 1692 	1693 	2048
f 1892 	10340 	1925
f 1791 	1897 	1932
f 1606 	1931 	1857
f 1909 	1917 	1918
f 1902 	1949 	1948
f 1931 	1527 	1526
f 1909 	1918 	1890
f 1912 	1915 	1926
f 1934 	1933 	1932
f 1899 	1938 	1964
f 1933 	1953 	1932
f 1920 	1939 	1212
f 1934 	1932 	1897
f 1899 	1950 	1938
f 1939 	1920 	1915
f 1942 	988 	1929
f 1930 	1942 	1929
f 1928 	1930 	1929
f 1897 	1978 	1934
f 1859 	1860 	1949
f 1894 	1893 	1562
f 1941 	1937 	1931
f 1569 	1879 	1562
f 1928 	1927 	1922
f 2670 	1922 	1927
f 1922 	1924 	1928
f 1763 	1928 	1924
f 1936 	1950 	1945
f 1936 	1945 	1962
f 1915 	1212 	1939
f 1948 	1949 	2135
f 1808 	2001 	1906
f 1903 	1572 	1580
f 1914 	1905 	1559
f 1952 	1946 	1972
f 1928 	1041 	1930
f 1903 	1901 	1572
f 1953 	1943 	3623
f 1778 	1949 	1902
f 1944 	1929 	1019
f 813 	1609 	1608
f 1542 	1902 	1534
f 1896 	1895 	1915
f 1523 	1946 	1952
f 1957 	1729 	1616
f 1957 	1713 	1729
f 1950 	1936 	1938
f 1535 	1523 	1952
f 1846 	1713 	1619
f 1959 	1935 	1945
f 1915 	2114 	1970
f 1957 	1619 	1713
f 1959 	2008 	1935
f 1846 	1619 	1955
f 1915 	1895 	1191
f 1611 	1480 	1680
f 171 	1212 	1915
f 1941 	1540 	1954
f 1955 	1680 	1727
f 1191 	171 	1915
f 1680 	1955 	1611
f 1945 	1950 	1959
f 1955 	1602 	1611
f 1932 	11854 	1700
f 11854 	1932 	1712
f 1908 	1919 	1964
f 1449 	1712 	1932
f 1908 	1962 	1945
f 1932 	1490 	1449
f 1526 	1540 	1941
f 1931 	1526 	1941
f 1908 	1964 	1962
f 1866 	1835 	1540
f 1540 	1870 	1866
f 1932 	1504 	1490
f 1954 	1540 	1835
f 1938 	1962 	1964
f 1938 	1936 	1962
f 1969 	1885 	1915
f 1848 	1885 	1969
f 1967 	1504 	1932
f 1970 	1848 	1969
f 3623 	1967 	1932
f 1902 	1797 	1778
f 1797 	1902 	1542
f 1768 	1976 	1785
f 1965 	1756 	1968
f 1977 	2045 	1941
f 1956 	1542 	1538
f 1978 	1897 	1785
f 1542 	1956 	1797
f 1976 	1943 	1953
f 1982 	1981 	1844
f 1971 	1940 	2112
f 1956 	1538 	1439
f 2271 	1981 	1982
f 1980 	1762 	1705
f 1705 	1961 	1980
f 1777 	2271 	1982
f 1762 	1980 	1968
f 1982 	1690 	1777
f 427 	1982 	439
f 1978 	1976 	1934
f 1976 	1978 	1785
f 1551 	2518 	2476
f 1961 	1960 	1980
f 1980 	1960 	1968
f 1934 	1976 	1933
f 1982 	1373 	1690
f 1971 	11429 	1940
f 1551 	1557 	1979
f 1960 	1965 	1968
f 1960 	1963 	1965
f 1976 	1953 	1933
f 1977 	1972 	2045
f 1768 	3621 	1943
f 1943 	1976 	1768
f 1985 	1879 	1986
f 1994 	1864 	1482
f 1984 	1865 	1844
f 1864 	1988 	1987
f 1985 	1884 	1879
f 1869 	1989 	1986
f 1915 	1970 	1969
f 1985 	1992 	1884
f 1844 	1981 	1984
f 1992 	1986 	1989
f 1985 	1986 	1992
f 1482 	1499 	1994
f 925 	958 	10727
f 1499 	1514 	1994
f 925 	1958 	892
f 1984 	1998 	1997
f 1992 	1996 	1884
f 1994 	1988 	1864
f 1988 	2000 	1987
f 2001 	1869 	1905
f 1989 	1869 	2001
f 2273 	2002 	1997
f 1994 	2344 	1988
f 2737 	1842 	1956
f 2003 	2320 	1898
f 1993 	1990 	1995
f 1994 	3774 	2344
f 1977 	4581 	1972
f 1778 	1859 	1949
f 1954 	1977 	1941
f 1839 	2000 	1887
f 1999 	1993 	2004
f 1839 	1987 	2000
f 1993 	2113 	1940
f 2003 	1898 	1902
f 1993 	1995 	2004
f 1959 	1950 	2072
f 1950 	2037 	2072
f 2008 	1959 	2072
f 1941 	2045 	1937
f 1995 	1990 	2571
f 1990 	2562 	2571
f 2010 	4554 	1954
f 1768 	3656 	3621
f 2010 	1954 	1835
f 1990 	11432 	1991
f 2203 	2222 	2198
f 1555 	2013 	1523
f 2004 	1995 	1973
f 2279 	1973 	1995
f 2267 	2284 	1995
f 1944 	1019 	1054
f 1995 	2284 	2279
f 2023 	2024 	2026
f 1990 	1993 	1940
f 2011 	2027 	2005
f 2008 	2173 	2156
f 1990 	1940 	11432
f 2018 	2011 	2005
f 1868 	1984 	1997
f 2012 	2011 	2018
f 10701 	10734 	2025
f 2001 	1905 	1906
f 1961 	1992 	1960
f 1992 	1963 	1960
f 2001 	2034 	1992
f 2013 	1946 	1523
f 1992 	1989 	2001
f 2072 	2037 	2038
f 2021 	2042 	2013
f 1992 	2039 	1963
f 1886 	2053 	1909
f 1886 	1833 	2053
f 1992 	1961 	1996
f 1996 	1893 	1894
f 1996 	1775 	1893
f 2041 	2039 	1992
f 1907 	2054 	2043
f 4411 	491 	2040
f 1808 	1963 	2039
f 2034 	2041 	1992
f 2013 	2042 	1946
f 2029 	2043 	2024
f 1808 	2034 	2001
f 2039 	2041 	1808
f 2036 	2632 	2405
f 1868 	2040 	491
f 1808 	2041 	2034
f 2040 	1997 	2002
f 1951 	1947 	2044
f 2024 	2023 	1239
f 1972 	2042 	2045
f 1947 	2046 	2044
f 2024 	1239 	2029
f 1950 	199 	2037
f 2142 	1966 	1983
f 1244 	1231 	2043
f 2042 	1972 	1946
f 2043 	2029 	1244
f 2037 	206 	4413
f 198 	209 	2037
f 897 	1966 	983
f 990 	2233 	1031
f 2017 	1031 	2233
f 1231 	1907 	2043
f 2050 	2049 	4408
f 2028 	2044 	2046
f 2050 	2040 	2075
f 2012 	2000 	2353
f 2050 	4408 	2040
f 2054 	2052 	2055
f 1887 	2000 	2012
f 2075 	2040 	2002
f 1848 	2152 	1847
f 1868 	1997 	2040
f 1848 	1852 	2152
f 1909 	2325 	1917
f 6604 	6599 	2051
f 912 	2047 	2048
f 2056 	3686 	3665
f 2098 	2031 	2030
f 1857 	1931 	1937
f 2047 	2065 	2048
f 1761 	1662 	2062
f 2061 	2057 	2058
f 1761 	1733 	1662
f 2048 	2065 	2084
f 2064 	2083 	2098
f 2063 	2064 	2098
f 2030 	2063 	2098
f 2031 	2098 	2068
f 2032 	2031 	2068
f 1861 	1891 	4630
f 2067 	2090 	2066
f 2072 	2173 	2008
f 1860 	1859 	2109
f 1861 	4630 	4651
f 2090 	2185 	2066
f 2069 	2109 	2070
f 2070 	2109 	2071
f 1860 	2077 	2078
f 2049 	2050 	2074
f 2215 	7174 	2076
f 2047 	1823 	2065
f 1860 	2069 	2077
f 2065 	1823 	1937
f 1937 	2045 	2065
f 2074 	2050 	2075
f 2081 	2062 	1662
f 2077 	2032 	2078
f 2068 	2078 	2032
f 1306 	3819 	2798
f 2019 	10696 	2020
f 794 	2081 	1662
f 2051 	2048 	2084
f 2084 	2093 	2051
f 10696 	2015 	2098
f 2014 	2098 	2015
f 2014 	2016 	2098
f 2143 	2098 	2016
f 706 	2094 	2081
f 2061 	2058 	2074
f 2045 	2042 	2065
f 2033 	2088 	2079
f 10696 	2086 	2015
f 2086 	10696 	2087
f 2089 	2088 	2033
f 2089 	2090 	2088
f 2089 	2091 	2090
f 3259 	2093 	2084
f 1970 	2114 	2059
f 2092 	2055 	2052
f 2052 	1863 	2152
f 2088 	2090 	2080
f 2065 	3259 	2084
f 2085 	1761 	2062
f 2085 	1822 	1761
f 2067 	2080 	2090
f 2079 	2088 	2080
f 1097 	1127 	2054
f 3051 	1491 	239
f 2054 	1127 	1863
f 3051 	239 	2189
f 1910 	1908 	2095
f 2093 	6604 	2051
f 1935 	2123 	2095
f 2098 	2269 	2068
f 1910 	2095 	1498
f 2079 	2044 	2028
f 1935 	2008 	2123
f 1945 	1935 	2095
f 1908 	1945 	2095
f 1817 	2085 	2108
f 2101 	2079 	2080
f 2108 	2056 	1817
f 2143 	2009 	2098
f 2101 	2053 	2079
f 2054 	1863 	2052
f 2028 	2033 	2079
f 2269 	1949 	1860
f 2104 	2105 	2100
f 2167 	1852 	1970
f 2062 	2081 	2136
f 2105 	2106 	2100
f 2043 	2054 	2055
f 2102 	1492 	1491
f 2136 	2108 	2085
f 2043 	2055 	2121
f 2100 	2106 	2097
f 1859 	1842 	2109
f 2111 	2109 	1842
f 2109 	2069 	1860
f 2121 	2055 	2125
f 2055 	2092 	2125
f 2109 	2107 	2071
f 1915 	2391 	2114
f 1289 	1398 	2130
f 1971 	1301 	2134
f 2109 	2110 	2116
f 2116 	2107 	2109
f 2118 	2028 	2046
f 140 	2120 	2119
f 2026 	2024 	2121
f 2121 	2024 	2043
f 2126 	2127 	2122
f 2008 	2156 	2124
f 2126 	2128 	2127
f 2124 	2131 	2123
f 2133 	2118 	2134
f 2105 	2104 	2119
f 1398 	2073 	2130
f 2132 	2118 	2133
f 2126 	2122 	2130
f 2096 	2099 	5667
f 1289 	2130 	2117
f 2085 	2062 	2136
f 5667 	2099 	2115
f 2130 	2122 	2117
f 2179 	2108 	2178
f 1860 	2078 	2269
f 2132 	2028 	2118
f 2132 	2033 	2028
f 2132 	2361 	2033
f 2361 	2314 	2033
f 894 	2139 	891
f 1301 	1971 	2113
f 894 	899 	2139
f 2142 	1983 	2035
f 2222 	2967 	2198
f 2133 	2358 	2132
f 2081 	2094 	2136
f 2134 	1322 	2133
f 2007 	2098 	2009
f 2144 	2145 	2036
f 2128 	2146 	2127
f 2123 	2141 	2095
f 2269 	2078 	2068
f 1825 	2141 	2123
f 2105 	2138 	2106
f 2139 	899 	5099
f 1799 	1654 	2141
f 2108 	2172 	2294
f 2141 	1825 	1796
f 2139 	5099 	5100
f 1796 	1799 	2141
f 2148 	2147 	2138
f 1498 	2141 	1503
f 2108 	2294 	2175
f 2179 	3729 	2108
f 2141 	1498 	2095
f 2138 	2105 	2151
f 2151 	2148 	2138
f 1301 	1322 	2134
f 2130 	2073 	2126
f 2700 	2139 	5100
f 2151 	2157 	2148
f 2119 	2151 	2105
f 2106 	2138 	2147
f 2120 	2137 	2157
f 2008 	2124 	2123
f 2154 	2320 	2155
f 2154 	2153 	2320
f 2113 	1531 	1394
f 2120 	2151 	2119
f 2120 	140 	2137
f 3851 	2117 	2122
f 1671 	1503 	2141
f 2151 	2120 	2157
f 2141 	1654 	1671
f 2158 	2161 	2162
f 2159 	2155 	2135
f 2160 	2162 	2161
f 149 	2137 	140
f 3686 	2056 	2108
f 2129 	2156 	2173
f 2320 	2135 	2155
f 2156 	2131 	2124
f 2131 	2156 	2129
f 2172 	2108 	2136
f 2059 	2158 	2167
f 2164 	2159 	2135
f 2158 	2162 	2167
f 2270 	2225 	2166
f 5631 	2170 	2036
f 2167 	1970 	2059
f 2161 	2092 	2052
f 1973 	2199 	2169
f 2167 	2152 	1852
f 2170 	5631 	2171
f 2261 	2260 	2166
f 2161 	2052 	2160
f 2052 	2152 	2160
f 2166 	2275 	2285
f 2225 	2261 	2166
f 2163 	2194 	2199
f 2162 	2152 	2167
f 2177 	2270 	2166
f 2162 	2160 	2152
f 2136 	2094 	2172
f 2395 	2158 	2391
f 2112 	2113 	1971
f 2161 	2125 	2092
f 2178 	2108 	2175
f 2171 	1458 	2170
f 1999 	2004 	2174
f 1940 	2113 	2112
f 2137 	149 	10100
f 2168 	2164 	2135
f 2191 	2137 	10100
f 2189 	239 	267
f 1174 	2171 	5631
f 1744 	1175 	5533
f 2149 	2186 	2135
f 2168 	2135 	2186
f 2184 	2194 	2163
f 7179 	7174 	2183
f 2087 	10696 	2190
f 2158 	2059 	2114
f 2183 	7174 	2215
f 2181 	2212 	2195
f 2199 	2194 	2334
f 3426 	2137 	2191
f 2214 	2195 	2212
f 2608 	2199 	2334
f 2195 	2214 	2228
f 2201 	2203 	2202
f 2608 	2169 	2199
f 2201 	2204 	2203
f 2158 	2205 	2161
f 2187 	2189 	267
f 2114 	2391 	2158
f 2207 	2230 	233
f 7185 	2175 	2188
f 2185 	2090 	2091
f 7185 	3735 	2179
f 2185 	2091 	2322
f 1971 	9252 	11429
f 2212 	2213 	2214
f 2165 	301 	4438
f 2145 	5685 	2036
f 237 	2218 	2200
f 2145 	2210 	5685
f 2220 	3399 	2232
f 2213 	2212 	4958
f 2212 	5877 	4958
f 2203 	2204 	2222
f 2221 	2222 	2204
f 2212 	2223 	5877
f 2211 	2257 	2298
f 2217 	2212 	2181
f 2212 	2217 	2223
f 2218 	237 	2220
f 2233 	2234 	2035
f 2207 	2200 	2232
f 2221 	2231 	2222
f 2231 	2235 	2222
f 2200 	2218 	2220
f 2239 	2222 	2235
f 2076 	2211 	2215
f 2211 	1667 	2247
f 2235 	2238 	2239
f 2234 	2142 	2035
f 2217 	5877 	2223
f 2238 	2243 	2239
f 2242 	2216 	2245
f 1141 	4842 	2233
f 2007 	2006 	2967
f 2246 	2247 	1667
f 2220 	2232 	2200
f 2197 	2202 	2203
f 2006 	2198 	2967
f 2248 	2246 	1675
f 2236 	2237 	2278
f 2197 	2203 	2198
f 2227 	2226 	2967
f 2137 	2230 	2207
f 2209 	2967 	2219
f 2226 	2219 	2967
f 1904 	2302 	2249
f 2079 	2053 	1833
f 2182 	2102 	2103
f 2242 	2258 	2257
f 2079 	1833 	2044
f 2251 	2182 	2103
f 2255 	1736 	1744
f 2251 	2176 	2182
f 2248 	2247 	2246
f 2098 	2007 	2967
f 2018 	2247 	2248
f 1833 	1947 	1951
f 1951 	2044 	1833
f 2256 	2254 	2250
f 2258 	2216 	2257
f 2222 	2239 	2967
f 2243 	2241 	2239
f 2247 	2257 	2211
f 2229 	2227 	2967
f 1926 	1920 	2256
f 2245 	2258 	2242
f 2295 	2298 	2257
f 2216 	2295 	2257
f 2066 	2249 	2302
f 2229 	2967 	2240
f 1912 	1926 	2256
f 2216 	2258 	2245
f 2173 	2038 	2057
f 2967 	2239 	2241
f 2173 	2072 	2038
f 2241 	2240 	2967
f 2192 	3000 	2193
f 2193 	3001 	2262
f 2261 	2225 	2259
f 2260 	2261 	2259
f 2292 	2967 	2263
f 2253 	2503 	2252
f 2256 	2250 	1913
f 2256 	1913 	1912
f 1599 	1578 	2268
f 1578 	2254 	2268
f 2254 	2333 	2244
f 2271 	1777 	1776
f 2315 	2270 	2177
f 2254 	1623 	2312
f 2098 	2967 	2269
f 2060 	1314 	2177
f 2273 	2173 	2274
f 2278 	1973 	2279
f 2057 	2061 	2274
f 2209 	2208 	2967
f 2018 	2005 	2280
f 2276 	2269 	2277
f 2173 	2057 	2274
f 1281 	2285 	2275
f 2074 	2274 	2061
f 2075 	2274 	2074
f 1332 	1328 	2259
f 2288 	2278 	2237
f 2276 	2281 	2269
f 1328 	2319 	2259
f 2282 	2269 	2281
f 2216 	2326 	2327
f 2075 	2002 	2274
f 2275 	2166 	2260
f 2278 	2279 	2284
f 2274 	2002 	2273
f 2267 	2236 	2278
f 2277 	2967 	2283
f 2267 	2278 	2284
f 2184 	2286 	2185
f 1998 	2271 	1997
f 1984 	2271 	1998
f 2163 	1871 	2249
f 1281 	2275 	1267
f 2271 	1984 	1981
f 2184 	2163 	2286
f 2278 	2199 	1973
f 2280 	3813 	2242
f 9877 	2097 	2272
f 2285 	1281 	1284
f 2278 	2288 	2199
f 2255 	5638 	2224
f 1332 	2259 	2225
f 2288 	2163 	2199
f 2293 	2172 	2094
f 2192 	2263 	2967
f 2294 	2293 	2295
f 2264 	3008 	2296
f 2293 	2298 	2295
f 1871 	2163 	2288
f 2292 	2291 	2967
f 2286 	2066 	2185
f 2967 	2291 	2283
f 2268 	2256 	180
f 2293 	2294 	2172
f 2286 	2249 	2066
f 2268 	180 	1599
f 2296 	3008 	2299
f 2286 	2163 	2249
f 2254 	2312 	2333
f 2297 	11657 	2265
f 2271 	1776 	1997
f 2297 	2299 	11657
f 2266 	2265 	11657
f 2294 	2295 	2321
f 2036 	2170 	2300
f 2066 	2302 	2067
f 2293 	2211 	2298
f 2094 	2211 	2293
f 2328 	2067 	2302
f 2294 	2321 	2175
f 2302 	1918 	2328
f 2670 	2667 	1458
f 2254 	2256 	2268
f 1920 	180 	2256
f 2306 	2305 	2311
f 1997 	1829 	2273
f 2101 	2080 	2309
f 2060 	1306 	1314
f 2255 	1744 	2180
f 2310 	2311 	2305
f 1744 	5533 	2180
f 2247 	2280 	2257
f 2309 	2053 	2101
f 2315 	2177 	1314
f 2257 	2280 	2242
f 2255 	2180 	5638
f 2053 	2309 	2324
f 2247 	2018 	2280
f 2316 	2306 	2320
f 2318 	1277 	1267
f 2275 	2318 	1267
f 2171 	1174 	1458
f 2317 	2316 	2320
f 2335 	2273 	1829
f 2328 	2324 	2309
f 1458 	2300 	2170
f 2295 	2216 	2321
f 2311 	2320 	2306
f 2215 	2211 	2094
f 1829 	1997 	1776
f 2320 	2153 	2317
f 2215 	2094 	2183
f 2322 	2089 	2033
f 2033 	2314 	2322
f 2175 	2321 	2188
f 1927 	1929 	2676
f 1622 	2312 	1623
f 2091 	2089 	2322
f 2251 	3091 	2165
f 1944 	2674 	1929
f 2309 	2080 	2067
f 2312 	1622 	2313
f 2667 	2670 	2676
f 2320 	2311 	1898
f 2323 	2313 	1622
f 2053 	2324 	1909
f 2307 	2412 	2310
f 2324 	2325 	1909
f 2327 	2326 	7190
f 2328 	2325 	2324
f 2310 	2308 	2307
f 2129 	3233 	2131
f 2305 	2304 	2310
f 2308 	2310 	2304
f 2335 	2360 	2129
f 2330 	1702 	2329
f 2129 	2273 	2335
f 2067 	2328 	2309
f 2331 	2329 	1702
f 1622 	2455 	2323
f 1917 	2328 	1918
f 1709 	593 	1702
f 1706 	1702 	2330
f 2321 	2327 	7190
f 1917 	2325 	2328
f 2314 	2332 	2322
f 2244 	2333 	2313
f 2333 	2312 	2313
f 2314 	1317 	2332
f 1759 	2487 	2484
f 1311 	1317 	2314
f 2003 	1902 	2135
f 1902 	1948 	2135
f 2244 	2313 	2323
f 2844 	2123 	2131
f 2844 	1825 	2123
f 2318 	2275 	2260
f 2318 	2260 	2319
f 2289 	2290 	9593
f 2216 	2327 	2321
f 2259 	2319 	2260
f 2331 	1702 	593
f 2289 	9593 	2252
f 2315 	1332 	2225
f 2270 	2315 	2225
f 2338 	2697 	1806
f 524 	1806 	2697
f 2337 	2338 	1806
f 2336 	2337 	1806
f 2696 	2608 	2334
f 2336 	1806 	2343
f 2342 	2343 	1806
f 2509 	285 	2340
f 2194 	2184 	2334
f 7604 	1806 	524
f 2340 	9596 	2341
f 1466 	2696 	2334
f 2323 	2348 	2244
f 1314 	1349 	2315
f 1622 	2597 	2432
f 2135 	2320 	2003
f 2346 	2322 	2380
f 2350 	2253 	285
f 2349 	300 	320
f 2012 	2351 	2011
f 1915 	1913 	2352
f 2349 	2350 	300
f 2351 	2012 	2353
f 2352 	1913 	2250
f 1362 	2318 	2319
f 2421 	2423 	2350
f 2353 	1988 	2344
f 2353 	2344 	2356
f 2000 	1988 	2353
f 3233 	2129 	2360
f 2253 	2350 	2355
f 2361 	2358 	1414
f 2352 	2250 	2357
f 2357 	2354 	2352
f 2358 	2133 	1322
f 2356 	2351 	2353
f 2244 	2363 	2254
f 2351 	2027 	2011
f 2132 	2358 	2361
f 2363 	2244 	2348
f 2384 	2367 	2359
f 2005 	2027 	2351
f 2357 	2250 	2254
f 3654 	2005 	2351
f 2184 	2185 	2334
f 2357 	2254 	2363
f 1401 	2334 	2185
f 2345 	1401 	2185
f 2360 	2339 	2362
f 2339 	2373 	2362
f 2372 	2506 	2388
f 1612 	2345 	2374
f 2346 	2374 	2345
f 2377 	1313 	2376
f 2372 	2388 	2385
f 2383 	892 	2371
f 1328 	1358 	2319
f 2369 	2965 	2370
f 2377 	1317 	1313
f 1684 	2378 	1819
f 1313 	2380 	2376
f 2368 	2366 	1949
f 2366 	2365 	1949
f 2135 	1949 	2365
f 2380 	1313 	2346
f 1684 	1685 	2378
f 1031 	2017 	2629
f 2632 	2629 	2017
f 2017 	2379 	2632
f 2380 	2322 	2376
f 1362 	1632 	2359
f 2374 	2346 	1313
f 2965 	2369 	2381
f 2035 	2379 	2233
f 1409 	2117 	1463
f 2383 	2379 	2035
f 1239 	2382 	1668
f 1317 	2377 	2332
f 2965 	2381 	1949
f 2368 	1949 	2381
f 2035 	1983 	2383
f 2376 	2322 	2332
f 2150 	2149 	2135
f 2376 	2332 	2377
f 2365 	2364 	2135
f 2364 	2150 	2135
f 1313 	1598 	2374
f 2374 	1598 	1612
f 2360 	2335 	2339
f 1310 	1311 	2314
f 2384 	2359 	1632
f 2375 	1678 	2974
f 2350 	285 	300
f 1632 	1616 	2384
f 2314 	2361 	1310
f 2362 	3233 	2360
f 2345 	2185 	2346
f 2362 	2373 	2404
f 2185 	2322 	2346
f 2382 	1239 	2023
f 2404 	2373 	2339
f 2382 	2023 	2413
f 1983 	1966 	2383
f 2379 	2017 	2233
f 2121 	2413 	2026
f 285 	2509 	307
f 1678 	2375 	2378
f 2378 	1685 	1678
f 2383 	1966 	897
f 2657 	2389 	2390
f 2269 	2401 	2965
f 2383 	897 	892
f 2391 	1915 	2352
f 1054 	1031 	2687
f 2173 	2273 	2129
f 2629 	2687 	1031
f 260 	2349 	320
f 2397 	2350 	2349
f 2350 	2397 	2421
f 2355 	2350 	2423
f 2394 	2269 	2393
f 2282 	2393 	2269
f 2391 	2354 	2395
f 2423 	2425 	2355
f 2472 	827 	2398
f 2352 	2354 	2391
f 2400 	2965 	2401
f 2269 	2394 	2401
f 2357 	2726 	2395
f 2370 	2965 	2400
f 2399 	3072 	10561
f 2303 	2339 	2335
f 2357 	2395 	2354
f 2144 	2036 	2405
f 2955 	2310 	2412
f 2413 	2409 	2382
f 260 	2397 	2349
f 3029 	2417 	2415
f 3029 	2415 	2407
f 2418 	2411 	3410
f 2403 	2422 	2416
f 2026 	2413 	2023
f 2418 	2410 	2411
f 2412 	2424 	2955
f 2419 	2955 	2424
f 2410 	2418 	2420
f 2445 	1426 	1345
f 2272 	2425 	2423
f 2426 	2402 	2408
f 1345 	1595 	2445
f 2427 	2125 	2161
f 2414 	2371 	1974
f 2385 	2438 	486
f 2125 	2427 	2121
f 2385 	486 	522
f 2678 	2460 	1596
f 2427 	2205 	2703
f 486 	2438 	2398
f 2161 	2205 	2427
f 2430 	2688 	1596
f 2414 	2600 	2383
f 486 	2398 	827
f 2414 	2383 	2371
f 2399 	2429 	2387
f 2429 	2452 	10680
f 2796 	2561 	974
f 10347 	2567 	1820
f 2438 	2385 	2439
f 2436 	2434 	2437
f 10712 	2437 	2434
f 2441 	2453 	2403
f 2441 	2403 	2416
f 2323 	2455 	2348
f 2734 	2363 	2348
f 2339 	2303 	2404
f 2435 	2434 	2433
f 2357 	2363 	2735
f 2734 	2735 	2363
f 2460 	2445 	1595
f 1595 	1596 	2460
f 2443 	2944 	2408
f 2449 	1426 	2445
f 2539 	2434 	2440
f 2431 	2443 	2408
f 2434 	2436 	2440
f 2402 	2431 	2408
f 2097 	2425 	2272
f 2421 	2272 	2423
f 2448 	2375 	2974
f 2445 	2451 	2449
f 2421 	2397 	2272
f 2460 	2451 	2445
f 2448 	2378 	2375
f 2441 	2544 	2546
f 2386 	10588 	2483
f 2496 	2641 	2447
f 2448 	2447 	2641
f 2651 	2652 	2449
f 2428 	2441 	2416
f 2422 	2428 	2416
f 2429 	2399 	2452
f 2422 	2390 	2428
f 2378 	2448 	1819
f 2106 	2463 	2097
f 2456 	2528 	2454
f 2454 	2457 	2456
f 2443 	2431 	2582
f 2478 	2432 	2641
f 2677 	2460 	2678
f 2465 	2459 	2496
f 2390 	2392 	2441
f 2386 	2483 	2490
f 2683 	2681 	2460
f 2425 	2097 	2461
f 2684 	2683 	2460
f 2425 	2461 	2355
f 2441 	2428 	2390
f 2680 	2701 	2460
f 2461 	2463 	2749
f 2096 	5667 	2396
f 2385 	2464 	2439
f 2458 	2459 	2465
f 2458 	2465 	2466
f 2461 	2097 	2463
f 2388 	2464 	2385
f 2678 	1596 	2688
f 2463 	2106 	2147
f 2688 	2430 	2695
f 2467 	2466 	2465
f 2398 	2471 	2472
f 2470 	2512 	2468
f 2466 	2465 	2462
f 2465 	2466 	2975
f 2387 	2512 	2470
f 2455 	2734 	2348
f 2387 	2470 	2399
f 2575 	395 	259
f 2515 	2471 	2398
f 1557 	1551 	2476
f 2481 	2482 	2480
f 2479 	2480 	2482
f 2479 	2484 	2485
f 2479 	2485 	2480
f 2484 	2487 	2485
f 2466 	2467 	2458
f 2459 	2458 	2467
f 2472 	2515 	2473
f 2492 	2493 	2479
f 2459 	2462 	2641
f 2458 	2462 	2459
f 2493 	2484 	2479
f 2491 	2476 	2518
f 2523 	610 	926
f 2458 	2466 	2462
f 2494 	2492 	2479
f 2473 	2523 	926
f 1553 	2476 	2491
f 2463 	2147 	2759
f 2463 	2759 	2749
f 2469 	2495 	2486
f 2475 	2469 	2486
f 2467 	2496 	2459
f 1600 	2491 	2430
f 2641 	2496 	2459
f 2496 	2447 	2458
f 2459 	2496 	2458
f 2448 	2466 	2447
f 2458 	2447 	2466
f 2975 	2466 	2448
f 2484 	2493 	2499
f 2523 	2473 	2497
f 1749 	1750 	2499
f 2520 	2488 	2483
f 2448 	2974 	2975
f 2749 	2994 	2498
f 2483 	2488 	2490
f 2253 	2355 	2503
f 2472 	902 	827
f 2530 	1643 	1388
f 2501 	2494 	2479
f 2482 	2501 	2479
f 2448 	2447 	2467
f 2496 	2467 	2447
f 1640 	2530 	1388
f 2224 	2287 	132
f 1640 	1635 	2530
f 2489 	2505 	2488
f 2519 	2224 	132
f 2461 	2503 	2355
f 2399 	2386 	2490
f 2519 	2255 	2224
f 2478 	2641 	2500
f 1413 	1643 	2530
f 2505 	2490 	2488
f 1413 	2530 	1728
f 2452 	2399 	2490
f 2452 	2490 	2505
f 2777 	2517 	1979
f 376 	2506 	2372
f 2506 	2864 	2388
f 2513 	2813 	307
f 2482 	255 	2507
f 2508 	2482 	2507
f 2510 	2482 	2508
f 2340 	9592 	2509
f 2510 	2501 	2482
f 2504 	2502 	2468
f 2516 	1736 	2255
f 2481 	2511 	2482
f 2475 	2486 	2474
f 2468 	2512 	2504
f 1551 	2517 	2518
f 2550 	945 	2514
f 2471 	2515 	2472
f 2477 	2486 	2495
f 2520 	2433 	2434
f 2491 	2518 	2517
f 2443 	2545 	2521
f 2483 	10588 	2520
f 2443 	2554 	2545
f 2475 	2474 	2724
f 1551 	1979 	2517
f 2522 	641 	642
f 2516 	2255 	2519
f 2520 	2435 	2433
f 642 	644 	2522
f 2516 	1810 	1736
f 2525 	2527 	2524
f 136 	321 	2519
f 2516 	483 	1810
f 2522 	2529 	641
f 2531 	1728 	2530
f 1285 	2524 	1273
f 2520 	2539 	2488
f 2520 	10753 	2435
f 1607 	2530 	1604
f 2652 	2852 	2449
f 1607 	2449 	2852
f 2527 	2539 	2440
f 2527 	2440 	3161
f 2528 	2533 	2538
f 2530 	2812 	2805
f 2528 	2538 	2450
f 2812 	2530 	1607
f 2524 	2527 	3161
f 2538 	2533 	2536
f 2514 	363 	335
f 2450 	2454 	2528
f 964 	2506 	376
f 2539 	2489 	2488
f 2522 	2526 	2529
f 2523 	2529 	2526
f 2541 	2864 	2506
f 2505 	2539 	2527
f 2513 	307 	2509
f 2301 	2509 	9592
f 2539 	2505 	2489
f 2543 	2509 	2301
f 2529 	2497 	904
f 2525 	2505 	2527
f 2535 	2443 	2521
f 2434 	2539 	2520
f 2456 	7316 	2528
f 1448 	2449 	1604
f 2535 	2544 	2534
f 1285 	2452 	2524
f 2543 	2513 	2509
f 2449 	1607 	1604
f 1448 	1354 	2449
f 2525 	2524 	2452
f 964 	2541 	2506
f 2528 	2923 	2533
f 2452 	2505 	2525
f 964 	945 	2541
f 2873 	2450 	2538
f 2545 	2544 	2535
f 2749 	2498 	2595
f 1014 	2828 	2547
f 2837 	2836 	2531
f 2545 	2546 	2544
f 1014 	2823 	2828
f 2923 	2536 	2533
f 2545 	2554 	2546
f 2564 	2534 	2544
f 2541 	2550 	2542
f 1842 	2549 	2548
f 1911 	10308 	10305
f 1911 	10346 	10308
f 2541 	945 	2550
f 4226 	2552 	2540
f 2547 	2550 	2514
f 2535 	2521 	2545
f 2614 	2613 	1842
f 2528 	2870 	2872
f 2540 	2552 	566
f 2514 	936 	2547
f 2551 	1842 	2548
f 581 	6457 	2540
f 2634 	1734 	1725
f 5648 	6468 	581
f 2529 	2523 	2497
f 2555 	2563 	2585
f 1734 	2626 	7533
f 2554 	2594 	2586
f 2587 	1993 	2553
f 6468 	6457 	581
f 1991 	2562 	1990
f 2556 	1956 	2557
f 2287 	581 	132
f 1734 	7533 	6936
f 2501 	2480 	2494
f 2563 	2553 	1999
f 2566 	1758 	2565
f 2553 	1993 	1999
f 2553 	2563 	2555
f 1764 	1758 	2566
f 2441 	2392 	2564
f 2564 	2544 	2441
f 936 	1014 	2547
f 2607 	2566 	2565
f 2493 	2492 	2480
f 2492 	2494 	2480
f 2501 	2510 	2480
f 2481 	2480 	2510
f 2487 	2493 	2485
f 2480 	2485 	2493
f 2547 	2542 	2550
f 2689 	2563 	1999
f 2534 	2564 	2694
f 2493 	2487 	2499
f 1749 	2499 	1759
f 2562 	2573 	2571
f 2487 	1759 	2499
f 2828 	2542 	2547
f 2507 	2511 	2508
f 2510 	2508 	2481
f 2481 	2508 	2511
f 1760 	7554 	2574
f 2565 	1760 	2574
f 10347 	10345 	2568
f 2567 	10347 	2568
f 397 	255 	2511
f 2582 	2554 	2443
f 2580 	2581 	1821
f 2290 	2289 	2576
f 1341 	2553 	2555
f 2578 	1818 	2579
f 1739 	2580 	1821
f 2594 	2453 	2586
f 1342 	2587 	2553
f 397 	2511 	394
f 2579 	1820 	2567
f 2453 	2441 	2586
f 1739 	1826 	2580
f 2563 	2689 	2585
f 1843 	2590 	1826
f 2643 	2644 	2396
f 2591 	1821 	2581
f 2592 	2572 	10345
f 2036 	2300 	2669
f 2543 	2301 	2588
f 2581 	2615 	2591
f 2671 	2036 	2669
f 2589 	2543 	2588
f 2591 	2593 	1821
f 2546 	2554 	2586
f 2396 	2405 	2648
f 2596 	2594 	2554
f 2289 	2603 	2576
f 2686 	2687 	2036
f 2598 	2405 	2632
f 2600 	2405 	2599
f 2587 	2113 	1993
f 2557 	1837 	2577
f 2289 	2252 	2595
f 2099 	2096 	359
f 2577 	1837 	2583
f 1837 	2584 	2583
f 2602 	2601 	1361
f 2603 	2595 	2498
f 2606 	1818 	2578
f 1466 	2601 	2696
f 2604 	1875 	2606
f 2570 	10345 	2572
f 2594 	2605 	2453
f 2592 	10345 	2609
f 2608 	2601 	2169
f 2601 	1973 	2169
f 2610 	2607 	2565
f 2559 	2561 	2796
f 2289 	2595 	2603
f 2611 	2609 	10345
f 2610 	7559 	2607
f 2610 	2565 	2574
f 2580 	2615 	2581
f 2252 	2503 	2595
f 2613 	2111 	1842
f 2110 	2109 	2111
f 2615 	2590 	2612
f 2616 	2603 	2617
f 2551 	2614 	1842
f 2603 	3017 	2617
f 2590 	2615 	1826
f 1341 	2555 	2585
f 2612 	2590 	1843
f 1341 	1342 	2553
f 2596 	2554 	2582
f 2622 	2594 	2596
f 2612 	1819 	2448
f 2585 	1361 	1509
f 2591 	2432 	2597
f 2591 	2597 	2593
f 2599 	2598 	2383
f 2597 	1798 	2593
f 2622 	2605 	2594
f 2379 	2383 	2598
f 1826 	2615 	2580
f 2623 	2584 	1837
f 2625 	2716 	2624
f 2597 	1747 	1798
f 2300 	2666 	2669
f 2582 	2622 	2596
f 2447 	2448 	2465
f 2623 	1837 	2619
f 2622 	3007 	2605
f 2632 	2036 	2629
f 1818 	2606 	1875
f 2621 	1875 	2604
f 2599 	2405 	2598
f 2621 	2631 	1875
f 2598 	2632 	2379
f 2620 	2619 	1875
f 2500 	2462 	2627
f 2628 	2624 	2630
f 1837 	1875 	2619
f 2478 	2500 	2627
f 2626 	1734 	2634
f 2627 	2462 	2633
f 2686 	2036 	2672
f 2441 	2546 	2586
f 2629 	2036 	2687
f 2605 	3007 	2745
f 2602 	1361 	2585
f 2690 	2757 	2634
f 2673 	2432 	2478
f 2383 	2600 	2599
f 2673 	2455 	2432
f 2585 	1509 	1341
f 2591 	2641 	2432
f 2491 	2695 	2430
f 2096 	2396 	2644
f 2448 	2467 	2633
f 2642 	2491 	2637
f 2498 	2991 	2603
f 2496 	2447 	2465
f 2575 	2096 	2644
f 2603 	2991 	3017
f 2639 	2640 	2491
f 2642 	2639 	2491
f 2633 	2465 	2448
f 2576 	2616 	2718
f 2636 	2630 	2624
f 2612 	2448 	2641
f 2649 	2566 	3524
f 2576 	2603 	2616
f 2641 	2591 	2615
f 2396 	2648 	2643
f 2649 	1764 	2566
f 2462 	2500 	2641
f 2405 	2650 	2648
f 2405 	2600 	2650
f 2625 	2559 	2685
f 2615 	2612 	2641
f 2685 	2716 	2625
f 2633 	2467 	2465
f 2633 	2462 	2465
f 1382 	2587 	1342
f 2645 	2959 	2647
f 2587 	1382 	2113
f 2644 	2414 	2575
f 2643 	2414 	2644
f 2643 	2648 	2414
f 2654 	2301 	2656
f 1382 	1531 	2113
f 2628 	2625 	2624
f 2600 	2414 	2650
f 2648 	2650 	2414
f 2301 	9592 	2656
f 2390 	2389 	2679
f 2658 	2659 	2660
f 2113 	1387 	1301
f 2390 	2679 	2392
f 2601 	2602 	2174
f 2667 	2666 	2300
f 2300 	1458 	2667
f 2672 	2036 	2671
f 2478 	2627 	2673
f 2662 	2655 	2451
f 2676 	1929 	2674
f 2627 	2633 	2673
f 2449 	2451 	2655
f 2671 	2669 	2676
f 2667 	2676 	2666
f 2666 	2676 	2669
f 9593 	2290 	2668
f 1927 	2676 	2670
f 2671 	2674 	2672
f 2680 	2460 	2681
f 2661 	2675 	2990
f 2676 	2674 	2671
f 1944 	2672 	2674
f 2389 	2657 	2679
f 2677 	2684 	2460
f 2672 	1944 	2686
f 2004 	1973 	2601
f 2601 	2174 	2004
f 2686 	1944 	2687
f 1054 	2687 	1944
f 1387 	2113 	1394
f 2564 	2392 	2679
f 2673 	6051 	6047
f 2647 	2646 	7679
f 2649 	1350 	1233
f 2602 	2585 	2174
f 2329 	7849 	2330
f 2331 	7849 	2329
f 1706 	2330 	7849
f 2174 	2585 	2689
f 2635 	2690 	2634
f 1999 	2174 	2689
f 7849 	2331 	593
f 2334 	1401 	1466
f 2337 	2336 	2343
f 2491 	2692 	2691
f 2338 	2337 	2342
f 2343 	2342 	2337
f 2608 	2696 	2601
f 2491 	2691 	2695
f 2342 	1806 	2698
f 1810 	10988 	2699
f 2693 	891 	2139
f 2693 	888 	891
f 2701 	2451 	2460
f 1629 	1361 	2601
f 2345 	1612 	1613
f 2345 	1613 	1401
f 2701 	2662 	2451
f 2181 	2195 	2703
f 10988 	1810 	483
f 2665 	2449 	2706
f 2719 	2708 	2668
f 321 	323 	2516
f 2708 	2682 	2668
f 2707 	2706 	2449
f 2096 	2575 	259
f 2714 	2217 	2181
f 2713 	2449 	2655
f 2158 	2395 	2714
f 2707 	2449 	2713
f 2705 	2710 	7713
f 2653 	2651 	2449
f 2576 	2719 	2290
f 2449 	2663 	2653
f 2453 	2721 	2403
f 2668 	2290 	2719
f 7439 	2403 	2721
f 2664 	2449 	2665
f 2722 	2449 	2664
f 2453 	2605 	2721
f 2729 	2449 	2722
f 2745 	2721 	2605
f 2205 	2158 	2714
f 2475 	2724 	2469
f 2469 	2724 	2720
f 2723 	2663 	2449
f 2576 	2718 	2719
f 2703 	2714 	2181
f 2729 	2723 	2449
f 2732 	2730 	2477
f 2730 	2486 	2477
f 2640 	2725 	2491
f 2733 	2738 	2731
f 2205 	2714 	2703
f 2692 	2491 	2725
f 2717 	2624 	2716
f 2734 	2455 	3117
f 2708 	2719 	2733
f 2721 	2745 	2705
f 2474 	2486 	2730
f 2721 	2705 	7671
f 2718 	2738 	2733
f 2398 	2736 	2515
f 2742 	2357 	2735
f 2705 	2741 	2710
f 2718 	2733 	2719
f 2096 	259 	359
f 2741 	2830 	2710
f 2438 	2743 	2736
f 1842 	2737 	2744
f 2745 	2740 	2741
f 3007 	2740 	2745
f 2398 	2438 	2736
f 330 	2811 	329
f 1725 	1801 	2804
f 2804 	2634 	1725
f 2549 	1842 	2744
f 2705 	2745 	2741
f 2936 	2736 	2743
f 2737 	1956 	2739
f 2747 	2739 	1956
f 2748 	2712 	2709
f 1825 	2856 	1796
f 2461 	2749 	2503
f 2754 	1796 	2856
f 1837 	2557 	1956
f 2503 	2749 	2595
f 2754 	2751 	1796
f 1956 	2556 	2747
f 2726 	2357 	2742
f 2726 	2742 	2755
f 2697 	2338 	2698
f 2342 	2698 	2338
f 524 	2697 	2698
f 2699 	524 	2698
f 2735 	2969 	2752
f 10988 	524 	2699
f 1979 	2776 	2777
f 2755 	2742 	2752
f 2751 	2754 	2702
f 2786 	2517 	2777
f 2638 	2637 	2517
f 2714 	2769 	2217
f 2881 	2886 	2750
f 2742 	2735 	2752
f 2769 	2714 	2395
f 2630 	2636 	2882
f 2762 	2768 	2774
f 2726 	2755 	2769
f 1683 	2770 	1979
f 851 	904 	2775
f 2769 	2395 	2726
f 2776 	1979 	2770
f 2759 	2994 	2749
f 2760 	2148 	2781
f 2756 	2645 	2773
f 2931 	2157 	2137
f 2148 	2931 	2781
f 2931 	2928 	2760
f 2778 	2785 	2784
f 2788 	2785 	2778
f 2148 	2760 	2759
f 2759 	2147 	2148
f 2817 	2785 	2788
f 2789 	2791 	2768
f 1681 	2790 	1683
f 2770 	1683 	2771
f 2771 	1683 	2790
f 2491 	2517 	2637
f 2517 	2793 	2638
f 7811 	2787 	2645
f 2775 	974 	343
f 2517 	2786 	2793
f 2766 	2772 	1681
f 2766 	1681 	2767
f 3795 	2757 	3577
f 2772 	2790 	1681
f 2775 	2796 	974
f 2796 	2775 	2819
f 3059 	2764 	2763
f 2767 	3059 	2765
f 2763 	2765 	3059
f 168 	2795 	2798
f 2818 	2829 	2751
f 3059 	2799 	2764
f 2800 	2794 	2780
f 2883 	2794 	2800
f 2635 	2634 	2804
f 2635 	2804 	2818
f 2808 	2811 	2792
f 2807 	2806 	2805
f 2783 	2785 	2782
f 2821 	2805 	2806
f 1801 	2829 	2804
f 2800 	2782 	2817
f 2805 	2812 	2807
f 2809 	2807 	2812
f 2809 	2812 	2810
f 3642 	2791 	2789
f 2780 	2782 	2800
f 2757 	2690 	2815
f 2812 	2814 	2810
f 2785 	2867 	2784
f 2815 	3580 	2757
f 2800 	2788 	2778
f 2788 	2800 	2817
f 2690 	2635 	2818
f 851 	2775 	343
f 2782 	2785 	2817
f 2751 	2690 	2818
f 2758 	2746 	2820
f 2850 	2531 	2805
f 2824 	2850 	2805
f 2795 	2827 	2758
f 2805 	2821 	2824
f 2829 	1801 	1816
f 2818 	2804 	2829
f 2812 	2831 	2814
f 1816 	2751 	2829
f 2823 	2822 	2778
f 1607 	2852 	2812
f 2832 	2812 	2833
f 2832 	2831 	2812
f 2789 	2768 	2779
f 7998 	2710 	2830
f 2779 	2768 	2762
f 2795 	123 	2827
f 2815 	2690 	2751
f 2854 	2839 	2846
f 2815 	2751 	2702
f 2775 	2839 	2819
f 2531 	2530 	2805
f 2778 	2822 	2800
f 2685 	2559 	2796
f 2935 	2934 	2762
f 2838 	2531 	2840
f 2846 	2839 	2849
f 2775 	2497 	2849
f 2839 	2775 	2849
f 2717 	2716 	2796
f 2833 	2812 	2852
f 2717 	2796 	2990
f 2796 	2716 	2685
f 8515 	2797 	8565
f 2837 	2531 	2838
f 2823 	2778 	2784
f 2797 	8515 	2914
f 2914 	2847 	2797
f 2628 	2882 	949
f 2628 	2630 	2882
f 2850 	2843 	2531
f 2843 	2840 	2531
f 2836 	2834 	2531
f 3071 	2834 	2802
f 2844 	2842 	2856
f 3071 	2531 	2834
f 2844 	2856 	1825
f 2914 	8623 	2847
f 2856 	2842 	3663
f 2797 	2847 	2915
f 2775 	904 	2497
f 2845 	2851 	2848
f 2727 	2816 	2826
f 2851 	2857 	2863
f 2858 	2727 	2825
f 2854 	2819 	2839
f 2851 	2863 	2835
f 2727 	2826 	2825
f 2728 	2727 	2858
f 2860 	2939 	2388
f 2819 	2865 	2866
f 2388 	2864 	2860
f 2819 	2854 	2865
f 2847 	2874 	2915
f 2842 	3669 	3663
f 2813 	2589 	2792
f 2811 	2813 	2792
f 2589 	2813 	2543
f 2756 	2773 	2787
f 2645 	2787 	2773
f 330 	325 	2813
f 2474 	2730 	2890
f 2857 	2851 	2845
f 2970 	2704 	2857
f 2869 	1898 	2871
f 2864 	2542 	2828
f 2828 	2823 	2864
f 2863 	2857 	2704
f 2823 	2784 	2860
f 2823 	2860 	2864
f 2803 	2863 	2704
f 2875 	2869 	2868
f 2864 	2541 	2542
f 2869 	2875 	2901
f 2851 	2712 	2848
f 2877 	2878 	2876
f 2860 	2784 	2867
f 2851 	2820 	2746
f 2785 	2783 	2867
f 2746 	2712 	2851
f 2847 	2816 	3120
f 2876 	2879 	2877
f 2823 	2882 	2822
f 2823 	962 	2882
f 2753 	2756 	2881
f 2897 	2822 	2882
f 2865 	2854 	2950
f 2884 	2876 	2878
f 2879 	2876 	2884
f 2883 	2951 	2794
f 2796 	2819 	2866
f 2800 	2822 	2883
f 2877 	3742 	2878
f 8706 	2885 	2873
f 2830 	2728 	2858
f 2853 	3742 	2877
f 2868 	2869 	2917
f 2867 	2783 	2920
f 3199 	2853 	2877
f 2811 	330 	2813
f 2825 	2830 	2858
f 2865 	2661 	2866
f 2830 	2741 	2728
f 2661 	2796 	2866
f 2847 	8623 	2841
f 2661 	2990 	2796
f 2885 	8706 	2918
f 2882 	962 	949
f 2871 	1898 	2311
f 2882 	2636 	2913
f 2882 	2913 	2897
f 2888 	2892 	2846
f 320 	307 	2813
f 2893 	2889 	2894
f 2761 	2820 	2851
f 2758 	2820 	2761
f 2895 	2896 	2898
f 2900 	2898 	2896
f 2942 	329 	2811
f 2730 	2732 	2890
f 2897 	2951 	2883
f 2894 	2900 	2896
f 2813 	2513 	2543
f 2902 	2473 	2515
f 2896 	2893 	2894
f 2515 	2903 	2902
f 155 	156 	2905
f 2473 	2849 	2497
f 331 	2906 	2905
f 2849 	2473 	2902
f 2907 	2902 	2903
f 2886 	2881 	2797
f 2904 	2896 	2895
f 2904 	2893 	2896
f 2906 	2911 	2905
f 2908 	2907 	2888
f 2910 	2911 	2906
f 2907 	2892 	2888
f 2905 	156 	331
f 2783 	2932 	2946
f 2908 	2888 	2902
f 2907 	2908 	2902
f 2883 	2822 	2897
f 2891 	10025 	8929
f 8781 	2474 	2890
f 2893 	2904 	2889
f 2846 	2892 	2887
f 2311 	2310 	2871
f 3851 	2863 	2803
f 2939 	2464 	2388
f 2905 	233 	155
f 2871 	2919 	2869
f 2919 	2917 	2869
f 2886 	2797 	2915
f 2915 	8596 	2886
f 2911 	2909 	2922
f 2905 	2911 	2922
f 2515 	2907 	2903
f 2887 	2854 	2846
f 2904 	2937 	2889
f 2846 	2849 	2888
f 2922 	3864 	2905
f 2783 	2946 	2940
f 2900 	2894 	2929
f 2795 	168 	123
f 2929 	2889 	2927
f 2888 	2849 	2902
f 2929 	2894 	2889
f 2930 	2915 	2874
f 2760 	2781 	2931
f 2148 	2157 	2931
f 2515 	2736 	2907
f 2536 	2923 	2924
f 2736 	2936 	2907
f 2536 	2925 	2538
f 2929 	2934 	2935
f 2925 	2873 	2538
f 2907 	2936 	2892
f 2536 	2924 	2925
f 2889 	2937 	2927
f 2750 	2753 	2881
f 2873 	2925 	8709
f 2920 	2783 	2940
f 2939 	2940 	2946
f 2933 	2934 	2927
f 2944 	2443 	849
f 2798 	200 	168
f 849 	2945 	2944
f 2939 	2920 	2940
f 950 	2945 	849
f 3869 	1362 	268
f 2871 	2310 	2919
f 3044 	2137 	2207
f 2851 	2835 	2761
f 2945 	950 	953
f 2941 	2859 	2720
f 1681 	1682 	3057
f 2941 	3837 	2859
f 2945 	953 	956
f 2867 	2920 	2939
f 2860 	2867 	2939
f 2443 	2535 	849
f 2944 	2945 	2408
f 2942 	2811 	2943
f 2942 	2910 	329
f 2426 	2408 	2945
f 2942 	2909 	2911
f 2910 	2942 	2911
f 2938 	2890 	2732
f 3010 	866 	1022
f 2947 	2942 	2943
f 2835 	2972 	2126
f 2126 	2761 	2835
f 2951 	2949 	2952
f 2780 	2794 	2951
f 2865 	2950 	2954
f 2779 	2933 	12437
f 2933 	2762 	2934
f 2431 	2402 	866
f 2951 	2921 	2780
f 2933 	2779 	2762
f 2402 	951 	866
f 2945 	956 	2426
f 2942 	2947 	2909
f 2943 	3108 	2947
f 3050 	2661 	2954
f 2951 	2952 	2921
f 2927 	2937 	12446
f 2661 	2865 	2954
f 2900 	2935 	2898
f 2762 	2898 	2935
f 3864 	2958 	3355
f 2900 	2929 	2935
f 3864 	2922 	2958
f 2946 	2932 	5457
f 2929 	2927 	2934
f 2892 	2936 	3100
f 2922 	2909 	3108
f 2973 	2956 	2957
f 2913 	2899 	2951
f 2892 	3100 	3175
f 2899 	2949 	2951
f 2958 	2922 	3108
f 2913 	2951 	2897
f 1084 	202 	2959
f 2919 	2310 	2916
f 2912 	2916 	2310
f 2946 	5457 	5493
f 1949 	2269 	2965
f 900 	1084 	2959
f 2673 	3117 	2455
f 2969 	2734 	3117
f 2967 	2277 	2269
f 2970 	2845 	2968
f 2735 	2734 	2969
f 2857 	2845 	2970
f 2835 	2971 	2972
f 2535 	980 	849
f 2968 	2976 	2970
f 3037 	3032 	2973
f 2976 	2968 	2953
f 2645 	3023 	2977
f 2979 	2985 	2984
f 2986 	2972 	2971
f 2979 	2973 	2985
f 1678 	2988 	2974
f 2980 	3039 	2978
f 2980 	2978 	2982
f 2984 	2989 	2979
f 2977 	2959 	2645
f 2977 	900 	2959
f 2409 	2988 	2382
f 2987 	2985 	2973
f 2980 	2717 	2990
f 455 	430 	2959
f 1678 	2382 	2988
f 2991 	2498 	2994
f 455 	2959 	202
f 2992 	2658 	2660
f 430 	292 	2959
f 2992 	2660 	2673
f 2673 	2633 	2992
f 880 	2534 	2646
f 880 	963 	2535
f 10646 	2961 	2960
f 2675 	3050 	2990
f 2994 	2963 	2991
f 980 	2535 	963
f 2658 	2992 	3088
f 2995 	2967 	2993
f 2998 	2967 	2995
f 2208 	2206 	2967
f 2964 	2999 	2966
f 2993 	2967 	2206
f 880 	2535 	2534
f 2999 	2964 	2962
f 3084 	2660 	2659
f 2996 	11657 	2997
f 3042 	3034 	2964
f 2980 	2982 	2717
f 2636 	2624 	2982
f 2633 	2465 	2975
f 3002 	11657 	3003
f 2996 	3003 	11657
f 3002 	3006 	11657
f 2760 	2999 	2962
f 3088 	2992 	2633
f 3001 	2193 	3000
f 2759 	2962 	2994
f 2994 	2962 	2963
f 2962 	2759 	2760
f 2262 	3001 	3008
f 2975 	3088 	2633
f 2195 	2228 	3022
f 2192 	2967 	3000
f 2262 	3008 	2264
f 2195 	3022 	2703
f 3007 	1011 	1057
f 3009 	2413 	2121
f 2968 	2748 	2953
f 2978 	2636 	2982
f 3005 	6029 	3043
f 2748 	2968 	2845
f 2982 	2624 	2717
f 3005 	3455 	6029
f 2748 	2848 	2712
f 3010 	1011 	3007
f 2978 	2913 	2636
f 2431 	866 	3010
f 3009 	2121 	2427
f 2431 	3010 	2582
f 2990 	3026 	2980
f 2582 	3010 	3007
f 2741 	2740 	3007
f 3007 	1057 	2741
f 3013 	3009 	3012
f 3015 	3007 	2622
f 2616 	3016 	3144
f 3017 	2616 	2617
f 3009 	3013 	2409
f 3017 	3018 	2616
f 3009 	2409 	2413
f 3017 	2962 	3019
f 3015 	2622 	2582
f 3007 	3015 	2582
f 3017 	3019 	3018
f 2427 	3022 	3009
f 11657 	2299 	3008
f 3308 	3018 	3019
f 2962 	2964 	3019
f 3017 	2963 	2962
f 2756 	3087 	1084
f 2266 	11657 	3020
f 3006 	3020 	11657
f 2991 	2963 	3017
f 2303 	3025 	2404
f 2990 	3050 	3014
f 2756 	1084 	3023
f 2616 	3018 	3016
f 3012 	3009 	3022
f 3014 	3026 	2990
f 3014 	3047 	3026
f 2848 	2748 	2845
f 3028 	3019 	2964
f 2964 	3034 	3028
f 2703 	3022 	2427
f 2863 	3851 	3030
f 2974 	3035 	2975
f 3851 	2122 	3030
f 8185 	3026 	8176
f 3036 	2966 	2999
f 2122 	2971 	3030
f 3029 	2973 	2957
f 2978 	8152 	2899
f 2971 	2835 	3030
f 3031 	2973 	3032
f 2978 	3039 	8152
f 2987 	2973 	3040
f 3041 	3040 	2973
f 3031 	3041 	2973
f 3030 	2835 	2863
f 2407 	2406 	3029
f 2406 	3037 	3029
f 2973 	3029 	3037
f 3038 	3035 	2974
f 2232 	2926 	3044
f 3045 	2970 	2976
f 2419 	2417 	2955
f 3044 	2207 	2232
f 2976 	2953 	3045
f 3046 	3038 	2988
f 3029 	2955 	2417
f 2931 	2137 	3044
f 3033 	3066 	3024
f 3038 	2974 	2988
f 2913 	2978 	2899
f 367 	3029 	2957
f 367 	2912 	3029
f 3044 	2928 	2931
f 2912 	2310 	2955
f 3039 	2980 	3026
f 3011 	3043 	3033
f 3046 	3064 	3079
f 3023 	2645 	2756
f 3036 	2999 	2928
f 2954 	3049 	3047
f 2971 	2146 	2986
f 2760 	2928 	2999
f 2409 	3046 	2988
f 880 	2646 	2647
f 2986 	2146 	2972
f 2964 	2966 	3036
f 3074 	3046 	3012
f 2964 	3036 	3042
f 3012 	3046 	3013
f 2409 	3013 	3046
f 2950 	3049 	2954
f 3047 	3050 	2954
f 3044 	3036 	2928
f 2675 	2661 	3050
f 3029 	2912 	2955
f 3044 	3042 	3036
f 3050 	3047 	3014
f 3044 	3058 	3052
f 3022 	3074 	3012
f 3044 	3052 	3042
f 3026 	3047 	3049
f 3028 	3308 	3019
f 3053 	3063 	3062
f 3051 	2477 	2495
f 3053 	3062 	2464
f 3028 	3052 	3308
f 367 	2957 	2956
f 2464 	2939 	3053
f 3034 	3052 	3028
f 3011 	3005 	3043
f 2102 	3051 	2495
f 3051 	2102 	1491
f 3042 	3052 	3034
f 3038 	3046 	3055
f 3055 	3046 	3077
f 2102 	2469 	2103
f 2743 	2438 	3060
f 3059 	1681 	3057
f 2743 	3060 	3056
f 2755 	2752 	6033
f 3062 	3060 	2438
f 2752 	2969 	6033
f 2438 	2439 	3062
f 1698 	1697 	3083
f 1697 	1738 	3083
f 2102 	2495 	2469
f 1698 	3083 	1682
f 3083 	3059 	3057
f 3046 	3079 	3077
f 2709 	3065 	2470
f 2647 	2959 	292
f 177 	880 	2647
f 292 	177 	2647
f 3068 	1655 	1728
f 2469 	2720 	2103
f 3074 	5857 	3067
f 3114 	2251 	2103
f 3067 	3064 	3046
f 2470 	3065 	3072
f 3068 	3111 	3069
f 2728 	928 	2727
f 3046 	3074 	3067
f 2477 	2189 	2732
f 2470 	3072 	2399
f 3005 	3073 	3070
f 3068 	3075 	3071
f 930 	929 	3048
f 3051 	2189 	2477
f 3070 	3073 	3105
f 3075 	1728 	3071
f 2187 	338 	8754
f 1120 	1153 	3048
f 3073 	3005 	3011
f 930 	3048 	2816
f 2531 	3071 	1728
f 3073 	3011 	2855
f 3083 	3068 	3069
f 680 	3072 	2715
f 3022 	5857 	3074
f 3083 	3096 	3059
f 2727 	930 	2816
f 2741 	928 	2728
f 5897 	2769 	2755
f 3052 	3058 	3061
f 2387 	3080 	2512
f 4020 	3061 	3058
f 3068 	1741 	1655
f 2741 	1057 	928
f 3068 	1728 	3075
f 2464 	3062 	2439
f 928 	930 	2727
f 3068 	3083 	1741
f 1022 	1011 	3010
f 3063 	3060 	3062
f 2939 	3160 	3063
f 3063 	3053 	2939
f 3056 	3060 	3133
f 2767 	1681 	3059
f 3065 	2746 	3072
f 3067 	3079 	3064
f 3067 	5857 	3079
f 2715 	3072 	2746
f 2189 	2187 	8754
f 3078 	3033 	3024
f 3099 	3080 	3098
f 3080 	2387 	2429
f 3082 	3167 	3120
f 2512 	3080 	3099
f 2660 	3084 	2673
f 2673 	3084 	3506
f 680 	10561 	3072
f 3081 	8756 	338
f 2659 	2658 	3508
f 3081 	3182 	3215
f 3508 	3507 	2659
f 3057 	1682 	3083
f 3168 	3087 	3082
f 338 	8756 	8754
f 3089 	2502 	2748
f 3087 	3168 	1084
f 3086 	2953 	2502
f 2953 	2748 	2502
f 2189 	2938 	2732
f 2189 	2948 	2938
f 6051 	2673 	3506
f 3065 	2709 	2712
f 2712 	2746 	3065
f 3097 	2808 	3093
f 3038 	3055 	3094
f 3110 	3094 	3055
f 2808 	2792 	3093
f 3035 	3038 	3094
f 2504 	2512 	3086
f 3092 	3082 	3087
f 3086 	2512 	3099
f 3094 	2975 	3035
f 3094 	3106 	2975
f 3098 	3086 	3099
f 2975 	3106 	3088
f 3095 	3059 	3096
f 3086 	3098 	3116
f 3093 	2792 	2589
f 3086 	2502 	2504
f 3089 	2468 	2502
f 3095 	3104 	3059
f 3101 	3056 	3054
f 3097 	2811 	2808
f 3105 	3073 	2855
f 3103 	3059 	3104
f 3056 	3200 	3054
f 2470 	2468 	3089
f 3100 	3056 	3101
f 3097 	2943 	2811
f 2709 	2470 	3089
f 3103 	2799 	3059
f 2743 	3100 	2936
f 3097 	3108 	2943
f 3200 	3175 	3101
f 3108 	2909 	2947
f 3068 	3071 	3109
f 2802 	2801 	3071
f 3033 	3078 	11117
f 3109 	3071 	2801
f 3110 	3055 	3107
f 3068 	3109 	3111
f 779 	3112 	10689
f 3106 	3110 	3107
f 3114 	2103 	2720
f 3056 	3100 	2743
f 2859 	2251 	3114
f 3110 	3106 	3094
f 3113 	3069 	3111
f 3355 	2958 	3108
f 3087 	2753 	3092
f 3107 	3055 	3077
f 3087 	2756 	2753
f 3115 	3083 	3069
f 3102 	2588 	2301
f 3069 	3113 	3115
f 3102 	3093 	2589
f 3115 	3096 	3083
f 2704 	2970 	3086
f 3091 	2251 	3118
f 3116 	2704 	3086
f 3199 	3070 	3105
f 2704 	3116 	3098
f 2704 	3098 	3080
f 3114 	2720 	2859
f 3048 	3082 	2816
f 2251 	2859 	3118
f 3117 	6030 	2969
f 2859 	3121 	3118
f 3127 	3091 	3118
f 3100 	3101 	3175
f 3121 	3127 	3118
f 3200 	3101 	3054
f 3102 	2589 	2588
f 2731 	3102 	2301
f 3089 	2748 	2709
f 2970 	3045 	3086
f 3127 	2165 	3091
f 3086 	3045 	2953
f 3112 	3135 	10689
f 3112 	3137 	3135
f 3112 	720 	3137
f 3135 	3137 	2803
f 2718 	2616 	3214
f 799 	3137 	720
f 2803 	3137 	2880
f 3137 	799 	3140
f 3016 	3018 	3144
f 3144 	3018 	3145
f 3018 	3308 	3146
f 3146 	3145 	3018
f 3856 	2880 	3137
f 3149 	3150 	3152
f 3119 	3122 	3085
f 3152 	3154 	3149
f 3135 	3080 	2429
f 3135 	2704 	3080
f 2803 	2704 	3135
f 3154 	3155 	3149
f 2753 	3141 	3205
f 3141 	2753 	2750
f 3076 	3153 	3156
f 3088 	3106 	6112
f 3159 	3157 	3158
f 3157 	3150 	3149
f 3157 	3149 	3158
f 3294 	3293 	3149
f 2437 	3161 	2436
f 3158 	3162 	3159
f 1274 	3161 	2437
f 2440 	2436 	3161
f 2524 	3161 	1273
f 3161 	1274 	1273
f 3147 	3160 	2939
f 2753 	3205 	3092
f 10087 	3106 	3107
f 3158 	3149 	3169
f 3147 	3165 	3160
f 3063 	3160 	3165
f 3165 	3060 	3063
f 1176 	3168 	1221
f 3168 	1224 	1221
f 3149 	3293 	3169
f 1195 	1224 	3168
f 2165 	3127 	3148
f 1108 	1084 	3168
f 3169 	3203 	3158
f 3168 	1176 	1108
f 3167 	3082 	3092
f 3131 	3132 	3180
f 3131 	3180 	3179
f 3184 	3102 	2731
f 9582 	3181 	3171
f 3168 	3082 	1195
f 3180 	3132 	3186
f 3136 	3190 	3132
f 693 	3638 	3174
f 3131 	3179 	3138
f 3178 	3138 	3179
f 3181 	695 	3173
f 3092 	1226 	3167
f 3167 	1226 	3120
f 3189 	3174 	3192
f 3092 	1223 	1226
f 3190 	3162 	3191
f 3136 	3162 	3190
f 3158 	3191 	3162
f 3186 	3132 	3190
f 3177 	3175 	7965
f 3076 	3156 	3182
f 693 	3174 	3189
f 3195 	3563 	3210
f 3753 	3751 	3174
f 3196 	3197 	3198
f 3196 	3198 	3209
f 1153 	1195 	3048
f 3197 	3195 	3198
f 3182 	3156 	3216
f 3143 	3194 	3142
f 3193 	3142 	3194
f 1220 	3125 	1228
f 3181 	3173 	3172
f 3141 	2750 	1220
f 3201 	3163 	3193
f 3200 	3202 	3175
f 1223 	3141 	1220
f 3171 	3181 	3172
f 3178 	3194 	3143
f 3143 	3138 	3178
f 707 	3173 	695
f 1223 	3205 	3141
f 3092 	3205 	1223
f 3202 	3133 	3175
f 3169 	3204 	3203
f 3182 	3081 	3076
f 3158 	3203 	3191
f 2013 	1555 	3207
f 1228 	3125 	3120
f 3176 	3246 	3206
f 3163 	3142 	3193
f 3175 	3133 	7962
f 3120 	1226 	1228
f 3156 	3153 	3216
f 3154 	3152 	3242
f 2877 	3198 	3199
f 3199 	3198 	3197
f 3056 	3133 	3202
f 3056 	3202 	3200
f 3128 	3136 	3129
f 3130 	3129 	3132
f 3130 	3132 	3131
f 3130 	3131 	3138
f 3210 	2879 	3195
f 3209 	2879 	3210
f 2847 	3120 	2874
f 3125 	1220 	2930
f 3132 	3129 	3136
f 2816 	3082 	3120
f 2731 	3211 	3184
f 3124 	3157 	3139
f 3120 	2930 	2874
f 3120 	3125 	2930
f 3163 	3285 	3250
f 3142 	3163 	3254
f 2532 	3231 	3212
f 4199 	3148 	3127
f 3170 	3188 	3187
f 4199 	3208 	3148
f 3206 	3387 	3176
f 3148 	3208 	3151
f 3228 	2021 	3238
f 3387 	3183 	3176
f 3236 	3238 	2021
f 3198 	3195 	3210
f 3198 	3210 	3209
f 3123 	3243 	3152
f 3150 	3123 	3152
f 3123 	3150 	3124
f 2021 	2013 	3207
f 2877 	2879 	3209
f 2877 	3209 	3198
f 3218 	3195 	2879
f 3210 	3195 	3218
f 3182 	3216 	3215
f 3243 	3242 	3152
f 3231 	2532 	3230
f 3218 	2879 	2884
f 3134 	3139 	3162
f 3159 	3162 	3139
f 3157 	3159 	3139
f 3157 	3124 	3150
f 3217 	3237 	3220
f 3021 	3153 	4936
f 3209 	3210 	3218
f 2537 	2532 	3212
f 3197 	3198 	3218
f 3209 	3218 	3198
f 2854 	2887 	3219
f 3154 	3242 	3155
f 2537 	3212 	3219
f 3134 	3162 	3128
f 3136 	3128 	3162
f 11233 	11236 	3218
f 3176 	8814 	8838
f 3237 	3217 	3239
f 3231 	3219 	3212
f 3199 	3105 	2853
f 3217 	3220 	3224
f 3217 	3232 	3239
f 3219 	3248 	2950
f 3219 	2950 	2854
f 3259 	2065 	3228
f 3214 	2738 	2718
f 3021 	3216 	3153
f 3214 	3253 	3249
f 3188 	8861 	3187
f 2738 	3214 	3249
f 3231 	3248 	3219
f 3234 	3235 	3231
f 3025 	3233 	2362
f 8814 	3176 	10791
f 3237 	3239 	3786
f 2887 	2537 	3219
f 3229 	2537 	3302
f 3249 	2731 	2738
f 3145 	3241 	3144
f 3285 	3284 	3250
f 2404 	3025 	2362
f 3145 	3146 	3241
f 3213 	3220 	3237
f 3244 	2537 	2887
f 2950 	3248 	3235
f 3248 	3231 	3235
f 3220 	3567 	3224
f 11297 	3336 	3245
f 3245 	3336 	3242
f 2042 	2021 	3228
f 3236 	3225 	3238
f 3249 	3247 	3211
f 3225 	3236 	3221
f 3249 	3253 	3247
f 3225 	3228 	3238
f 3296 	2950 	3235
f 3255 	3246 	3240
f 3138 	3143 	3254
f 3244 	3302 	2537
f 2065 	2042 	3228
f 3253 	3214 	3304
f 3257 	3239 	3232
f 3254 	3256 	3138
f 3130 	3138 	3256
f 3250 	3254 	3163
f 3244 	2892 	3302
f 3176 	8838 	8873
f 2892 	3244 	2887
f 3258 	3259 	3225
f 3255 	3206 	3246
f 3143 	3142 	3254
f 3196 	3195 	3197
f 3395 	3575 	3257
f 8873 	3246 	3176
f 3281 	2093 	3259
f 3197 	3196 	3199
f 3304 	3214 	3288
f 3258 	3281 	3259
f 3196 	3197 	3440
f 3218 	3440 	3197
f 3259 	3228 	3225
f 3144 	3241 	3353
f 3408 	3264 	3261
f 3199 	3303 	3070
f 3258 	3265 	3268
f 3231 	3230 	3234
f 3269 	3217 	3273
f 3274 	3275 	3273
f 3273 	3275 	3269
f 3408 	3447 	3264
f 2532 	3229 	3230
f 2532 	2537 	3229
f 3275 	3266 	3269
f 3258 	12185 	3265
f 3276 	3401 	3278
f 3593 	3271 	3263
f 3279 	3278 	3277
f 3225 	3221 	3258
f 3234 	3230 	3309
f 3258 	3268 	3281
f 2093 	3281 	11933
f 3283 	3284 	3361
f 3286 	3283 	3313
f 3281 	3268 	11933
f 3287 	3286 	3313
f 3290 	3289 	3282
f 3292 	2654 	2682
f 3357 	3285 	3358
f 3163 	3380 	3285
f 3292 	2301 	2654
f 2731 	2301 	3292
f 2733 	2731 	3292
f 3214 	3280 	3288
f 3310 	3169 	3293
f 3292 	2682 	2708
f 2733 	3292 	2708
f 3309 	3296 	3235
f 3288 	3253 	3304
f 3301 	3274 	3300
f 3177 	3302 	3175
f 3005 	3070 	3004
f 3175 	3302 	2892
f 3300 	3319 	3301
f 3249 	3211 	2731
f 3324 	3266 	3275
f 2884 	11233 	3218
f 3322 	3312 	3266
f 3214 	2616 	3280
f 3324 	3322 	3266
f 3185 	3305 	3229
f 3102 	3338 	3093
f 3353 	2616 	3144
f 3185 	3229 	3302
f 3184 	3211 	4259
f 3177 	3185 	3302
f 3230 	8099 	3309
f 3149 	3333 	3294
f 3247 	3253 	3298
f 3309 	3235 	3234
f 3288 	3298 	3253
f 4259 	3211 	3247
f 4259 	3247 	3298
f 3315 	3287 	3313
f 3288 	3280 	3298
f 3315 	3313 	3317
f 3316 	3317 	3313
f 3317 	3316 	3318
f 3274 	3322 	3275
f 3052 	3332 	3308
f 3308 	3332 	3383
f 3306 	3311 	3322
f 3400 	3318 	3316
f 3322 	3307 	3306
f 3291 	3226 	3505
f 3263 	3351 	3505
f 3344 	3342 	3316
f 4434 	3102 	3184
f 3322 	3324 	3275
f 3383 	3241 	3308
f 3308 	3241 	3146
f 3300 	3314 	3322
f 3319 	3300 	3322
f 3331 	3295 	3333
f 3295 	3294 	3333
f 3322 	3301 	3319
f 3322 	3274 	3301
f 3333 	3149 	3277
f 3149 	3155 	3336
f 3279 	3277 	3336
f 3149 	3336 	3277
f 3326 	3490 	3321
f 3333 	3337 	3331
f 3325 	3326 	3321
f 3338 	3102 	4434
f 3330 	3093 	3338
f 3323 	10679 	3328
f 3333 	3277 	3401
f 3320 	1504 	1967
f 3340 	3323 	3328
f 3335 	3314 	3300
f 3863 	3108 	3097
f 3335 	3300 	3334
f 3341 	3169 	3310
f 3320 	1507 	1504
f 3263 	3329 	3351
f 3327 	3340 	3339
f 3351 	3291 	3505
f 1517 	1457 	3350
f 3323 	10694 	10679
f 3333 	3349 	3348
f 3277 	3278 	3401
f 3333 	3348 	3337
f 3340 	3327 	3323
f 3316 	3356 	3344
f 3342 	3415 	3316
f 3354 	3363 	3350
f 3241 	3343 	3353
f 3343 	3346 	4149
f 4178 	3353 	4179
f 3347 	3352 	3412
f 3332 	3052 	3061
f 3353 	4178 	4207
f 3285 	3361 	3284
f 3298 	3280 	3353
f 3280 	2616 	3353
f 3345 	3273 	3217
f 3332 	3061 	4029
f 3361 	3285 	3357
f 3345 	3274 	3273
f 3334 	3300 	3274
f 3283 	3361 	3313
f 3334 	3274 	3345
f 3360 	3362 	3531
f 3361 	3316 	3313
f 3357 	3365 	3361
f 3350 	3363 	1517
f 3381 	3316 	3361
f 3368 	3381 	3361
f 3365 	3368 	3361
f 3362 	3360 	3352
f 3164 	3166 	3398
f 3170 	3382 	3397
f 3169 	3371 	3370
f 3341 	3377 	3169
f 3378 	3375 	1514
f 3371 	3169 	3374
f 3375 	3470 	1994
f 3370 	3204 	3169
f 1994 	1514 	3375
f 3449 	3450 	3206
f 3358 	3285 	3380
f 2418 	3410 	3369
f 3241 	3346 	3343
f 3449 	3206 	3255
f 2420 	2418 	3369
f 3382 	3187 	3183
f 3334 	3567 	3222
f 3363 	3354 	3378
f 3382 	3170 	3187
f 3567 	3334 	3224
f 3369 	3385 	3386
f 3378 	1517 	3363
f 3345 	3224 	3334
f 3354 	1507 	3320
f 3345 	3217 	3224
f 3119 	3390 	3122
f 3354 	3350 	1507
f 3241 	3383 	3346
f 3378 	1514 	1517
f 3257 	3232 	3266
f 3388 	3397 	3382
f 3396 	3316 	3381
f 3232 	3217 	3269
f 3390 	3299 	3122
f 3232 	3269 	3266
f 3359 	3380 	3163
f 3359 	3163 	3201
f 3377 	3393 	3169
f 3393 	3376 	3169
f 3376 	3374 	3169
f 3183 	3387 	3388
f 3332 	3560 	3383
f 3372 	3378 	3354
f 3183 	3388 	3382
f 3316 	3396 	3356
f 3394 	3469 	3774
f 3266 	3312 	3391
f 1144 	1142 	3529
f 5042 	3369 	3386
f 3404 	3386 	3385
f 3170 	3398 	3166
f 3354 	3320 	3372
f 3334 	3222 	3223
f 3318 	3400 	3261
f 2220 	237 	1172
f 3223 	3558 	3335
f 3320 	3321 	3372
f 3398 	3170 	3397
f 3392 	6020 	6074
f 3403 	3267 	3262
f 3299 	3392 	3122
f 3335 	3334 	3223
f 3490 	3372 	3321
f 3403 	3270 	3267
f 3392 	3472 	6020
f 3262 	3272 	3403
f 3403 	3401 	3270
f 3400 	3408 	3261
f 3477 	3392 	3476
f 3477 	3472 	3392
f 3369 	3410 	3385
f 3364 	3411 	3410
f 3367 	4183 	3406
f 3276 	3270 	3401
f 3390 	3392 	3299
f 3411 	3289 	3290
f 3413 	3390 	3119
f 3411 	3385 	3410
f 1172 	3399 	2220
f 2411 	3364 	3410
f 3414 	3412 	3352
f 3384 	3411 	3290
f 3460 	3316 	3415
f 3460 	3400 	3316
f 6626 	6625 	3406
f 11395 	3122 	3392
f 6626 	3406 	3443
f 3401 	3452 	3333
f 3418 	3398 	3397
f 3397 	3405 	3418
f 3411 	3384 	3385
f 3392 	11348 	11395
f 3373 	3164 	3515
f 3515 	3164 	3398
f 3418 	3515 	3398
f 3384 	3290 	3297
f 3413 	3422 	3390
f 3306 	3391 	3311
f 3414 	3352 	3407
f 3306 	3420 	3391
f 3399 	3427 	2232
f 3399 	1172 	187
f 3546 	3419 	3545
f 3384 	3462 	3385
f 3207 	1555 	3421
f 3554 	3424 	3419
f 3430 	3445 	3406
f 3546 	3554 	3419
f 3427 	3399 	3429
f 3428 	3425 	3431
f 3388 	3405 	3397
f 3407 	3360 	3409
f 3426 	187 	2230
f 3434 	3405 	3388
f 3387 	3434 	3388
f 3335 	3402 	3432
f 3434 	3206 	3450
f 3387 	3206 	3434
f 3407 	3352 	3360
f 3476 	3390 	3422
f 3476 	3392 	3390
f 3435 	3432 	3431
f 3436 	3236 	2021
f 3467 	3429 	3399
f 3434 	3552 	3405
f 3436 	2021 	3207
f 187 	3426 	1157
f 3438 	3373 	3515
f 3436 	3207 	3421
f 3386 	3404 	3433
f 2230 	2137 	3426
f 3433 	3404 	3462
f 1159 	3399 	187
f 3425 	3416 	3306
f 3417 	3438 	3515
f 3306 	3307 	3425
f 3433 	3462 	3459
f 3430 	3456 	3445
f 1159 	3467 	3399
f 3227 	3373 	3438
f 3438 	3379 	3227
f 3414 	3437 	3412
f 3412 	3437 	3442
f 3379 	3505 	3227
f 3372 	3490 	3437
f 3307 	3435 	3431
f 1192 	1172 	3444
f 3431 	3425 	3307
f 3307 	3322 	3435
f 3403 	3447 	3401
f 3446 	3443 	3406
f 3403 	3272 	3447
f 3432 	3435 	3322
f 3272 	3264 	3447
f 3322 	3314 	3432
f 3406 	3445 	3446
f 3416 	3420 	3306
f 3447 	3452 	3401
f 3447 	3454 	3453
f 3447 	3453 	3452
f 3452 	3453 	3458
f 3255 	3240 	3491
f 3335 	3432 	3314
f 3322 	3311 	3391
f 3460 	3454 	3400
f 3400 	3454 	3447
f 3391 	3312 	3322
f 3420 	3461 	3391
f 3456 	6629 	3446
f 3456 	3446 	3445
f 3457 	3005 	3004
f 3257 	3266 	3395
f 3455 	3005 	3457
f 3456 	6703 	6629
f 3395 	3266 	3461
f 3451 	3457 	3004
f 3461 	3575 	3395
f 3456 	3486 	6696
f 3266 	3391 	3461
f 3004 	3070 	3451
f 3549 	3448 	3761
f 3451 	3070 	3303
f 4715 	3488 	3456
f 3420 	3464 	3461
f 3420 	3416 	3464
f 3400 	3447 	3408
f 3463 	3429 	3467
f 3456 	6696 	6703
f 3199 	3502 	3501
f 3668 	3416 	3425
f 3450 	3449 	3466
f 3469 	3470 	3407
f 3471 	3237 	3786
f 3436 	3468 	3236
f 3470 	3469 	1994
f 3505 	3475 	3474
f 3414 	3407 	3470
f 3473 	3213 	3471
f 3213 	3237 	3471
f 3372 	3470 	3378
f 3470 	3375 	3378
f 3221 	3236 	3468
f 3458 	3465 	3452
f 3477 	3476 	3472
f 3466 	3574 	3537
f 3475 	3417 	3474
f 3465 	3349 	3333
f 3465 	3333 	3452
f 3444 	3492 	3480
f 3466 	3449 	3255
f 3481 	3479 	3485
f 1192 	3444 	3480
f 3491 	3466 	3255
f 1189 	1190 	3864
f 3427 	2926 	2232
f 3263 	3474 	3487
f 3263 	3505 	3474
f 2926 	3427 	3519
f 4729 	4730 	3481
f 3394 	1994 	3469
f 4730 	3482 	3481
f 3409 	3469 	3407
f 3462 	3404 	3385
f 3474 	3581 	3487
f 1189 	3559 	3504
f 3582 	3491 	3489
f 3492 	1189 	3504
f 3451 	3303 	3199
f 3491 	3493 	3489
f 3427 	3429 	3494
f 3442 	3490 	3326
f 3451 	3199 	3501
f 3593 	3487 	3493
f 3442 	3326 	3448
f 3493 	3487 	3489
f 3261 	3264 	12009
f 3429 	3463 	3494
f 3442 	3437 	3490
f 3480 	3496 	3494
f 3463 	3480 	3494
f 3315 	3318 	12009
f 3500 	3501 	3502
f 3267 	3270 	3262
f 3470 	3437 	3414
f 3496 	3480 	3504
f 12009 	3264 	3262
f 3272 	3262 	3264
f 3372 	3437 	3470
f 3262 	3270 	11412
f 3379 	3438 	3505
f 3417 	3505 	3438
f 3480 	3492 	3504
f 3503 	3501 	3500
f 3270 	3276 	11412
f 3278 	11297 	3276
f 11412 	3276 	11297
f 2659 	3507 	3084
f 2658 	3088 	3508
f 3502 	3509 	3500
f 3279 	11297 	3278
f 3506 	3507 	3508
f 3483 	3503 	3500
f 3485 	3488 	3510
f 3392 	3503 	3483
f 3088 	6112 	3508
f 3507 	3506 	3084
f 3287 	3315 	12009
f 11972 	11971 	3287
f 3497 	3511 	3500
f 3283 	3286 	11968
f 3479 	6696 	3486
f 12009 	11972 	3287
f 3495 	5217 	5215
f 3456 	3485 	3479
f 3479 	3486 	3456
f 3520 	3352 	3347
f 3227 	3505 	3226
f 3261 	12009 	3318
f 3456 	3488 	3485
f 3417 	3475 	3505
f 3478 	3213 	3473
f 3441 	3433 	4351
f 3315 	3317 	3318
f 3441 	3512 	3499
f 3664 	3494 	3496
f 3512 	3495 	3499
f 11297 	3279 	3336
f 3514 	3405 	3537
f 3441 	4351 	3512
f 3510 	3481 	3485
f 3530 	3409 	3360
f 3284 	3283 	11968
f 3418 	3513 	3515
f 3483 	3511 	3440
f 2566 	9155 	3524
f 3440 	3511 	3497
f 11339 	11412 	11299
f 3483 	3500 	3511
f 3513 	3418 	3405
f 3513 	3405 	3514
f 3405 	3550 	3537
f 3523 	3530 	3520
f 3533 	3535 	3523
f 3548 	3553 	3419
f 3530 	3523 	3535
f 3427 	3661 	3519
f 3670 	3870 	3519
f 3424 	3555 	3557
f 3417 	3515 	3516
f 7316 	2456 	3528
f 3550 	3405 	3552
f 3525 	3417 	3516
f 3544 	3542 	3529
f 3517 	2649 	3524
f 3530 	3360 	3531
f 3352 	3520 	3531
f 3525 	3538 	3417
f 1036 	3547 	3463
f 3223 	3222 	3558
f 3531 	3362 	3352
f 3532 	3533 	3534
f 3532 	3530 	3535
f 3463 	3547 	3480
f 3535 	3533 	3532
f 3533 	3532 	1346
f 1036 	3544 	3547
f 3517 	1838 	2649
f 3537 	3539 	3538
f 3537 	3540 	3539
f 3523 	3532 	3533
f 3541 	3540 	3537
f 1144 	3529 	3542
f 1036 	1144 	3542
f 3533 	3535 	3534
f 3530 	3534 	3535
f 3530 	3535 	3409
f 3535 	3533 	3409
f 1346 	3409 	3533
f 11968 	11967 	3284
f 3252 	3251 	3284
f 3534 	3530 	3532
f 3417 	3538 	3539
f 3155 	3242 	3336
f 1036 	3542 	3544
f 3567 	3220 	3213
f 3534 	3532 	8574
f 3532 	3523 	8574
f 3520 	3530 	3531
f 3251 	3250 	3284
f 3581 	3474 	3541
f 3514 	3537 	3513
f 3537 	3515 	3513
f 3522 	3523 	3520
f 3419 	3551 	3548
f 3550 	3552 	3537
f 3537 	3516 	3515
f 3520 	3347 	3412
f 3545 	3419 	3553
f 3522 	3520 	3412
f 3424 	3554 	3555
f 3412 	3556 	3522
f 3525 	3516 	3537
f 3412 	3442 	3592
f 3525 	3537 	3538
f 3592 	3556 	3412
f 3582 	3537 	3586
f 3466 	3537 	3552
f 3546 	3545 	12009
f 12016 	12009 	3553
f 3545 	3553 	12009
f 3209 	3210 	3563
f 3536 	3558 	3562
f 3563 	3196 	3209
f 3554 	11519 	3555
f 3563 	3564 	3439
f 1189 	1234 	3565
f 3222 	3562 	3558
f 3439 	3199 	3563
f 3524 	9155 	3566
f 3566 	3518 	3517
f 4069 	3558 	4067
f 3439 	3502 	3199
f 3562 	3567 	3536
f 3195 	3196 	3563
f 3196 	3563 	3199
f 3562 	3222 	3567
f 3440 	3497 	3563
f 4069 	3606 	3558
f 3442 	3448 	3570
f 3524 	3566 	3517
f 3196 	3440 	3563
f 3497 	3500 	3563
f 3570 	3592 	3442
f 3547 	3569 	3571
f 3332 	3568 	3560
f 3549 	3570 	3448
f 3564 	3500 	3509
f 3548 	12016 	3553
f 12016 	3548 	3551
f 3564 	3563 	3500
f 3213 	3478 	3567
f 3552 	3450 	3466
f 3502 	3564 	3509
f 2702 	2754 	3671
f 3552 	3434 	3450
f 3502 	3439 	3564
f 3392 	3483 	3218
f 3218 	3483 	3440
f 3560 	3568 	3561
f 3541 	3474 	3417
f 3540 	3417 	3539
f 3540 	3541 	3417
f 1192 	3480 	3547
f 3574 	3586 	3537
f 1192 	3547 	3571
f 3487 	3581 	3582
f 3583 	3577 	3580
f 2961 	10646 	10934
f 3582 	3489 	3487
f 3565 	3559 	1189
f 3586 	3574 	3466
f 3491 	3586 	3466
f 3537 	3581 	3541
f 3559 	3664 	3496
f 3664 	3559 	3605
f 3577 	2757 	3580
f 3581 	3537 	3582
f 3469 	3409 	3599
f 3504 	3559 	3496
f 3592 	3522 	3556
f 2998 	3587 	2967
f 2967 	3587 	3590
f 3585 	2961 	3579
f 3491 	3582 	3586
f 3580 	2702 	3671
f 3671 	3583 	3580
f 3263 	3271 	8894
f 3575 	3461 	3576
f 3593 	8894 	3271
f 8614 	3523 	3522
f 4270 	2961 	3585
f 3592 	8606 	3522
f 3585 	4289 	4270
f 3585 	4334 	4289
f 3580 	2815 	2702
f 3594 	3597 	3240
f 3594 	3595 	3597
f 3806 	3583 	3671
f 3595 	3593 	3493
f 3518 	3598 	3517
f 3493 	3597 	3595
f 3493 	3491 	3597
f 4988 	3596 	7320
f 3558 	3536 	4067
f 3263 	3487 	3593
f 3585 	4332 	4334
f 4332 	3585 	4331
f 3596 	7319 	7320
f 3576 	3416 	3688
f 3579 	4331 	3585
f 3518 	3602 	3598
f 3612 	3602 	3518
f 2997 	11657 	3603
f 3666 	3603 	11657
f 3591 	3547 	3607
f 3588 	3611 	3666
f 3666 	3611 	3603
f 3607 	3547 	3544
f 793 	658 	3828
f 3569 	3591 	3627
f 3828 	3676 	793
f 2979 	2989 	3616
f 3677 	656 	724
f 669 	656 	3677
f 3616 	3615 	2979
f 3614 	2979 	3615
f 3409 	1346 	3599
f 3613 	3612 	3518
f 3604 	3617 	3600
f 3613 	9155 	3610
f 3491 	3240 	3597
f 3613 	3610 	9420
f 3607 	3544 	3529
f 3613 	3518 	3566
f 2285 	3639 	3620
f 3566 	9155 	3613
f 3864 	3911 	1216
f 2285 	1284 	3687
f 3669 	2842 	2844
f 1192 	3571 	3624
f 3321 	1967 	3622
f 1967 	3623 	3622
f 4069 	4073 	3608
f 3325 	3321 	3622
f 3669 	2844 	2131
f 3733 	11931 	3625
f 11931 	3626 	3625
f 3627 	3605 	3559
f 3591 	3569 	3547
f 3630 	3728 	3738
f 3629 	3728 	3630
f 3632 	1829 	3634
f 3605 	3627 	3591
f 3738 	3633 	3630
f 3634 	3635 	3632
f 3559 	3565 	3627
f 3637 	1830 	1832
f 3571 	3569 	3627
f 3627 	3565 	3571
f 3637 	1831 	1830
f 3625 	3636 	3733
f 3810 	3809 	12357
f 3320 	1967 	3321
f 1234 	3571 	3565
f 1953 	3623 	1932
f 1943 	3641 	3623
f 12157 	3000 	2967
f 3621 	3641 	1943
f 3820 	3642 	3809
f 3728 	3648 	3647
f 3646 	3645 	3728
f 3672 	139 	3640
f 11931 	3728 	3645
f 3647 	3646 	3728
f 3624 	3571 	1234
f 3677 	3638 	730
f 3335 	3606 	3402
f 3634 	1831 	3637
f 693 	730 	3638
f 3637 	1777 	1838
f 3591 	3650 	3605
f 3637 	1832 	1777
f 3607 	3650 	3591
f 3431 	3432 	3651
f 3655 	3605 	3650
f 3651 	3740 	3431
f 705 	693 	3189
f 3631 	3325 	3641
f 3637 	3635 	3634
f 3641 	3325 	3622
f 3653 	3740 	3651
f 3626 	11931 	3649
f 3645 	3649 	11931
f 3606 	3651 	3402
f 3622 	3623 	3641
f 3606 	3335 	3558
f 3728 	3629 	3648
f 3693 	3631 	3641
f 3643 	3619 	11943
f 3402 	3651 	3432
f 3652 	3655 	3650
f 3650 	3607 	3652
f 3739 	3854 	3652
f 1838 	3517 	3637
f 3672 	11609 	139
f 2216 	2242 	3813
f 3643 	11943 	3644
f 3750 	3189 	3192
f 3861 	3669 	2131
f 3606 	3608 	3651
f 705 	3189 	3750
f 1768 	1811 	3656
f 3494 	3661 	3427
f 3662 	3656 	1811
f 3494 	3664 	3661
f 3656 	3662 	3665
f 2056 	3665 	3662
f 3656 	3667 	3678
f 3588 	3666 	3589
f 3659 	3589 	3666
f 3660 	3659 	3666
f 11793 	3618 	3658
f 3461 	3464 	3576
f 3656 	3665 	3667
f 3628 	201 	3639
f 3519 	3661 	3670
f 3665 	3686 	3667
f 3806 	3671 	3862
f 3658 	3657 	11793
f 3657 	3660 	11793
f 3668 	3734 	3730
f 3666 	11793 	3660
f 3671 	2856 	3862
f 1811 	2056 	3662
f 3675 	3674 	11943
f 11943 	3673 	3644
f 3673 	11943 	3674
f 3464 	3416 	3576
f 3664 	3670 	3661
f 2754 	2856 	3671
f 834 	11609 	3672
f 12357 	1005 	3810
f 3677 	3676 	3679
f 3678 	3621 	3656
f 3675 	2979 	3614
f 3675 	3614 	3681
f 3605 	3655 	3664
f 3674 	3675 	3682
f 3681 	3682 	3675
f 3517 	3598 	3637
f 3260 	3252 	3683
f 11974 	11920 	3284
f 3252 	3284 	3683
f 730 	669 	3677
f 3678 	3686 	3689
f 3757 	3679 	3676
f 3680 	3678 	3689
f 3713 	10534 	3690
f 3667 	3686 	3678
f 1284 	3691 	3687
f 3621 	3693 	3641
f 911 	3690 	910
f 3694 	3733 	3692
f 3692 	3733 	3636
f 3712 	911 	3695
f 3632 	3635 	3711
f 3694 	3696 	3733
f 3712 	3690 	911
f 3698 	3672 	3685
f 3761 	3326 	3693
f 3621 	3678 	3693
f 1324 	3767 	1327
f 3725 	3704 	3705
f 3702 	10534 	3706
f 3699 	3738 	3700
f 1142 	1329 	3704
f 3697 	3628 	3639
f 3326 	3631 	3693
f 3697 	3639 	3687
f 3695 	3702 	3706
f 3687 	3691 	3697
f 3326 	3325 	3631
f 3716 	10534 	3713
f 3701 	12021 	3707
f 3805 	3709 	705
f 3637 	3711 	3635
f 1288 	3705 	1329
f 3690 	3712 	3713
f 3598 	3991 	3711
f 3633 	3738 	3714
f 3711 	3637 	3598
f 3706 	10534 	3716
f 808 	739 	3709
f 3712 	3716 	3713
f 3714 	3738 	3718
f 3715 	3719 	3717
f 3705 	3704 	1329
f 3723 	3709 	3771
f 3716 	3712 	3706
f 3695 	3706 	3712
f 2774 	3695 	12353
f 2774 	2768 	3695
f 3711 	3993 	3855
f 3702 	3642 	3703
f 3416 	3668 	3688
f 3726 	3652 	3607
f 3727 	3729 	3715
f 3729 	3719 	3715
f 808 	3709 	3723
f 3652 	3726 	3724
f 3735 	3719 	3729
f 3529 	3726 	3607
f 3672 	3640 	3710
f 2791 	3695 	2768
f 3686 	3729 	3689
f 3704 	3724 	3726
f 3642 	3737 	3703
f 3710 	284 	287
f 3722 	3739 	3652
f 3729 	3727 	3689
f 284 	3710 	3640
f 3820 	3737 	3642
f 7185 	3719 	3735
f 3709 	3805 	3771
f 3734 	3731 	3730
f 3734 	3653 	3731
f 3724 	3722 	3652
f 3653 	4267 	3731
f 7185 	3717 	3719
f 3734 	3740 	3653
f 806 	808 	3723
f 12021 	3701 	3738
f 3734 	3668 	3428
f 3745 	3746 	3747
f 3740 	3734 	3428
f 3710 	3685 	3672
f 3748 	3746 	3745
f 3748 	3750 	3746
f 834 	3698 	3685
f 3746 	3751 	3747
f 3668 	3425 	3428
f 3750 	3751 	3746
f 3743 	3708 	12021
f 3708 	3707 	12021
f 3428 	3431 	3740
f 2179 	3735 	3729
f 3744 	3743 	12021
f 3753 	3745 	3747
f 3753 	3747 	3751
f 3749 	3744 	12021
f 3639 	201 	200
f 3699 	3718 	3738
f 3745 	3754 	3748
f 3686 	2108 	3729
f 3730 	4268 	4266
f 3704 	3725 	3724
f 3738 	11954 	12021
f 4269 	4129 	3668
f 3639 	200 	3620
f 11954 	3738 	3728
f 3529 	1142 	3704
f 3668 	3730 	4269
f 3529 	3704 	3726
f 3750 	3192 	3751
f 1129 	1117 	3755
f 200 	3752 	3620
f 3754 	3174 	3638
f 1044 	8952 	8953
f 3192 	3174 	3751
f 3742 	10535 	3741
f 3742 	3762 	10535
f 3754 	3745 	3753
f 3754 	3753 	3174
f 1046 	8952 	1044
f 1044 	8953 	3756
f 3756 	1048 	1044
f 3756 	3755 	1048
f 1046 	1114 	8952
f 3638 	3677 	3785
f 3705 	1327 	3760
f 3760 	3725 	3705
f 3760 	3767 	3725
f 3679 	3757 	3677
f 3471 	3758 	3473
f 4028 	3727 	3715
f 3757 	3999 	4024
f 2724 	2474 	8781
f 2724 	8781 	2720
f 3766 	3772 	3797
f 3693 	3849 	3761
f 2941 	2720 	8781
f 3767 	3760 	1327
f 10535 	3797 	3772
f 3769 	3763 	8394
f 8403 	3769 	8394
f 3772 	3741 	10535
f 3757 	3785 	3677
f 3774 	2356 	2344
f 3599 	3774 	3469
f 3758 	3759 	3775
f 228 	3628 	290
f 3628 	272 	290
f 3628 	228 	201
f 3394 	3774 	1994
f 3758 	3775 	3778
f 2285 	3687 	3639
f 3778 	3782 	3758
f 3696 	3777 	3733
f 3776 	3733 	3777
f 3779 	3860 	3776
f 3774 	2351 	2356
f 3781 	3815 	3790
f 3774 	3768 	2351
f 3867 	3860 	3780
f 1468 	3781 	3790
f 3806 	3808 	3583
f 3775 	3789 	3778
f 1431 	3781 	1468
f 2326 	2216 	3813
f 3813 	3721 	2326
f 3765 	3766 	3797
f 1468 	3790 	1467
f 3788 	3764 	3791
f 3757 	3764 	3785
f 3768 	3793 	2351
f 3478 	3473 	3758
f 2351 	3784 	3783
f 200 	2798 	3752
f 3793 	3784 	2351
f 3775 	3786 	3789
f 3803 	3789 	3786
f 287 	262 	3710
f 3803 	3786 	3799
f 262 	699 	3710
f 2351 	3783 	3654
f 272 	3628 	3869
f 3628 	3794 	3869
f 3759 	3758 	3471
f 3471 	3775 	3759
f 3703 	3797 	3702
f 3703 	3737 	3797
f 10534 	3702 	3797
f 3471 	3786 	3775
f 3823 	3239 	3257
f 3991 	3598 	3602
f 1272 	1277 	3794
f 3897 	3798 	3872
f 3239 	3823 	3799
f 3794 	3628 	1272
f 3796 	3800 	3797
f 3800 	3801 	3797
f 3802 	3797 	3801
f 3697 	1272 	3628
f 3612 	3613 	3989
f 3797 	11384 	3765
f 3768 	4011 	3798
f 3799 	3786 	3239
f 3800 	3792 	3801
f 1284 	1282 	3691
f 3800 	3796 	3792
f 3697 	3691 	1272
f 3792 	3802 	3801
f 1282 	1272 	3691
f 3989 	3602 	3612
f 2073 	2758 	2761
f 3792 	11382 	3802
f 3816 	3814 	3797
f 3796 	3797 	3807
f 4012 	4011 	3768
f 3817 	3797 	976
f 3823 	3778 	3789
f 3478 	3758 	3782
f 3924 	3798 	3897
f 3790 	3787 	1477
f 3783 	3784 	3813
f 3793 	3813 	3784
f 920 	3797 	3810
f 3807 	3792 	3796
f 3838 	3721 	3813
f 3807 	3797 	3814
f 3816 	3797 	3817
f 3791 	3818 	3788
f 3807 	3814 	3792
f 3813 	3812 	3838
f 3790 	3815 	3787
f 3817 	3792 	3816
f 3814 	3816 	3792
f 920 	976 	3797
f 3577 	9735 	3795
f 3785 	3764 	3805
f 917 	3792 	976
f 3817 	976 	3792
f 3826 	3974 	3812
f 3785 	3754 	3638
f 3783 	3813 	3654
f 3948 	3792 	3937
f 3813 	2005 	3654
f 3791 	4039 	3818
f 3824 	3819 	3620
f 2280 	2005 	3813
f 3785 	3750 	3748
f 3785 	3805 	3750
f 3809 	3810 	3797
f 3737 	3820 	3797
f 3727 	3857 	3689
f 2082 	2795 	1286
f 3820 	3809 	3797
f 2758 	1286 	2795
f 3788 	3818 	3822
f 3789 	3803 	3823
f 2779 	3809 	3642
f 3803 	3799 	3823
f 2779 	3642 	2789
f 2634 	2757 	3795
f 3826 	3813 	3793
f 3768 	3798 	3793
f 3620 	3752 	3824
f 3702 	2791 	3642
f 3793 	3798 	3826
f 3702 	3695 	2791
f 2798 	3819 	3824
f 3754 	3785 	3748
f 3805 	705 	3750
f 3824 	3752 	2798
f 3826 	3985 	3827
f 2795 	1306 	2798
f 3813 	3826 	3812
f 3823 	4114 	3825
f 3823 	3825 	3821
f 2166 	3819 	2177
f 3819 	2285 	3620
f 2285 	3819 	2166
f 2177 	3819 	2060
f 2795 	2082 	1306
f 3926 	3829 	3927
f 11977 	3284 	11975
f 3883 	3985 	3826
f 1362 	3869 	2318
f 3833 	3829 	1015
f 4025 	3715 	3717
f 2758 	2073 	1292
f 2981 	1015 	1254
f 3832 	3725 	3835
f 1463 	2117 	3851
f 3720 	3836 	3717
f 2347 	1463 	3851
f 1292 	1286 	2758
f 3829 	3926 	3981
f 3837 	3831 	2859
f 3981 	3983 	3829
f 3720 	3721 	3838
f 4031 	4035 	3828
f 3725 	3832 	3724
f 3832 	3722 	3724
f 3994 	3676 	3828
f 3836 	3720 	3838
f 3994 	3828 	3996
f 3835 	3725 	3767
f 3741 	2878 	3742
f 3994 	3757 	3676
f 11234 	3765 	11384
f 3838 	3845 	3836
f 3843 	3842 	3841
f 3841 	3840 	3843
f 3838 	3812 	3845
f 3846 	4423 	3767
f 3549 	3761 	3849
f 3448 	3326 	3761
f 3856 	2347 	3851
f 11441 	11440 	3847
f 3767 	3773 	3846
f 11234 	11233 	2884
f 11298 	11346 	3392
f 11346 	11348 	3392
f 3680 	3849 	3678
f 3773 	3844 	3846
f 3849 	3852 	3572
f 3769 	3848 	3850
f 3854 	3832 	3853
f 3680 	3852 	3849
f 3840 	3839 	3843
f 3850 	3763 	3769
f 3855 	3632 	3711
f 3572 	3549 	3849
f 3832 	3854 	3722
f 3851 	2880 	3856
f 2367 	2384 	3137
f 3854 	3739 	3722
f 3137 	3140 	2367
f 3843 	3839 	3858
f 3851 	2803 	2880
f 3108 	3863 	4004
f 3856 	3137 	2347
f 3137 	2384 	2347
f 3862 	3663 	3861
f 2853 	3762 	3742
f 3861 	3663 	3669
f 3693 	3678 	3849
f 3105 	11242 	2853
f 3859 	3852 	3680
f 3863 	3097 	6521
f 2884 	2878 	3765
f 3766 	3765 	2878
f 2878 	3772 	3766
f 3862 	3804 	3808
f 2878 	3741 	3772
f 3864 	3355 	4010
f 3806 	3862 	3808
f 11241 	3762 	2853
f 2856 	3663 	3862
f 3765 	11234 	2884
f 632 	4968 	863
f 3869 	1277 	2318
f 268 	1362 	2359
f 3733 	3776 	3860
f 2367 	268 	2359
f 3780 	3860 	3779
f 2367 	3140 	268
f 3798 	3873 	3879
f 272 	3869 	268
f 3798 	3924 	3873
f 3519 	3870 	2926
f 1190 	210 	3864
f 3794 	1277 	3869
f 632 	502 	4968
f 3798 	3883 	3826
f 2073 	2761 	2126
f 3877 	3878 	3888
f 3874 	3842 	3860
f 3843 	3860 	3842
f 2972 	2146 	2128
f 1216 	1189 	3864
f 3860 	3875 	3874
f 2126 	2972 	2128
f 3885 	3880 	3860
f 2146 	2971 	2127
f 3798 	3879 	3883
f 3860 	3880 	3875
f 2971 	2122 	2127
f 4289 	3871 	3868
f 3894 	3843 	3858
f 1214 	3911 	3886
f 3864 	4010 	3905
f 3872 	3798 	4011
f 3940 	12206 	3894
f 3923 	3850 	3848
f 3876 	3860 	3866
f 3884 	3886 	3911
f 3911 	1214 	1216
f 3478 	3782 	3882
f 3905 	3911 	3864
f 3567 	3478 	3882
f 3859 	4002 	3852
f 3881 	3860 	3876
f 3867 	3866 	3860
f 3927 	3962 	3941
f 3927 	3941 	3926
f 3941 	1225 	3981
f 3885 	3860 	3881
f 3882 	3923 	3920
f 3778 	3958 	3782
f 3882 	3782 	3958
f 3670 	3988 	3978
f 3937 	3938 	3928
f 3058 	3044 	4020
f 3857 	4028 	3865
f 903 	3877 	3929
f 3939 	12206 	3940
f 3956 	3882 	3958
f 3689 	3857 	3859
f 3956 	3923 	3882
f 3044 	2926 	4020
f 1259 	3983 	1225
f 3981 	1225 	3983
f 3859 	3680 	3689
f 3939 	3932 	12206
f 3938 	3941 	3928
f 917 	1225 	3792
f 3938 	3792 	3941
f 3942 	3970 	3969
f 2926 	3976 	4020
f 3937 	3928 	3948
f 3946 	3948 	3928
f 3976 	2926 	3870
f 3823 	3821 	3950
f 3865 	4028 	3942
f 3857 	3951 	3859
f 3823 	3950 	3778
f 3950 	3958 	3778
f 3929 	772 	770
f 3763 	3850 	3956
f 3850 	3923 	3956
f 3956 	4017 	3763
f 3854 	4352 	3954
f 777 	3929 	3957
f 4352 	3955 	3954
f 3958 	3950 	3956
f 3652 	3954 	3655
f 4017 	3956 	3950
f 3957 	3828 	777
f 3928 	3941 	3986
f 3962 	3986 	3941
f 11682 	11683 	3934
f 3655 	3954 	3955
f 3929 	3919 	3957
f 3854 	3954 	3652
f 3923 	4324 	3920
f 3888 	3929 	3877
f 3888 	3919 	3929
f 3888 	3973 	3919
f 3923 	8248 	4324
f 3865 	3951 	3857
f 3965 	3967 	4067
f 3865 	3942 	3969
f 3988 	3664 	3968
f 3969 	3951 	3865
f 3992 	3968 	3953
f 3970 	3951 	3969
f 3655 	3955 	3968
f 3664 	3655 	3968
f 3951 	3970 	3985
f 901 	3972 	3973
f 3974 	4033 	3812
f 3827 	3974 	3826
f 3973 	933 	901
f 3825 	4114 	4013
f 3670 	3978 	3976
f 3975 	3977 	4361
f 3830 	3974 	3827
f 3664 	3988 	3670
f 3942 	3974 	3830
f 3926 	3941 	3981
f 11686 	11682 	11738
f 3976 	3870 	3670
f 3990 	3942 	3830
f 4028 	3974 	3942
f 3929 	839 	903
f 4154 	3982 	4073
f 1015 	3829 	3983
f 4047 	3951 	3985
f 3988 	3976 	3978
f 3985 	3990 	3830
f 3827 	3985 	3830
f 3928 	3986 	3963
f 3988 	3968 	3992
f 3877 	903 	916
f 3989 	3613 	9420
f 3973 	899 	933
f 3973 	3878 	899
f 3972 	4031 	3919
f 3972 	3919 	3973
f 3990 	3970 	3942
f 3970 	3990 	3985
f 3602 	5894 	3991
f 3878 	3973 	3888
f 3873 	3924 	3985
f 3879 	3873 	3985
f 3905 	4764 	3911
f 3602 	7397 	5894
f 3985 	3883 	3879
f 4403 	4405 	3992
f 3828 	4035 	3997
f 3828 	3997 	3996
f 3987 	3992 	4405
f 3994 	3999 	3757
f 3993 	3995 	3855
f 4002 	3572 	3852
f 9928 	4002 	3951
f 9725 	9723 	3795
f 3859 	3951 	4002
f 4007 	3763 	4017
f 9725 	3795 	9735
f 4015 	4001 	4010
f 3905 	4010 	4001
f 9737 	9728 	4006
f 4009 	4010 	3355
f 3764 	3757 	4024
f 3872 	4011 	4012
f 4024 	3791 	3764
f 4012 	3601 	3872
f 4017 	3821 	4007
f 4608 	3997 	4610
f 3963 	3986 	11740
f 3997 	4024 	4018
f 4009 	4037 	4015
f 4013 	3821 	3825
f 4003 	4018 	4024
f 3996 	4018 	4003
f 3996 	3997 	4018
f 4010 	4009 	4015
f 9897 	4043 	9895
f 3355 	4004 	4009
f 3996 	4003 	3999
f 3792 	3938 	3937
f 4000 	4024 	3997
f 4000 	3997 	4608
f 9895 	3924 	3897
f 3928 	4019 	3946
f 4019 	3792 	3946
f 4004 	3355 	3108
f 4024 	4000 	4330
f 9928 	9929 	4002
f 496 	11382 	4019
f 4017 	3950 	3821
f 3948 	3946 	3792
f 2961 	3868 	4021
f 4020 	4023 	3061
f 3994 	3996 	3999
f 3962 	3927 	4021
f 11740 	3986 	4021
f 4024 	3999 	4003
f 4022 	8903 	9739
f 3836 	4025 	3717
f 9739 	9745 	4022
f 4028 	3715 	4027
f 4006 	9732 	4022
f 4020 	4037 	4023
f 4022 	9745 	4006
f 9737 	4006 	9745
f 3568 	3332 	4029
f 8903 	4022 	3804
f 4033 	4028 	4027
f 4024 	4059 	3791
f 4029 	3061 	3568
f 4027 	3715 	4025
f 3808 	3804 	4022
f 4031 	3828 	3957
f 3957 	3919 	4031
f 4032 	3836 	4033
f 4022 	9735 	3577
f 4027 	4025 	4032
f 4009 	4004 	4046
f 4027 	4032 	4033
f 4022 	3577 	3583
f 4025 	3836 	4032
f 3583 	3808 	4022
f 4021 	3868 	3871
f 3836 	3845 	4033
f 4035 	4031 	4030
f 3862 	3861 	8906
f 4091 	4036 	4021
f 8906 	8903 	3862
f 3727 	4028 	3857
f 4037 	3976 	3988
f 11719 	4021 	4036
f 4037 	4020 	3976
f 4033 	3845 	3812
f 3871 	4091 	4021
f 3974 	4028 	4033
f 4037 	4009 	4023
f 4043 	4042 	4041
f 4041 	4047 	4043
f 4041 	3951 	4047
f 3863 	3389 	4004
f 4047 	9895 	4043
f 9910 	3951 	4041
f 4047 	3985 	3924
f 4768 	4161 	4048
f 3924 	9895 	4047
f 4066 	4001 	4015
f 4510 	4049 	4124
f 3977 	5964 	3736
f 4001 	4764 	3905
f 4021 	11756 	11740
f 3962 	4021 	3986
f 4023 	4009 	4053
f 4009 	4046 	4056
f 4059 	4039 	3791
f 3575 	3576 	4113
f 3575 	4114 	3257
f 4062 	4009 	4056
f 3979 	3980 	7376
f 3536 	3567 	3882
f 3920 	3536 	3882
f 4066 	4037 	3988
f 4067 	3967 	4069
f 4066 	4015 	4037
f 4144 	4053 	4066
f 4066 	4053 	4062
f 3536 	3920 	4067
f 4053 	4009 	4062
f 3606 	4069 	3608
f 4062 	4001 	4066
f 12100 	4055 	4081
f 3992 	3987 	4066
f 3992 	4066 	3988
f 11823 	4058 	4052
f 4114 	3823 	3257
f 3861 	8940 	8906
f 3861 	8989 	8940
f 4062 	4082 	4001
f 3576 	3688 	4176
f 11834 	4159 	4182
f 4079 	4077 	4076
f 4055 	4182 	4081
f 3818 	4061 	3822
f 4083 	4063 	4061
f 4082 	4062 	4078
f 4061 	3818 	4083
f 3818 	4039 	4083
f 4506 	4039 	4059
f 3980 	3979 	4089
f 3979 	3984 	4089
f 3221 	6714 	6680
f 3258 	6680 	6682
f 4093 	4089 	3984
f 3258 	3221 	6680
f 3984 	4074 	4093
f 4052 	4099 	3917
f 4078 	4095 	4098
f 4089 	4093 	4077
f 4078 	4062 	4095
f 3732 	4216 	3282
f 4076 	4077 	4093
f 3298 	4125 	4100
f 4074 	4076 	4093
f 3297 	3290 	4106
f 4108 	4104 	4105
f 4095 	4161 	4097
f 4108 	4107 	4104
f 4109 	4078 	4098
f 4082 	4078 	4109
f 8989 	2131 	3233
f 4783 	4066 	3987
f 4066 	4783 	4135
f 4113 	4013 	4114
f 4289 	515 	4091
f 3575 	4113 	4114
f 2303 	2335 	4122
f 4134 	3233 	3025
f 4122 	3025 	2303
f 3927 	3829 	2960
f 4097 	4161 	4082
f 4097 	4082 	4109
f 4119 	4120 	4121
f 3833 	1015 	2981
f 4049 	4147 	4150
f 1254 	1010 	2981
f 4049 	4150 	4124
f 3833 	2981 	2983
f 4155 	4775 	4774
f 4100 	4125 	4126
f 4100 	4126 	4101
f 2335 	1829 	4122
f 4122 	4121 	4134
f 4122 	4134 	3025
f 4287 	4107 	4108
f 4147 	4049 	4127
f 4079 	4136 	4077
f 4155 	4115 	4775
f 4136 	4089 	4077
f 4123 	4511 	4124
f 3298 	4200 	4125
f 4511 	4510 	4124
f 4123 	4051 	4511
f 4120 	4134 	4121
f 3927 	2960 	4021
f 3282 	3289 	4075
f 4068 	4070 	4145
f 3353 	4200 	3298
f 3868 	2961 	4270
f 4072 	4147 	4071
f 3353 	4181 	4179
f 4071 	4147 	4169
f 4149 	3346 	3383
f 4135 	4144 	4066
f 4150 	4147 	4072
f 4072 	4068 	4145
f 4158 	3967 	4154
f 4072 	4145 	4150
f 4021 	2960 	2961
f 4144 	4115 	4155
f 4123 	4150 	4145
f 2960 	3829 	10632
f 4144 	4135 	4115
f 4069 	4158 	4073
f 4158 	4069 	3967
f 4158 	4154 	4073
f 4150 	4123 	4124
f 4070 	4111 	4145
f 4062 	4056 	4095
f 3982 	3608 	4073
f 4165 	4166 	4164
f 4163 	4164 	4166
f 4152 	4149 	4160
f 3233 	4134 	8989
f 4164 	4163 	4176
f 3560 	4160 	3383
f 4056 	4048 	4161
f 4122 	1829 	4284
f 4149 	3383 	4160
f 4122 	4112 	4121
f 4165 	4245 	4166
f 4166 	4165 	4176
f 4166 	4236 	4165
f 4358 	4170 	4143
f 4095 	4056 	4161
f 4048 	4056 	4046
f 4371 	4171 	4170
f 4166 	4174 	4163
f 4173 	4163 	4174
f 4172 	4173 	4174
f 4111 	4051 	4123
f 4172 	4295 	4177
f 4177 	4245 	4163
f 4177 	4163 	4173
f 4177 	4173 	4172
f 3421 	1555 	3366
f 4111 	4123 	4145
f 1555 	3367 	3366
f 4143 	4171 	4180
f 4180 	4217 	4185
f 4051 	4111 	4521
f 3367 	1515 	4183
f 3406 	4183 	4175
f 4181 	3343 	4149
f 4171 	4143 	4170
f 4182 	11114 	4081
f 3353 	3343 	4181
f 1515 	3367 	1555
f 11114 	1316 	4081
f 4181 	4149 	4152
f 4276 	4119 	4121
f 4183 	1535 	1952
f 4607 	4605 	4183
f 2859 	3831 	3121
f 4208 	4439 	4184
f 3127 	3121 	3831
f 4214 	4178 	4186
f 4173 	4176 	4163
f 3831 	3922 	3127
f 1214 	3886 	4193
f 4323 	3127 	3922
f 4173 	4172 	4176
f 4245 	4347 	4177
f 4178 	4195 	4186
f 4178 	4179 	4195
f 1834 	4194 	1430
f 4169 	4204 	4184
f 4181 	4195 	4179
f 4181 	7061 	4195
f 4116 	4169 	4184
f 6919 	4192 	4197
f 4198 	4258 	4194
f 11120 	1316 	4139
f 4192 	4224 	4197
f 4163 	4253 	4173
f 1834 	4193 	4194
f 4194 	4193 	4198
f 3353 	4207 	4200
f 4172 	4173 	4253
f 4204 	4169 	4147
f 4193 	4203 	4198
f 2711 	4201 	352
f 4204 	4147 	4127
f 3608 	3982 	3651
f 4205 	4206 	4219
f 4184 	4204 	4208
f 3886 	3884 	4205
f 4245 	4177 	4253
f 4205 	3884 	4206
f 3886 	4205 	4193
f 4174 	4166 	4245
f 4205 	4203 	4193
f 4205 	4187 	4198
f 4174 	4166 	4176
f 4205 	4219 	4187
f 4207 	4178 	4214
f 4014 	4013 	4113
f 4113 	4045 	4014
f 4205 	4198 	4203
f 3282 	4075 	3736
f 4187 	4258 	4198
f 3736 	3971 	3282
f 4174 	4236 	4166
f 3668 	4129 	4176
f 4207 	4214 	4218
f 4176 	3688 	3668
f 4235 	4176 	4129
f 4217 	4220 	4192
f 4347 	3576 	4176
f 3884 	4219 	4206
f 4237 	4218 	4214
f 4223 	4224 	4220
f 4164 	4225 	4165
f 4224 	4192 	4220
f 4225 	4164 	4176
f 4530 	4187 	4219
f 4236 	4253 	4225
f 4164 	4225 	4253
f 4214 	4221 	4237
f 4165 	4225 	4176
f 4216 	4106 	3290
f 3290 	3282 	4216
f 3732 	3282 	3971
f 4225 	4165 	4236
f 4244 	4220 	4202
f 4239 	4106 	4216
f 4239 	3297 	4106
f 4217 	4171 	4202
f 4163 	4245 	4164
f 4225 	4164 	4245
f 4217 	4202 	4220
f 4244 	4223 	4220
f 3732 	4239 	4216
f 359 	352 	5936
f 4163 	4164 	4253
f 4172 	4253 	4177
f 4251 	3736 	4075
f 4217 	4180 	4171
f 359 	5936 	2099
f 3384 	3297 	4239
f 3653 	3982 	4267
f 3982 	3653 	3651
f 4225 	4245 	4165
f 4202 	4440 	4250
f 3982 	4142 	4267
f 3982 	4253 	4142
f 3289 	3411 	4251
f 5868 	2228 	2214
f 4101 	4257 	4100
f 4262 	4245 	4253
f 3298 	4100 	4259
f 4257 	4259 	4100
f 4126 	4257 	4101
f 4239 	3462 	3384
f 4267 	4268 	3730
f 3847 	11351 	3085
f 4251 	4075 	3289
f 3822 	4061 	4265
f 4224 	4223 	4263
f 4265 	4061 	4445
f 3731 	4267 	3730
f 3085 	3122 	3847
f 4269 	4235 	4129
f 4292 	4197 	4224
f 4266 	4269 	3730
f 4268 	4269 	4266
f 3917 	4099 	4331
f 4307 	3771 	4271
f 4269 	4236 	4235
f 3771 	3805 	4271
f 4271 	3788 	3822
f 4268 	4253 	4236
f 4236 	4269 	4268
f 4271 	3805 	3764
f 4268 	4267 	4142
f 4142 	4253 	4268
f 4306 	4263 	4223
f 4250 	4244 	4202
f 4903 	4902 	4278
f 4121 	4112 	4276
f 4277 	4275 	4278
f 4250 	4306 	4244
f 4290 	4222 	6121
f 4290 	4226 	4222
f 4244 	4306 	4223
f 4262 	4278 	4245
f 4054 	6053 	4276
f 7836 	4104 	4107
f 4054 	4276 	4284
f 7840 	7836 	4107
f 7840 	4107 	4287
f 4240 	4187 	4326
f 4187 	4240 	4258
f 4290 	2552 	4226
f 4289 	4091 	3871
f 1829 	4054 	4284
f 1430 	4194 	4286
f 4306 	4252 	4291
f 4265 	4441 	4271
f 4265 	4271 	3822
f 4194 	4258 	4286
f 4284 	4276 	4112
f 4112 	4122 	4284
f 4286 	1431 	1430
f 4286 	3781 	1431
f 4262 	4277 	4278
f 4231 	4057 	4294
f 4271 	3764 	3788
f 4251 	3977 	3736
f 4295 	4172 	4174
f 4319 	4231 	4294
f 4102 	4201 	2711
f 4224 	4263 	4292
f 4286 	4296 	3781
f 4306 	4292 	4263
f 3815 	3781 	4296
f 4286 	4293 	4296
f 4245 	4177 	4295
f 4296 	4293 	9528
f 2552 	4290 	566
f 4176 	4172 	4347
f 4172 	4177 	4347
f 3787 	3815 	4296
f 4291 	4252 	4829
f 4291 	4292 	4306
f 4174 	4245 	4295
f 4829 	7327 	4291
f 4176 	4295 	4174
f 4240 	4326 	4336
f 3576 	4347 	4113
f 4587 	4271 	4441
f 4347 	4045 	4113
f 4423 	3832 	3835
f 4102 	4215 	4201
f 4295 	4235 	4236
f 4236 	4174 	4295
f 4176 	4235 	4295
f 4102 	4290 	4272
f 4250 	4252 	4306
f 4312 	5061 	4305
f 4430 	3846 	4507
f 4294 	4057 	4531
f 3846 	4430 	4437
f 4270 	4289 	3868
f 3982 	5008 	5014
f 4251 	3411 	4312
f 3771 	4307 	4348
f 4312 	3411 	3364
f 4439 	4313 	4385
f 4305 	4361 	4312
f 4110 	4331 	4099
f 4334 	4309 	4289
f 493 	4309 	4110
f 493 	4289 	4309
f 10524 	3821 	4013
f 4231 	4319 	4308
f 3844 	4507 	3846
f 4303 	4258 	4240
f 4303 	4293 	4286
f 4303 	4286 	4258
f 4555 	4584 	4208
f 4329 	9068 	3208
f 4330 	4575 	4517
f 4332 	4309 	4333
f 4199 	4329 	3208
f 4329 	4199 	3127
f 4309 	4334 	4333
f 4328 	9541 	9556
f 3127 	4323 	4329
f 3982 	4837 	4845
f 4154 	4831 	3982
f 4325 	4336 	4326
f 4325 	4240 	4336
f 4303 	4240 	4325
f 3982 	4831 	5008
f 5218 	4337 	5212
f 4335 	4643 	4343
f 8984 	4120 	4119
f 4348 	4337 	4338
f 4952 	4014 	4045
f 4307 	4271 	4587
f 3968 	3955 	4352
f 4347 	4955 	4045
f 3953 	3968 	4352
f 4352 	4354 	3953
f 4351 	3433 	3459
f 3579 	4350 	4331
f 4357 	4071 	4169
f 4071 	4357 	4072
f 3600 	4350 	3578
f 4350 	3579 	3578
f 3600 	3617 	4350
f 4334 	4332 	4333
f 4348 	4307 	4353
f 4361 	4305 	4304
f 4357 	4068 	4072
f 4357 	4070 	4068
f 4361 	4304 	4360
f 4277 	4362 	4275
f 4357 	4363 	4070
f 4307 	4355 	4353
f 4331 	4110 	4332
f 3977 	4251 	4312
f 4277 	4918 	4362
f 4110 	4309 	4332
f 4278 	4275 	4362
f 3977 	4312 	4361
f 4943 	4920 	4277
f 4353 	4355 	4337
f 4262 	4943 	4277
f 4353 	4337 	4348
f 4337 	4355 	4397
f 4357 	4356 	4363
f 4262 	4253 	4943
f 4245 	4278 	4902
f 4343 	4367 	4335
f 4357 	4369 	4396
f 4357 	4184 	4369
f 4396 	4385 	4357
f 4367 	4202 	4371
f 4143 	4364 	4359
f 4143 	4359 	4358
f 4359 	4367 	4375
f 4356 	4111 	4363
f 4367 	4371 	4375
f 4359 	4375 	4358
f 4521 	4111 	4356
f 4170 	4358 	4371
f 4363 	4111 	4070
f 4116 	4357 	4169
f 4371 	4358 	4375
f 5132 	6460 	4376
f 4116 	4184 	4357
f 4304 	4376 	4360
f 4379 	4382 	5199
f 4379 	5199 	4378
f 4357 	4391 	4356
f 4384 	4392 	6933
f 4357 	4393 	4391
f 5135 	5132 	4376
f 4377 	4380 	4390
f 4376 	4304 	5135
f 4401 	4392 	4384
f 4390 	4394 	4377
f 4372 	4395 	4379
f 4379 	4398 	4382
f 4395 	4372 	4410
f 4395 	4398 	4379
f 4399 	4352 	3854
f 3854 	4344 	4399
f 4344 	4435 	4399
f 3853 	4344 	3854
f 4400 	4431 	4398
f 4352 	4399 	4354
f 4391 	4319 	4356
f 4431 	4414 	4398
f 4435 	4412 	4399
f 4400 	4398 	4395
f 4354 	4399 	4412
f 4337 	4735 	4734
f 4337 	4397 	4735
f 2057 	4404 	2058
f 3953 	4403 	3992
f 2057 	2038 	4404
f 2037 	4404 	2038
f 4406 	4407 	2074
f 4734 	5369 	5208
f 2074 	2058 	4406
f 4407 	4408 	2049
f 4403 	3953 	4354
f 6521 	3330 	4409
f 4407 	2049 	2074
f 4406 	2058 	4404
f 4384 	6904 	4401
f 4405 	4403 	4354
f 4408 	4411 	2040
f 3330 	6521 	3093
f 4409 	3330 	3338
f 4404 	2037 	4413
f 4354 	4412 	4405
f 6521 	3097 	3093
f 4406 	4404 	4413
f 4409 	3338 	4434
f 4408 	4407 	4411
f 4407 	4406 	4411
f 4398 	4414 	4402
f 4945 	4522 	4394
f 4335 	4367 	4359
f 301 	3148 	3151
f 4382 	4398 	4402
f 4521 	4356 	4294
f 4294 	4356 	4319
f 4392 	4415 	6952
f 6952 	4415 	7122
f 305 	4421 	303
f 301 	4421 	305
f 3853 	3832 	4423
f 4400 	4395 	4410
f 3846 	4437 	4423
f 4422 	4308 	4393
f 3835 	3767 	4423
f 4429 	520 	504
f 4319 	4391 	4308
f 4385 	4424 	4432
f 4428 	4431 	4400
f 4357 	4422 	4393
f 4357 	4424 	4422
f 4432 	4357 	4385
f 4344 	3853 	4423
f 4432 	4424 	4357
f 4435 	4433 	4430
f 4308 	4391 	4393
f 4435 	4430 	4416
f 4367 	4343 	4202
f 4437 	4430 	4433
f 4202 	4343 	4440
f 4313 	4467 	4424
f 4437 	4433 	4344
f 4396 	4439 	4385
f 2251 	2165 	4438
f 4202 	4171 	4371
f 4431 	4484 	4414
f 4344 	4433 	4435
f 4574 	4440 	4343
f 4437 	4344 	4423
f 4443 	4250 	4440
f 2251 	4438 	2176
f 4184 	4439 	4369
f 4439 	4396 	4369
f 4508 	4435 	4416
f 338 	341 	3081
f 4208 	4313 	4439
f 4308 	4422 	4454
f 4440 	4599 	4443
f 4424 	4454 	4422
f 4402 	4449 	4484
f 4454 	4424 	4457
f 4460 	4454 	4457
f 4400 	4410 	4428
f 4454 	4460 	4308
f 4457 	4465 	4460
f 4457 	4467 	4465
f 4428 	4410 	4436
f 4385 	4313 	4424
f 4428 	4436 	4468
f 4313 	5490 	4467
f 4424 	4467 	4457
f 4435 	4508 	4412
f 301 	2165 	3148
f 5483 	4308 	4460
f 5483 	4460 	5513
f 4441 	4265 	4445
f 4436 	4674 	4475
f 4476 	4456 	4473
f 4061 	4063 	4445
f 4466 	4462 	4458
f 4483 	4881 	4474
f 4484 	4449 	4414
f 4475 	4468 	4436
f 4493 	4922 	4492
f 4450 	301 	3151
f 4325 	4326 	4492
f 4481 	5310 	4482
f 4492 	4326 	4493
f 4496 	4473 	4461
f 4489 	4496 	4461
f 4509 	4490 	4484
f 4484 	4431 	4509
f 4499 	4474 	4477
f 4490 	4580 	4484
f 4499 	4785 	4892
f 4476 	4473 	4496
f 4499 	4892 	4474
f 4490 	4475 	4571
f 4496 	4861 	4476
f 4506 	4059 	4518
f 4428 	4490 	4431
f 4490 	4509 	4431
f 4490 	4571 	4576
f 4421 	301 	4450
f 4428 	4468 	4490
f 4481 	5286 	5310
f 4829 	4250 	4456
f 4736 	4421 	4450
f 4250 	4443 	4456
f 4444 	4506 	4448
f 4495 	4782 	4488
f 4777 	4421 	4736
f 4475 	4490 	4468
f 4481 	4482 	4049
f 4553 	4504 	4445
f 4083 	4506 	4063
f 4506 	4083 	4039
f 4514 	4516 	4557
f 4063 	4444 	4445
f 4508 	4416 	4507
f 5306 	5280 	4511
f 4063 	4506 	4444
f 5280 	4495 	4511
f 5306 	4511 	4544
f 4518 	4330 	4517
f 4495 	4488 	4511
f 4507 	4416 	4430
f 4514 	4557 	4637
f 4510 	4488 	4481
f 4980 	4412 	4508
f 4481 	4049 	4510
f 4520 	4515 	4512
f 4510 	4511 	4488
f 4507 	9741 	4925
f 10587 	4377 	719
f 4513 	4520 	4512
f 4518 	4024 	4330
f 4521 	4544 	4511
f 4520 	4513 	4524
f 4518 	4059 	4024
f 506 	4524 	4513
f 4521 	4511 	4051
f 4294 	4531 	4521
f 4520 	4524 	4429
f 4445 	4587 	4441
f 4587 	4445 	4504
f 4529 	4523 	4489
f 4524 	520 	4429
f 506 	520 	4524
f 4489 	4461 	4529
f 4517 	4525 	4506
f 4525 	4448 	4506
f 4538 	4539 	4535
f 4517 	4506 	4518
f 4402 	4414 	4449
f 4326 	4187 	4530
f 4539 	4546 	4535
f 4531 	4544 	4521
f 4517 	4656 	4525
f 4535 	4566 	4564
f 5393 	4057 	4231
f 10594 	4394 	4522
f 10594 	4377 	4394
f 4553 	4307 	4504
f 4654 	4634 	4522
f 1119 	4522 	4634
f 4546 	4539 	2410
f 4637 	4523 	4537
f 4523 	4637 	4557
f 5437 	4555 	5445
f 4580 	4490 	4560
f 4475 	4674 	4548
f 4543 	4542 	4475
f 4556 	4535 	4564
f 4548 	4543 	4475
f 4529 	4537 	4523
f 4456 	4443 	4599
f 4570 	5042 	4564
f 4599 	4473 	4456
f 4490 	4567 	4560
f 4517 	4575 	4656
f 4576 	4567 	4490
f 4535 	4546 	2410
f 4440 	4574 	4599
f 4570 	3369 	5042
f 4482 	5308 	4532
f 4566 	4570 	4564
f 687 	4625 	1080
f 3456 	4528 	4715
f 4535 	2420 	4566
f 5483 	5393 	4231
f 4570 	4566 	2420
f 4581 	4582 	1972
f 4484 	4652 	4402
f 4570 	2420 	3369
f 2420 	4535 	2410
f 4583 	4204 	4127
f 2411 	2410 	4539
f 4484 	4580 	4652
f 4584 	4313 	4208
f 4208 	4583 	4532
f 4494 	4491 	4590
f 4692 	4552 	4589
f 4397 	4355 	4593
f 4556 	4538 	4535
f 5308 	4208 	4532
f 4725 	4705 	4538
f 4208 	5308 	4555
f 4538 	4705 	4761
f 4583 	4208 	4204
f 4555 	4600 	4584
f 4593 	4589 	4552
f 4307 	4589 	4593
f 4593 	4552 	4551
f 4762 	4539 	4538
f 4049 	4583 	4127
f 4581 	4563 	4582
f 4762 	4538 	4761
f 4583 	4482 	4532
f 4582 	1952 	1972
f 4563 	4528 	4582
f 4583 	4049 	4482
f 4582 	4528 	1952
f 4648 	4564 	5042
f 4553 	4589 	4307
f 4593 	4355 	4307
f 4563 	4581 	1954
f 4581 	1977 	1954
f 4584 	4600 	4313
f 4563 	1954 	4554
f 4950 	4648 	5042
f 4307 	4587 	4504
f 4605 	3430 	3406
f 4605 	3456 	3430
f 4175 	4605 	3406
f 4996 	4599 	4951
f 4599 	4574 	4340
f 4599 	4340 	4951
f 4808 	4612 	767
f 4175 	4183 	4605
f 4622 	4594 	4410
f 4618 	4608 	4610
f 4410 	4372 	4622
f 4622 	5346 	4594
f 545 	4512 	4653
f 4607 	4183 	1952
f 4619 	4693 	4700
f 5354 	4402 	5880
f 4528 	4719 	4715
f 4616 	4516 	4514
f 4607 	4528 	4605
f 4607 	1952 	4528
f 4515 	4624 	4691
f 1080 	4625 	1078
f 4605 	4528 	3456
f 5900 	5880 	4402
f 4402 	4626 	5900
f 4624 	4612 	4808
f 4402 	5963 	4626
f 4616 	4514 	4631
f 545 	506 	4513
f 4513 	4512 	545
f 4611 	1078 	4625
f 4429 	4515 	4520
f 4575 	4641 	4633
f 4635 	4624 	4515
f 4634 	4458 	1119
f 4641 	4575 	4330
f 4429 	4612 	4635
f 4516 	4957 	4557
f 4429 	4635 	4515
f 4612 	4624 	4635
f 4636 	4630 	1891
f 1891 	1916 	4636
f 4956 	4637 	4537
f 4690 	4606 	4609
f 4330 	4000 	4641
f 4639 	687 	1113
f 4639 	4625 	687
f 4608 	4641 	4000
f 4466 	4639 	1113
f 4335 	6820 	7046
f 4613 	4674 	4594
f 4641 	4618 	4610
f 4556 	4564 	4648
f 4641 	4608 	4618
f 4950 	4597 	4648
f 4628 	4651 	4630
f 4953 	4638 	4597
f 4335 	7046 	4643
f 4648 	4597 	4638
f 4648 	4653 	4556
f 4642 	4343 	4643
f 4642 	4574 	4343
f 4552 	4786 	4551
f 4528 	4563 	4719
f 4692 	4786 	4552
f 4640 	4639 	4654
f 4652 	4686 	4649
f 4656 	4661 	4525
f 4328 	4655 	4642
f 4656 	4575 	4657
f 4515 	4676 	4512
f 4659 	4719 	4554
f 4512 	4681 	4653
f 4444 	4448 	4661
f 4648 	4638 	4687
f 4655 	4328 	4685
f 563 	4653 	4648
f 4685 	4328 	4677
f 4681 	4673 	4556
f 4556 	4653 	4681
f 4668 	4328 	9556
f 706 	697 	4619
f 4328 	4642 	4643
f 4619 	4700 	4667
f 9556 	4669 	4668
f 4661 	4656 	4657
f 4674 	4543 	4548
f 4661 	4448 	4525
f 4640 	4654 	6879
f 4634 	4639 	4458
f 4639 	4466 	4458
f 4681 	4512 	4676
f 4682 	4680 	4684
f 698 	682 	4606
f 4673 	4681 	4676
f 4659 	4628 	4719
f 4684 	4680 	4657
f 4654 	4639 	4634
f 4651 	4628 	4659
f 972 	4967 	973
f 4328 	4683 	4677
f 4594 	4674 	4436
f 4638 	4967 	972
f 4410 	4594 	4436
f 4638 	972 	561
f 4684 	4657 	4786
f 4651 	4659 	4554
f 561 	4687 	4638
f 5023 	4654 	4522
f 4653 	563 	545
f 4522 	9898 	5023
f 563 	4648 	4687
f 4680 	4661 	4657
f 4692 	4445 	4444
f 4669 	4699 	4683
f 6881 	4887 	4640
f 4668 	4669 	4683
f 4553 	4445 	4692
f 4668 	4683 	4328
f 4649 	4686 	4795
f 4692 	4684 	4786
f 741 	4690 	11867
f 4444 	4682 	4692
f 4619 	692 	4693
f 4682 	4684 	4692
f 4682 	4661 	4680
f 4682 	4444 	4661
f 4683 	4699 	4695
f 4692 	4589 	4553
f 4828 	5147 	4701
f 4700 	4693 	7137
f 4554 	2010 	4651
f 4705 	4691 	4707
f 1835 	4651 	2010
f 4683 	4695 	4677
f 4522 	4945 	4935
f 4707 	4691 	4708
f 1835 	1866 	4651
f 4575 	4633 	4657
f 4729 	4628 	4630
f 5963 	4402 	4652
f 4657 	4633 	4711
f 4772 	4795 	4686
f 4628 	4729 	3481
f 4707 	4761 	4705
f 4606 	4690 	741
f 741 	694 	4606
f 4667 	4700 	4714
f 4625 	4639 	4998
f 3510 	3488 	4715
f 4998 	4712 	4625
f 4786 	4657 	4711
f 4515 	4705 	4725
f 4515 	4691 	4705
f 4554 	4719 	4563
f 4494 	4717 	4387
f 4494 	4590 	4717
f 4586 	5427 	4713
f 4717 	4590 	4872
f 4720 	4556 	4673
f 4720 	4538 	4556
f 4628 	4738 	4715
f 4720 	4673 	4676
f 4538 	4720 	4725
f 4715 	4719 	4628
f 4711 	4787 	4786
f 4795 	4721 	5990
f 4676 	4515 	4725
f 4728 	4711 	4633
f 4676 	4725 	4720
f 4830 	4787 	4711
f 4707 	4769 	5048
f 5990 	4649 	4795
f 4630 	4636 	4729
f 4674 	4542 	4543
f 4728 	4830 	4711
f 4542 	4674 	4613
f 4641 	4728 	4633
f 4729 	4636 	4730
f 4542 	4613 	4586
f 4619 	4667 	4752
f 4586 	4713 	4542
f 4636 	3482 	4730
f 4736 	4733 	4777
f 4667 	4714 	4752
f 4803 	7486 	4732
f 4738 	3510 	4715
f 4752 	4766 	4619
f 4737 	4696 	4751
f 3481 	3510 	4738
f 4693 	716 	7137
f 4736 	4912 	4916
f 4895 	4896 	4736
f 4738 	4628 	3481
f 9035 	4912 	4736
f 4770 	706 	4619
f 4609 	4689 	4690
f 694 	698 	4606
f 4749 	4785 	4748
f 4686 	4652 	4580
f 4750 	4732 	4724
f 4735 	4746 	5736
f 4753 	4219 	3884
f 4733 	4748 	4731
f 4735 	5736 	6233
f 4906 	4219 	4753
f 4733 	4736 	4748
f 4748 	4736 	4749
f 3884 	3911 	4753
f 4696 	4712 	4751
f 3208 	4450 	3151
f 4530 	4219 	4906
f 5010 	4727 	4737
f 4551 	4786 	4754
f 4735 	4397 	4760
f 4707 	4708 	4755
f 4397 	4593 	4760
f 4760 	4593 	4551
f 4735 	4760 	4746
f 4689 	4609 	4763
f 2411 	4539 	4762
f 4761 	2411 	4762
f 4760 	4754 	4830
f 4048 	4764 	4768
f 4082 	4161 	4768
f 4767 	4751 	4712
f 4746 	4760 	4765
f 4761 	3364 	2411
f 4961 	4751 	4767
f 4768 	4001 	4082
f 4767 	4963 	4961
f 4755 	4769 	4707
f 4750 	4695 	4699
f 4830 	4765 	4760
f 4619 	4766 	7155
f 4750 	4724 	4695
f 4768 	4764 	4001
f 4708 	4701 	4755
f 4770 	2183 	2094
f 4560 	4686 	4580
f 5048 	4769 	4755
f 4696 	4737 	4611
f 4770 	4619 	7155
f 4772 	4686 	4560
f 4097 	4109 	4771
f 2094 	706 	4770
f 4774 	4098 	4095
f 4614 	4743 	4615
f 9622 	4803 	4732
f 4775 	4098 	4774
f 4712 	4611 	4625
f 4775 	4771 	4098
f 4803 	9622 	4716
f 4611 	4712 	4696
f 4727 	4743 	4614
f 4481 	4488 	4778
f 4642 	4655 	4780
f 4098 	4771 	4109
f 4551 	4754 	4760
f 4777 	4779 	4421
f 4567 	4772 	4560
f 4779 	303 	4421
f 4475 	4542 	4773
f 3987 	4405 	4783
f 4782 	4778 	4488
f 4773 	4571 	4475
f 4786 	4787 	4754
f 4788 	4789 	4790
f 4784 	4785 	4499
f 4655 	4685 	4780
f 4576 	4772 	4567
f 4685 	4340 	4780
f 4772 	4576 	4776
f 401 	4784 	4499
f 4340 	4642 	4780
f 4773 	4776 	4576
f 4340 	4574 	4642
f 4773 	4576 	4571
f 4115 	4796 	4775
f 4784 	4798 	4792
f 4793 	4792 	4798
f 4774 	4097 	4771
f 4685 	5032 	4340
f 4796 	4115 	4135
f 4542 	4713 	4794
f 4779 	4784 	401
f 4731 	4798 	4733
f 5032 	4685 	9702
f 9702 	4685 	4677
f 4733 	4800 	4777
f 4794 	4776 	4773
f 4797 	4834 	4765
f 4785 	4784 	4792
f 4799 	4776 	4794
f 4773 	4542 	4794
f 4792 	4748 	4785
f 4798 	4779 	4777
f 4776 	4799 	4795
f 4784 	4779 	4798
f 4776 	4795 	4772
f 4798 	4777 	4800
f 4728 	4641 	5713
f 4617 	4732 	4616
f 4617 	4724 	4732
f 4799 	4794 	4804
f 4798 	4731 	4793
f 4616 	4732 	7486
f 4804 	4721 	4795
f 4808 	4807 	4806
f 4795 	4799 	4804
f 4724 	4617 	4954
f 7077 	4803 	4716
f 4811 	4806 	4807
f 4811 	4808 	4806
f 4691 	4624 	4808
f 4815 	4790 	4789
f 4815 	4788 	4790
f 3965 	4810 	4816
f 4790 	5148 	4788
f 4815 	5306 	4790
f 4495 	4823 	4782
f 4807 	4817 	4811
f 4823 	4495 	4931
f 4790 	4788 	4495
f 4788 	4931 	4495
f 4789 	4931 	4788
f 4790 	4495 	4815
f 4797 	4765 	4830
f 4781 	4778 	4857
f 4778 	4782 	4857
f 4746 	4765 	5764
f 7077 	7486 	4803
f 4826 	4828 	4825
f 5764 	4765 	4834
f 4825 	4828 	4701
f 4728 	4835 	4797
f 4252 	4250 	4829
f 4830 	4728 	4797
f 4830 	4754 	4787
f 4805 	5917 	4819
f 4816 	4810 	4831
f 4817 	4828 	4826
f 4832 	4819 	5917
f 4796 	4135 	4783
f 4828 	4833 	5327
f 4834 	4797 	4835
f 4796 	4774 	4771
f 4828 	4856 	4833
f 4829 	4456 	4476
f 5327 	5018 	4828
f 4810 	8933 	4831
f 4097 	4774 	4095
f 4836 	4834 	4835
f 4885 	4839 	4837
f 4771 	4775 	4796
f 4708 	4825 	4701
f 4811 	4708 	4691
f 3982 	5014 	4837
f 4811 	4825 	4708
f 4867 	4844 	5239
f 4811 	4691 	4808
f 4817 	4826 	4811
f 4796 	4155 	4774
f 1141 	4615 	4844
f 4728 	5713 	4835
f 4825 	4811 	4826
f 4844 	4872 	4855
f 4872 	4844 	4867
f 4836 	4851 	4852
f 4842 	4844 	4855
f 4852 	4834 	4836
f 1002 	4870 	4838
f 4856 	4866 	1096
f 4412 	4846 	4405
f 4855 	4853 	4842
f 4856 	4828 	4866
f 4847 	4843 	7327
f 4782 	4823 	4857
f 4931 	4857 	4823
f 7007 	1094 	4866
f 4866 	1094 	1096
f 4817 	4807 	1043
f 7007 	4866 	4817
f 4817 	4866 	4828
f 4155 	4796 	4878
f 4791 	4872 	4867
f 4816 	4831 	4154
f 4154 	3967 	4816
f 5420 	5417 	1092
f 4816 	3967 	3965
f 4856 	1096 	1092
f 4496 	4489 	4861
f 4792 	4793 	4731
f 4861 	4999 	4917
f 4405 	4846 	4878
f 4733 	4798 	4800
f 4861 	4957 	4999
f 1966 	4855 	4872
f 4796 	4783 	4878
f 4792 	4731 	4748
f 4867 	4865 	4791
f 4476 	4861 	4847
f 4405 	4878 	4783
f 7327 	4476 	4847
f 5747 	5764 	4834
f 4259 	4257 	4884
f 4155 	4878 	4962
f 4125 	4200 	4884
f 5079 	5081 	4868
f 4599 	4996 	4473
f 4883 	4870 	4868
f 4523 	4861 	4489
f 4884 	4126 	4125
f 4477 	4474 	4881
f 4870 	4864 	4838
f 4883 	4994 	4838
f 4884 	4257 	4126
f 4499 	4477 	4881
f 4523 	4957 	4861
f 4838 	4864 	4883
f 4933 	4483 	4474
f 3076 	4881 	4483
f 4837 	5014 	4885
f 4483 	4933 	3076
f 4901 	4409 	4434
f 3153 	3076 	4933
f 3076 	3081 	10362
f 4883 	4864 	4870
f 4144 	4155 	4962
f 4881 	3076 	10362
f 4880 	4930 	5116
f 4980 	4846 	4412
f 4892 	4893 	4916
f 4893 	4895 	4896
f 4893 	4896 	4749
f 4893 	4749 	4748
f 4887 	4886 	4894
f 4893 	4897 	4895
f 4897 	4893 	4748
f 4892 	4897 	4893
f 4897 	4916 	4893
f 4909 	4901 	4434
f 4897 	4748 	4749
f 4897 	4749 	4896
f 4048 	3521 	4764
f 4888 	6967 	4409
f 4894 	4639 	4640
f 4896 	4785 	4749
f 4896 	4895 	4897
f 4902 	4903 	4854
f 4895 	4785 	4896
f 4901 	4888 	4409
f 4892 	4785 	4895
f 4892 	4895 	4897
f 4894 	4640 	4887
f 4854 	4347 	4902
f 4901 	4909 	4888
f 6968 	6967 	4888
f 4887 	6881 	6943
f 4753 	3911 	3521
f 4888 	4909 	4910
f 4245 	4902 	4347
f 3911 	4764 	3521
f 4912 	4911 	4916
f 4918 	5129 	4903
f 4913 	4894 	4886
f 4749 	4736 	4896
f 4913 	4998 	4894
f 4884 	4909 	4259
f 4918 	4920 	4921
f 4507 	4925 	4926
f 4473 	4996 	4461
f 4885 	4921 	4839
f 4529 	4461 	4996
f 4926 	4508 	4507
f 4916 	4897 	4736
f 4895 	4736 	4897
f 4200 	4207 	4909
f 4909 	3184 	4259
f 4909 	4434 	3184
f 4932 	4931 	4789
f 4909 	4207 	4910
f 5081 	4883 	4868
f 4207 	4218 	4910
f 4933 	4474 	4892
f 4920 	4839 	4921
f 4892 	4936 	3153
f 4892 	4916 	4936
f 4925 	9741 	9747
f 4946 	4922 	4939
f 4493 	4939 	4922
f 4921 	4885 	5129
f 4380 	4927 	4928
f 4884 	4200 	4909
f 4493 	4326 	4939
f 4918 	4921 	5129
f 4943 	4253 	3982
f 4380 	4944 	4390
f 3208 	4736 	4450
f 4945 	4394 	4390
f 4908 	4910 	4218
f 3982 	4845 	4943
f 4326 	4530 	4939
f 4932 	4890 	4931
f 4933 	4892 	3153
f 4278 	4362 	4918
f 4918 	4903 	4278
f 4238 	4947 	4237
f 4218 	4237 	4908
f 4943 	4845 	4920
f 4387 	4942 	4927
f 3528 	9774 	4946
f 4947 	4908 	4237
f 4837 	4839 	4920
f 9759 	9742 	4946
f 4837 	4920 	4845
f 4898 	4857 	4890
f 3526 	3528 	4946
f 4946 	9742 	4492
f 4922 	4946 	4492
f 4277 	4920 	4918
f 6740 	7335 	4530
f 4380 	4928 	4944
f 4946 	4939 	3527
f 4944 	4935 	4945
f 4597 	4950 	4953
f 4944 	4928 	4935
f 4946 	3527 	3526
f 4944 	4945 	4390
f 3527 	4939 	4530
f 4617 	4616 	4954
f 4890 	4857 	4931
f 3543 	3568 	4053
f 4956 	4529 	4996
f 4053 	4144 	3543
f 4781 	4857 	4898
f 4045 	4955 	4952
f 3568 	4023 	4053
f 4529 	4956 	4537
f 4013 	4014 	10524
f 4952 	10524 	4014
f 4494 	4387 	4927
f 5079 	4868 	4890
f 4717 	4942 	4387
f 5007 	4981 	4917
f 4523 	4557 	4957
f 4949 	4947 	4238
f 4949 	4908 	4947
f 3061 	4023 	3568
f 4956 	4724 	4954
f 5067 	806 	3723
f 4956 	4954 	4631
f 4631 	4954 	4616
f 4631 	4514 	4956
f 4637 	4956 	4514
f 3771 	4348 	3723
f 5000 	973 	4967
f 4990 	4961 	4963
f 4965 	4979 	4986
f 1002 	4868 	4870
f 4969 	973 	5000
f 4838 	1007 	1002
f 4953 	4967 	4638
f 7235 	4962 	4978
f 4953 	3441 	4967
f 1008 	1007 	4838
f 10541 	4952 	4955
f 4846 	3609 	7348
f 4847 	4861 	4981
f 4962 	4878 	4978
f 4878 	4846 	4978
f 4917 	4981 	4861
f 3609 	4846 	4980
f 1074 	4969 	1110
f 4959 	4983 	5248
f 5009 	4969 	5000
f 4961 	4990 	4989
f 5028 	5002 	4969
f 4965 	4986 	4885
f 4925 	3596 	4988
f 4913 	4886 	4990
f 4992 	4993 	4995
f 4994 	1008 	4838
f 5009 	4948 	4969
f 1008 	4994 	4997
f 4998 	4913 	4990
f 5000 	3499 	4948
f 4957 	5001 	4999
f 4508 	4991 	4980
f 5001 	4992 	4995
f 3609 	4980 	4991
f 5003 	5004 	5005
f 4955 	4347 	4979
f 4991 	4508 	4988
f 4854 	4986 	4979
f 4508 	4926 	4988
f 4979 	4347 	4854
f 4998 	4990 	4963
f 4926 	4925 	4988
f 4917 	4999 	5007
f 5000 	4948 	5009
f 4999 	5001 	5007
f 5001 	4995 	5007
f 4967 	3441 	5000
f 5004 	5012 	5005
f 5003 	5012 	5004
f 3878 	5004 	5003
f 5014 	5008 	4880
f 5015 	5012 	5004
f 5015 	5004 	3878
f 3878 	3877 	5015
f 5015 	5017 	5012
f 5062 	4965 	5014
f 4885 	5014 	4965
f 5012 	5003 	5005
f 4957 	4993 	4992
f 4998 	4963 	4767
f 4957 	4992 	5001
f 5010 	4961 	4989
f 5091 	4965 	5062
f 4983 	4959 	4743
f 5006 	4997 	4883
f 5003 	5005 	3878
f 4994 	4883 	4997
f 10536 	4979 	4965
f 4886 	4887 	5027
f 5360 	5028 	5192
f 4996 	4951 	5035
f 5027 	4887 	6943
f 4956 	4996 	5033
f 6879 	4654 	5023
f 5031 	8378 	5030
f 8191 	5029 	5036
f 4951 	5032 	5035
f 5045 	5033 	4996
f 5035 	5045 	4996
f 5030 	5039 	5031
f 5037 	10541 	4979
f 5034 	5035 	5032
f 9702 	5034 	5032
f 10536 	5037 	4979
f 4755 	5038 	5061
f 5039 	8197 	5031
f 5034 	5043 	5035
f 5031 	8197 	8380
f 5040 	5044 	5041
f 5043 	5033 	5045
f 5040 	5064 	5044
f 3433 	3441 	4953
f 5035 	5043 	5045
f 8394 	8732 	5039
f 5004 	4968 	5003
f 5005 	5073 	5012
f 3364 	4761 	4707
f 5006 	5047 	4997
f 4724 	4956 	9704
f 916 	5017 	5015
f 4340 	5032 	4951
f 5093 	5003 	4968
f 5051 	5052 	5055
f 4968 	5004 	5012
f 5055 	5052 	5148
f 5058 	5049 	5060
f 5055 	5047 	5052
f 3433 	5042 	3386
f 4883 	5047 	5006
f 5042 	3433 	4953
f 5042 	4953 	4950
f 5051 	4931 	5052
f 5060 	7608 	5058
f 5051 	5079 	5052
f 5051 	5052 	4883
f 5047 	4883 	5052
f 916 	5015 	3877
f 5027 	5044 	5064
f 5129 	4885 	4986
f 5017 	4968 	5012
f 5014 	4880 	5062
f 421 	422 	5066
f 5064 	5040 	5089
f 806 	5067 	4971
f 5095 	5102 	5065
f 5065 	5102 	5066
f 5095 	5065 	553
f 5057 	5050 	5131
f 5027 	5068 	4886
f 5102 	5072 	5066
f 4789 	4788 	5148
f 5096 	5076 	5063
f 5077 	5079 	5081
f 5079 	5077 	5083
f 5093 	4968 	4971
f 5055 	5077 	5081
f 5055 	5081 	5051
f 5252 	5049 	5058
f 5077 	4931 	4932
f 5077 	4932 	5084
f 5077 	5084 	5083
f 5055 	5052 	4931
f 5055 	4931 	5077
f 5096 	537 	5076
f 5093 	5073 	5003
f 518 	5059 	5076
f 5148 	5077 	5055
f 5074 	5057 	5131
f 5077 	5047 	5055
f 5093 	4971 	5067
f 5068 	5027 	5064
f 5057 	5074 	7589
f 5064 	5089 	5068
f 4880 	5116 	5062
f 5072 	421 	5066
f 5077 	5148 	5047
f 4932 	4931 	5081
f 4932 	5081 	5079
f 4932 	5079 	5084
f 5083 	5084 	5079
f 5005 	5003 	5073
f 5081 	4931 	5051
f 5061 	5048 	4755
f 3364 	4707 	4312
f 5051 	5081 	5079
f 5052 	5079 	5148
f 5083 	5148 	5079
f 5048 	4312 	4707
f 5059 	5085 	5076
f 4305 	5061 	4304
f 5085 	5090 	5076
f 5085 	5072 	5090
f 5048 	5061 	4312
f 4990 	4886 	5097
f 655 	5095 	553
f 5038 	5135 	5061
f 5104 	4990 	5097
f 5067 	4337 	5093
f 5096 	5063 	898
f 537 	5096 	898
f 4969 	4948 	3495
f 5137 	898 	5063
f 5084 	4789 	5083
f 4932 	4789 	5084
f 5148 	5083 	4789
f 4886 	5068 	5097
f 5097 	5068 	5104
f 3495 	4948 	5103
f 5083 	5079 	4890
f 5051 	4883 	5081
f 5084 	4890 	4932
f 5083 	4890 	5084
f 5108 	5098 	5094
f 916 	863 	4968
f 5103 	3499 	3495
f 916 	4968 	5017
f 5000 	3441 	3499
f 5103 	4948 	3499
f 5099 	899 	5122
f 5122 	5100 	5099
f 5028 	4969 	3495
f 5012 	899 	5005
f 5192 	5028 	3495
f 899 	5012 	5073
f 5088 	4930 	4880
f 5113 	5010 	4989
f 5104 	5118 	4990
f 5306 	5380 	5148
f 5094 	5098 	5092
f 5100 	5122 	5247
f 5104 	5121 	5118
f 5102 	5153 	5090
f 5090 	5072 	5102
f 5121 	5125 	5118
f 5123 	655 	5124
f 5118 	5113 	4989
f 5195 	5086 	5161
f 5124 	655 	5177
f 5118 	4989 	4990
f 5118 	5125 	5115
f 4854 	4903 	5129
f 5127 	5126 	5128
f 5129 	4986 	4854
f 5133 	5130 	5131
f 5116 	5134 	5136
f 5133 	5050 	5049
f 5095 	655 	5123
f 5134 	5116 	4930
f 5135 	4304 	5061
f 5123 	5102 	5095
f 5132 	5135 	5038
f 3878 	5005 	899
f 5076 	5090 	5140
f 5088 	5134 	4930
f 5134 	5763 	5741
f 5073 	5093 	5101
f 5091 	5062 	5116
f 5049 	5138 	5133
f 5073 	5321 	5122
f 5113 	4983 	5010
f 5130 	5128 	5131
f 5122 	899 	5073
f 5038 	4755 	4701
f 5187 	4031 	3972
f 5200 	5131 	5128
f 5073 	5101 	5321
f 5147 	5152 	5149
f 5140 	5090 	5145
f 5146 	4983 	5113
f 5114 	5146 	5113
f 5131 	5050 	5133
f 5124 	5183 	5140
f 5153 	5124 	5140
f 5127 	5138 	5126
f 5152 	5175 	5149
f 5133 	5138 	5127
f 5127 	5130 	5133
f 5130 	5127 	5128
f 5118 	5115 	5114
f 5125 	5121 	6867
f 5240 	5126 	5138
f 5156 	5180 	5157
f 5156 	5160 	5180
f 5153 	5145 	5090
f 5118 	5114 	5113
f 5098 	5168 	5161
f 5158 	5122 	5321
f 5153 	5140 	5145
f 5102 	5123 	5153
f 3723 	4338 	4337
f 4997 	5148 	1163
f 5038 	4701 	5147
f 5137 	5140 	5183
f 5149 	5132 	5038
f 5124 	5153 	5123
f 5147 	5149 	5038
f 5063 	5076 	5140
f 5171 	5512 	5172
f 4997 	5047 	5148
f 5137 	5063 	5140
f 5174 	5176 	5170
f 5018 	5175 	5152
f 4297 	5149 	5175
f 5174 	5179 	5176
f 3723 	4348 	4338
f 4734 	5208 	4337
f 4337 	5208 	5212
f 5180 	5160 	5169
f 5183 	5181 	898
f 5067 	3723 	4337
f 5171 	5510 	5512
f 5171 	5157 	5510
f 5189 	5196 	5188
f 5108 	5168 	5098
f 5172 	6302 	5171
f 5193 	5187 	5188
f 5188 	5196 	5197
f 5168 	5195 	5161
f 4365 	5196 	5189
f 4622 	4372 	5198
f 4372 	4379 	5198
f 5578 	5176 	5179
f 5197 	5196 	4365
f 5074 	5131 	5200
f 5197 	4030 	5193
f 4030 	4031 	5187
f 5187 	5193 	4030
f 5177 	5183 	5124
f 5174 	5170 	5182
f 5198 	4379 	4378
f 5188 	5197 	5193
f 5182 	6752 	5174
f 4035 	4030 	5197
f 5203 	5250 	5202
f 5178 	5183 	5177
f 6257 	4890 	4868
f 5168 	5108 	5201
f 5190 	5178 	5213
f 4998 	4767 	4712
f 5203 	5210 	5250
f 5201 	5195 	5168
f 5181 	5183 	5178
f 5203 	5214 	5210
f 5093 	5218 	5101
f 5195 	5201 	5224
f 4737 	4751 	4961
f 5010 	4737 	4961
f 6685 	5215 	5217
f 5178 	5190 	5181
f 4727 	5010 	4983
f 5218 	5209 	5101
f 5093 	4337 	5218
f 5218 	5212 	5209
f 4743 	4959 	5248
f 4639 	4894 	4998
f 4743 	4727 	4983
f 5215 	5216 	5242
f 5222 	5229 	5190
f 5228 	5231 	4791
f 2214 	2213 	4958
f 5215 	5242 	5237
f 5181 	5190 	5229
f 4872 	4791 	5231
f 3495 	5215 	5192
f 4297 	5175 	5216
f 5235 	888 	2693
f 5360 	5215 	5237
f 5228 	4791 	4865
f 5138 	5251 	5240
f 5235 	5236 	5238
f 5242 	5246 	5237
f 4717 	4872 	5231
f 5247 	5260 	2693
f 5231 	5257 	4717
f 5253 	5195 	5224
f 2693 	2139 	5247
f 2139 	2700 	5247
f 5360 	5192 	5215
f 901 	888 	5235
f 5363 	5242 	5216
f 5216 	5175 	5363
f 5235 	5238 	901
f 973 	4969 	979
f 5252 	5251 	5138
f 3972 	901 	5238
f 4969 	982 	979
f 5238 	5187 	3972
f 946 	4969 	1055
f 5239 	4844 	5248
f 5049 	5252 	5138
f 946 	982 	4969
f 5058 	5251 	5252
f 4969 	1060 	1061
f 5247 	5158 	5262
f 1061 	1055 	4969
f 2700 	5100 	5247
f 5247 	5122 	5158
f 5258 	4969 	5002
f 5253 	5086 	5195
f 5534 	5537 	5244
f 5260 	5262 	5263
f 5353 	5244 	5537
f 5260 	5263 	5289
f 5275 	5202 	5250
f 5263 	5158 	5289
f 5250 	5281 	5275
f 5257 	5231 	5228
f 5236 	5235 	5278
f 5366 	5258 	5002
f 5262 	5158 	5263
f 5376 	5377 	5265
f 5247 	5262 	5260
f 5248 	5284 	5255
f 5255 	5239 	5248
f 5264 	5277 	5283
f 5286 	4481 	4778
f 5277 	5266 	5269
f 5278 	5279 	5276
f 5257 	9976 	4717
f 5277 	5264 	5266
f 5275 	5249 	5268
f 5279 	5260 	5276
f 5266 	5261 	5269
f 4717 	9976 	4942
f 4788 	5280 	4789
f 9976 	4927 	4942
f 5278 	5235 	2693
f 4815 	4789 	5282
f 5280 	5282 	4789
f 5280 	4788 	5282
f 4815 	5282 	4788
f 2693 	5279 	5278
f 2693 	5260 	5279
f 5148 	4790 	5306
f 5306 	4815 	5282
f 5306 	5282 	5280
f 5274 	4969 	5258
f 5282 	4495 	5280
f 4815 	4495 	5282
f 5146 	5287 	4983
f 5577 	5238 	5236
f 5284 	5307 	9985
f 4969 	1074 	1075
f 5579 	4969 	1075
f 5318 	5261 	7783
f 5290 	5288 	5434
f 5321 	5289 	5158
f 5297 	5277 	5269
f 4983 	5287 	5248
f 5284 	5248 	5287
f 5258 	5294 	5274
f 5236 	5278 	5291
f 5228 	4865 	5293
f 4781 	5286 	4778
f 5274 	5352 	1147
f 5239 	5255 	5299
f 5295 	5293 	5299
f 5299 	5255 	5295
f 5257 	5295 	5255
f 5293 	5295 	5228
f 5257 	5228 	5295
f 5303 	5296 	5292
f 4865 	4867 	5299
f 4867 	5239 	5299
f 5299 	5293 	4865
f 5313 	5301 	5303
f 5310 	5308 	4482
f 5283 	5277 	5311
f 5310 	5286 	5308
f 5515 	5292 	5296
f 5530 	7854 	5311
f 4969 	5274 	1147
f 1092 	5344 	4856
f 1147 	1110 	4969
f 5312 	5309 	5346
f 1092 	5417 	5344
f 5101 	5209 	5321
f 5251 	5058 	5315
f 5203 	5198 	5214
f 5308 	5368 	5316
f 4828 	5152 	5147
f 5308 	5666 	5368
f 5323 	4622 	5198
f 5632 	5315 	5645
f 5316 	4555 	5308
f 5324 	5645 	5315
f 5214 	5198 	4378
f 5203 	5323 	5198
f 5308 	6136 	5666
f 5018 	5152 	4828
f 5308 	6257 	6136
f 5209 	5212 	5321
f 5018 	5327 	4833
f 4833 	5334 	5333
f 5289 	5321 	5371
f 5300 	5297 	5269
f 5269 	5261 	5300
f 4833 	5333 	5018
f 5330 	5296 	5303
f 5285 	5267 	5330
f 5258 	5366 	5333
f 5584 	5267 	7589
f 7783 	5343 	5318
f 4898 	5308 	5286
f 5297 	5311 	5277
f 5347 	5348 	5331
f 5323 	5203 	5346
f 5344 	5294 	5333
f 5334 	5344 	5333
f 5346 	5309 	5345
f 5294 	5258 	5333
f 5331 	5539 	4824
f 5334 	4833 	5344
f 5344 	4833 	4856
f 4824 	5328 	5331
f 5335 	5148 	5380
f 4613 	5341 	5342
f 5331 	5348 	5539
f 5244 	5335 	5380
f 1143 	1147 	5352
f 5274 	5294 	5352
f 5236 	5291 	5577
f 4819 	5317 	5314
f 5318 	5358 	5355
f 5314 	5328 	4824
f 5344 	5352 	5294
f 5314 	5317 	5331
f 5314 	5331 	5328
f 6208 	5317 	4819
f 5403 	1143 	5352
f 5362 	5291 	5276
f 5276 	5291 	5278
f 5362 	5276 	5260
f 6208 	6186 	5317
f 5343 	5358 	5318
f 5289 	5362 	5260
f 5359 	5363 	5360
f 7856 	5361 	5364
f 5363 	5366 	5360
f 5358 	5370 	5355
f 5367 	5359 	5360
f 5358 	5357 	5370
f 5324 	5364 	5361
f 5368 	5666 	5356
f 5316 	5368 	5356
f 5346 	5203 	5312
f 5202 	5312 	5203
f 5333 	5366 	5363
f 5285 	5301 	5265
f 5318 	5484 	5261
f 5212 	5208 	5369
f 5199 	5375 	5302
f 5360 	5366 	5002
f 5330 	5303 	5301
f 5360 	5002 	5028
f 5371 	5372 	5362
f 5214 	5302 	5210
f 5214 	4378 	5199
f 5359 	5367 	5246
f 5199 	5302 	5214
f 5285 	5330 	5301
f 5246 	5360 	5237
f 5360 	5246 	5367
f 5018 	5333 	5363
f 5313 	5265 	5301
f 5362 	5289 	5371
f 5363 	5175 	5018
f 7958 	5370 	5357
f 5242 	5363 	5359
f 5362 	5372 	5291
f 5365 	5347 	5331
f 5365 	5533 	5347
f 5365 	2180 	5533
f 5380 	4531 	4057
f 5375 	5354 	5379
f 5381 	5317 	6186
f 5306 	4544 	5380
f 5376 	5378 	5377
f 5331 	5317 	5365
f 5595 	5371 	5321
f 5354 	5383 	5379
f 5405 	5460 	5376
f 5380 	4544 	4531
f 5374 	5365 	5381
f 5354 	5375 	4402
f 5317 	5381 	5365
f 5381 	5384 	5374
f 5374 	5384 	6818
f 5244 	5380 	5393
f 5375 	5199 	4402
f 5393 	5380 	4057
f 4615 	4743 	5248
f 5248 	4844 	4615
f 5268 	5438 	5309
f 5303 	5292 	5405
f 5398 	5342 	5341
f 5399 	5403 	5406
f 5406 	5407 	5399
f 5403 	5352 	5406
f 5402 	5460 	5405
f 5407 	5406 	5352
f 5344 	5407 	5352
f 5402 	5465 	5460
f 5407 	5401 	5399
f 5405 	5292 	5402
f 5441 	5465 	5402
f 5391 	5392 	5413
f 5426 	5441 	5402
f 5650 	1160 	5403
f 5405 	5313 	5303
f 1160 	1143 	5403
f 5392 	5414 	5413
f 5344 	5417 	5407
f 5419 	5340 	5391
f 5417 	5420 	5401
f 5413 	5419 	5391
f 5458 	5412 	5398
f 5407 	5417 	5401
f 1093 	1236 	5448
f 5376 	5313 	5405
f 2780 	2921 	5431
f 2921 	5461 	5431
f 5400 	5684 	5426
f 5518 	5421 	5409
f 2780 	5431 	2782
f 5431 	2783 	2782
f 5430 	5467 	5466
f 5268 	5290 	5438
f 5312 	5202 	5275
f 5431 	2932 	2783
f 5398 	5341 	5434
f 5434 	5341 	5345
f 5434 	5345 	5309
f 5438 	5434 	5309
f 4555 	5599 	5445
f 5387 	5390 	5446
f 5444 	5441 	5426
f 5446 	5435 	5387
f 5312 	5268 	5309
f 5268 	5312 	5275
f 5290 	5434 	5438
f 5447 	5430 	5466
f 5597 	5596 	5375
f 5491 	5578 	5448
f 1236 	5491 	5448
f 2921 	2952 	5442
f 5436 	5447 	5449
f 5390 	5433 	5446
f 5432 	5430 	5447
f 5432 	5447 	5436
f 5450 	5443 	5453
f 5433 	5435 	5446
f 5455 	5436 	5449
f 5429 	5455 	5449
f 5288 	5398 	5434
f 5179 	1093 	5448
f 5194 	5436 	5455
f 5457 	2932 	5431
f 5458 	5398 	5288
f 2921 	5442 	5461
f 5457 	5431 	5461
f 5442 	5457 	5461
f 5385 	5382 	5454
f 5376 	5460 	5465
f 5385 	5454 	5459
f 5459 	5462 	5697
f 5468 	2899 	5463
f 5454 	5462 	5459
f 5459 	5697 	5729
f 5468 	2949 	2899
f 5467 	5469 	5466
f 5471 	5465 	5441
f 5470 	5468 	5463
f 5468 	5470 	5442
f 5454 	6965 	5462
f 5441 	5444 	5471
f 2949 	5468 	5442
f 5471 	5376 	5465
f 5474 	5475 	5409
f 5297 	5300 	5387
f 2949 	5442 	2952
f 5300 	5390 	5387
f 5300 	5433 	5390
f 5300 	5261 	5433
f 5531 	5437 	5601
f 5473 	5477 	5496
f 5484 	5433 	5261
f 7876 	2946 	5478
f 5359 	5246 	5242
f 5486 	5470 	5478
f 5530 	5297 	5387
f 5483 	4231 	4308
f 5478 	5470 	5463
f 5479 	5677 	5501
f 5478 	5463 	5505
f 2946 	7876 	2939
f 8235 	5463 	8167
f 5433 	5484 	5556
f 5592 	5464 	5474
f 5485 	5383 	5472
f 5514 	5409 	5475
f 5475 	5474 	5464
f 5383 	5874 	5472
f 1563 	5491 	1237
f 5491 	1236 	1237
f 8040 	5482 	5476
f 5355 	5692 	5484
f 5484 	5692 	5556
f 5318 	5355 	5484
f 5487 	5436 	5194
f 5432 	5436 	5487
f 5556 	5435 	5433
f 6589 	5473 	5496
f 5498 	7931 	5378
f 6062 	5500 	5480
f 5444 	5498 	5471
f 5493 	5486 	5478
f 5376 	5265 	5313
f 5478 	2946 	5493
f 5471 	5498 	5376
f 5463 	8235 	5505
f 5378 	5376 	5498
f 6493 	5621 	5473
f 5504 	5447 	5466
f 5488 	5478 	5505
f 5505 	5443 	5488
f 5450 	5488 	5443
f 7931 	5498 	5444
f 6406 	6071 	5495
f 5495 	6071 	5427
f 6007 	5488 	5450
f 5302 	5596 	5210
f 5302 	5375 	5596
f 5194 	5455 	5511
f 5512 	5510 	5211
f 1563 	5456 	5491
f 5180 	5211 	5510
f 5512 	5211 	5223
f 5409 	5514 	1587
f 5534 	5393 	5523
f 5393 	5483 	5523
f 5429 	5449 	5525
f 5449 	5447 	5525
f 5455 	5429 	5511
f 1563 	5475 	5464
f 5512 	5223 	5516
f 1563 	5464 	5456
f 5514 	5475 	1563
f 5514 	1563 	1587
f 5518 	5409 	1516
f 5516 	5172 	5512
f 4916 	4911 	5517
f 5518 	5520 	5421
f 5564 	5411 	5513
f 5518 	1516 	5520
f 5510 	5157 	5180
f 5411 	5523 	5513
f 5523 	5411 	5540
f 5249 	5223 	5169
f 5513 	5523 	5483
f 5249 	5169 	6265
f 5516 	5532 	5172
f 5481 	5587 	5564
f 5223 	5211 	5180
f 5349 	5500 	8018
f 5223 	5180 	5169
f 5513 	5481 	5564
f 5530 	5480 	5500
f 5524 	5520 	1532
f 5524 	5421 	5520
f 5437 	5531 	5490
f 5311 	5297 	5530
f 5516 	5536 	5532
f 4313 	4600 	5437
f 4600 	4555 	5437
f 5437 	5490 	4313
f 5563 	5490 	5531
f 5534 	5244 	5393
f 5537 	5534 	5523
f 5353 	5537 	5523
f 5442 	5470 	5486
f 5457 	5486 	5493
f 5486 	5457 	5442
f 5355 	5370 	5692
f 5631 	5539 	1174
f 5521 	5402 	5519
f 5539 	1175 	1174
f 5521 	5426 	5402
f 5348 	5533 	1175
f 5539 	5348 	1175
f 8235 	5542 	5505
f 5542 	5443 	5505
f 6006 	6299 	5443
f 6006 	5443 	5542
f 5348 	5347 	5533
f 7958 	5541 	5535
f 5188 	5187 	5555
f 5189 	5188 	5555
f 5535 	5370 	7958
f 6766 	591 	592
f 5548 	598 	586
f 5550 	5189 	5549
f 5189 	5550 	4365
f 830 	6763 	586
f 5620 	5540 	5647
f 5540 	5538 	5647
f 5523 	5540 	5620
f 6721 	744 	5557
f 4807 	744 	5572
f 6804 	5572 	744
f 5340 	5566 	5555
f 744 	752 	5557
f 5566 	5340 	5573
f 5555 	5577 	5340
f 5605 	5340 	5575
f 5547 	5521 	5519
f 5340 	5577 	5575
f 5372 	5606 	5575
f 5549 	5189 	5555
f 5170 	5491 	5456
f 5549 	5555 	5566
f 5187 	5238 	5555
f 5170 	5578 	5491
f 5577 	5555 	5238
f 5179 	5448 	5578
f 1060 	5579 	5576
f 5576 	1006 	1060
f 1075 	7047 	5579
f 5577 	5291 	5575
f 5559 	5562 	5547
f 5575 	5291 	5372
f 830 	1006 	5576
f 5560 	5522 	5521
f 5560 	5521 	5547
f 5582 	4627 	4641
f 5582 	4641 	4610
f 5562 	5560 	5547
f 5584 	5201 	5108
f 5584 	5224 	5201
f 5584 	5200 	5128
f 5580 	5550 	5549
f 5584 	7589 	5200
f 5585 	1094 	7007
f 5587 	5655 	5564
f 5580 	5549 	5566
f 7007 	4817 	1043
f 5586 	5182 	5592
f 5572 	1043 	4807
f 5474 	5593 	5592
f 5108 	5094 	5584
f 5592 	5593 	5586
f 5713 	4627 	5582
f 5184 	5182 	5586
f 5371 	5595 	5372
f 5587 	5481 	5563
f 5540 	5411 	5564
f 5596 	5597 	5281
f 6506 	5584 	5094
f 5538 	5540 	5564
f 5250 	5210 	5596
f 5250 	5596 	5281
f 5584 	5128 	5126
f 5592 	5456 	5464
f 5536 	5597 	5630
f 5601 	5602 	5563
f 5516 	5223 	5603
f 5296 	5330 	5584
f 5592 	5170 	5456
f 5330 	5267 	5584
f 5603 	5249 	5275
f 5182 	5170 	5592
f 5575 	5606 	5605
f 5281 	5603 	5275
f 5170 	5176 	5578
f 5692 	5370 	5535
f 5563 	5531 	5601
f 5435 	5556 	5692
f 5597 	5603 	5281
f 5536 	5516 	5603
f 5597 	5536 	5603
f 5656 	5587 	5563
f 5391 	5340 	5605
f 5595 	5657 	5391
f 5316 	5356 	5599
f 5316 	5599 	4555
f 5607 	5762 	5761
f 5595 	5391 	5612
f 5607 	5761 	5609
f 5612 	5391 	5605
f 5607 	5609 	7991
f 5603 	5223 	5249
f 5618 	5387 	5435
f 1070 	5604 	1074
f 5647 	5619 	5620
f 5387 	5618 	5530
f 5224 	5632 	5253
f 5224 	5584 	5632
f 5584 	5126 	5632
f 5612 	5372 	5595
f 5606 	5372 	5612
f 5612 	5605 	5606
f 8014 	5623 	5624
f 5650 	7868 	1070
f 5630 	6306 	5532
f 5379 	5630 	5375
f 813 	1078 	4611
f 5604 	1070 	7868
f 5379 	5383 	5630
f 5361 	7856 	5629
f 5375 	5630 	5597
f 5532 	5536 	5630
f 5500 	5623 	8018
f 5621 	5472 	5473
f 5623 	8014 	8018
f 5314 	4824 	5631
f 5698 	5636 	5353
f 5630 	5485 	5621
f 5621 	5485 	5472
f 5383 	5485 	5630
f 5630 	5621 	5628
f 5480 	5618 	5622
f 5643 	4880 	5008
f 5008 	9272 	5643
f 5637 	1134 	7014
f 5126 	5240 	5632
f 5637 	1075 	1134
f 5480 	5530 	5618
f 5369 	5658 	5212
f 5335 	5244 	5026
f 5026 	5148 	5335
f 5315 	5632 	5251
f 5369 	4734 	5658
f 5636 	5244 	5353
f 5632 	5240 	5251
f 5159 	5244 	5636
f 5645 	5594 	5632
f 5159 	5026 	5244
f 5645 	5649 	5594
f 5649 	5645 	5629
f 5645 	5361 	5629
f 5324 	5361 	5645
f 5678 	5566 	5573
f 5601 	5654 	5602
f 5564 	5647 	5538
f 5648 	581 	2287
f 2287 	2224 	5648
f 5655 	5587 	5656
f 5401 	5652 	5399
f 5650 	5403 	5652
f 5693 	4365 	5550
f 5602 	5656 	5563
f 5638 	5648 	2224
f 5539 	5631 	4824
f 5654 	5656 	5602
f 5365 	6296 	5638
f 5655 	5647 	5564
f 5656 	5647 	5655
f 5365 	5638 	2180
f 5212 	5658 	5657
f 5643 	5783 	4880
f 5653 	5652 	5401
f 5686 	5656 	5654
f 5403 	5399 	5652
f 5783 	5134 	5088
f 5401 	5420 	5653
f 5601 	5686 	5654
f 5420 	1165 	5653
f 5480 	5622 	6062
f 5783 	5088 	4880
f 5356 	5665 	5599
f 5664 	5594 	5649
f 5665 	5809 	5599
f 8067 	8065 	5469
f 5469 	8063 	8067
f 5649 	5629 	5785
f 4734 	5662 	5658
f 5469 	8065 	5466
f 5594 	5664 	5253
f 4611 	1066 	813
f 5632 	5594 	5253
f 5631 	2036 	5685
f 5662 	4735 	6233
f 5292 	5519 	5402
f 4734 	4735 	5662
f 5321 	5212 	5657
f 5321 	5657 	5595
f 5673 	2405 	2396
f 5673 	2144 	2405
f 4805 	5673 	5917
f 4898 	5286 	4781
f 5400 	5426 	5521
f 5676 	5419 	5413
f 4898 	4890 	5308
f 5678 	5419 	5676
f 5624 	5623 	5644
f 4890 	6257 	5308
f 5680 	5400 	5521
f 2145 	2144 	5673
f 5566 	5678 	5787
f 5673 	2210 	2145
f 5678 	5340 	5419
f 8088 	5677 	7892
f 5809 	5686 	5601
f 5678 	5573 	5340
f 8088 	5430 	5677
f 5432 	5677 	5430
f 5684 	5400 	5680
f 2396 	5667 	5673
f 5432 	5487 	5677
f 5741 	5651 	5087
f 5809 	5445 	5599
f 8091 	5466 	8092
f 5437 	5445 	5809
f 5462 	5681 	5697
f 5657 	5658 	5687
f 5435 	5699 	5618
f 5191 	5665 	5356
f 5699 	5435 	5692
f 5191 	5356 	5666
f 6230 	5687 	5658
f 5666 	6136 	5191
f 5622 	5618 	5681
f 5197 	5693 	4035
f 5693 	3997 	4035
f 5701 	5631 	5685
f 5136 	5741 	5116
f 8091 	5504 	5466
f 2210 	5673 	4805
f 4805 	5685 	2210
f 5695 	5582 	5693
f 5701 	4819 	5631
f 5535 	5541 	5692
f 5582 	5695 	5713
f 5692 	5541 	5609
f 5710 	5713 	5695
f 5701 	4805 	4819
f 5582 	4610 	5693
f 5692 	5697 	5699
f 5701 	5685 	4805
f 5693 	4610 	3997
f 5444 	5426 	5684
f 5631 	4819 	5314
f 5693 	5580 	5787
f 1064 	1066 	4737
f 5550 	5580 	5693
f 4365 	5693 	5197
f 1064 	4737 	5705
f 5705 	4614 	4615
f 4727 	4614 	5705
f 4615 	1141 	5705
f 5725 	5710 	5695
f 5636 	5698 	5779
f 9273 	5696 	5783
f 5692 	5609 	5761
f 4611 	4737 	1066
f 5618 	5699 	5681
f 4737 	4727 	5705
f 5699 	5697 	5681
f 5522 	5680 	5521
f 5741 	5754 	5696
f 5697 	5692 	5729
f 4641 	4627 	5713
f 5713 	7749 	7761
f 5462 	5622 	5681
f 5522 	5560 	5680
f 5780 	5778 	5717
f 5738 	5622 	5462
f 5622 	5738 	5739
f 5684 	5680 	5718
f 4835 	5713 	7728
f 5724 	5711 	5714
f 5353 	5523 	5698
f 5523 	5620 	5698
f 5680 	5719 	5718
f 5713 	5710 	7749
f 5751 	5791 	5698
f 5791 	5694 	5702
f 5711 	5728 	5714
f 5977 	5729 	5692
f 5717 	5778 	5726
f 5977 	5692 	5761
f 5658 	5662 	6222
f 5718 	5742 	8318
f 5736 	4746 	5764
f 5734 	5745 	5735
f 5747 	4834 	7737
f 5742 	5737 	5744
f 5698 	5791 	5702
f 5623 	5500 	6062
f 5718 	5719 	5737
f 5737 	5742 	5718
f 5091 	5116 	5741
f 5749 	3066 	3033
f 5749 	3024 	3066
f 5749 	10075 	10019
f 3043 	6029 	3033
f 5779 	5755 	5636
f 5741 	5696 	5646
f 3462 	4239 	5782
f 5754 	5741 	5763
f 5671 	5759 	5866
f 5747 	7804 	5764
f 5759 	5671 	5766
f 5671 	5767 	5766
f 5607 	5769 	5762
f 5749 	3339 	3340
f 5136 	5134 	5741
f 5741 	5087 	5091
f 5723 	5778 	5740
f 5769 	5765 	5994
f 5778 	5723 	5726
f 5702 	5694 	5779
f 5779 	5698 	5702
f 5780 	5717 	5793
f 5776 	6009 	5728
f 5776 	5728 	5727
f 5783 	5696 	5754
f 5791 	5882 	5694
f 5775 	5476 	5827
f 5787 	5580 	5566
f 5834 	5822 	5775
f 5740 	5780 	5793
f 5678 	5788 	5787
f 5740 	5778 	5780
f 5754 	5763 	5783
f 5678 	5789 	5788
f 5775 	8039 	5476
f 5741 	5646 	5651
f 5134 	5783 	5763
f 7753 	5695 	5693
f 5792 	5727 	5728
f 5649 	5785 	5854
f 5792 	5826 	5727
f 5785 	5775 	5671
f 7753 	5693 	5787
f 5769 	5607 	5765
f 5794 	5792 	5711
f 5792 	5728 	5711
f 5782 	5799 	5777
f 5799 	5768 	5777
f 5796 	5794 	5711
f 5724 	5796 	5711
f 5724 	5813 	5796
f 5787 	5788 	7753
f 5832 	5792 	5794
f 5723 	5740 	5850
f 5845 	5850 	5740
f 5850 	6146 	5723
f 5845 	5740 	5793
f 5793 	5717 	10578
f 5808 	5767 	5671
f 5775 	5822 	5821
f 5795 	5844 	5809
f 5887 	5888 	5812
f 5809 	5910 	5686
f 5826 	5813 	5805
f 5776 	5826 	5805
f 5727 	5826 	5776
f 5832 	5826 	5792
f 5392 	6355 	5828
f 5794 	5796 	5832
f 5832 	5796 	5826
f 5836 	5828 	5838
f 5833 	5775 	5827
f 5833 	5834 	5775
f 5838 	5828 	5835
f 5820 	5775 	5821
f 5671 	5775 	5808
f 5414 	5392 	5836
f 5843 	5775 	5820
f 5836 	5413 	5414
f 3767 	1324 	5811
f 5413 	5836 	5838
f 5392 	5828 	5836
f 3767 	5811 	3773
f 5676 	5413 	5838
f 5801 	1339 	1477
f 5835 	5676 	5838
f 5678 	5676 	5835
f 1477 	5893 	5801
f 5808 	5775 	5843
f 5893 	5862 	5801
f 5845 	5793 	5837
f 5744 	5737 	5820
f 1477 	3787 	5898
f 5744 	5820 	5821
f 898 	5181 	6177
f 2769 	5897 	2217
f 10593 	5850 	382
f 3711 	5894 	3993
f 5854 	5785 	5853
f 3711 	3991 	5894
f 5881 	2217 	5897
f 633 	5810 	718
f 5853 	5852 	5854
f 5671 	5866 	5853
f 633 	635 	5810
f 5785 	5671 	5853
f 5810 	5151 	5150
f 3339 	5749 	5813
f 585 	591 	5150
f 5796 	5813 	5826
f 5810 	635 	5151
f 5813 	5724 	3339
f 5156 	5157 	5861
f 5862 	5802 	5801
f 5816 	5802 	5862
f 5863 	5861 	5171
f 5157 	5171 	5861
f 5866 	8354 	8502
f 5866 	5759 	8354
f 8502 	6704 	5866
f 5811 	5824 	5867
f 5570 	5866 	6704
f 4402 	5199 	4382
f 5323 	5346 	4622
f 5853 	5866 	5852
f 5852 	5866 	5570
f 5909 	5867 	8360
f 8360 	5862 	5909
f 8366 	8360 	5867
f 5877 	5868 	4958
f 2214 	4958 	5868
f 5879 	5868 	5923
f 5927 	5921 	5879
f 5795 	5809 	5665
f 5868 	5879 	2228
f 5601 	5437 	5809
f 5871 	5878 	5873
f 3989 	7394 	5812
f 5791 	5751 	5882
f 6439 	5873 	5878
f 5882 	5751 	5809
f 5881 	5877 	2217
f 5809 	5844 	5882
f 5924 	5926 	5881
f 6098 	5882 	5844
f 5887 	5812 	5885
f 5885 	5812 	7394
f 5883 	5812 	5888
f 5877 	5881 	5927
f 5698 	5620 	5619
f 5884 	5889 	5886
f 5877 	5927 	5879
f 5877 	5879 	5868
f 6427 	5886 	5889
f 5895 	5896 	5894
f 6989 	5894 	5896
f 5673 	5667 	5914
f 5873 	5889 	5871
f 5673 	5914 	6204
f 5894 	5913 	3995
f 5886 	5904 	5884
f 5894 	3995 	3993
f 5880 	5900 	5874
f 5894 	6989 	5913
f 6989 	6991 	5913
f 5862 	5893 	5908
f 5751 	5698 	5619
f 6458 	5936 	5905
f 5904 	5889 	5884
f 5862 	5908 	5909
f 5899 	5911 	5902
f 5893 	9364 	5908
f 9752 	3855 	3995
f 5912 	5867 	5909
f 5647 	5656 	5910
f 5412 	4586 	6003
f 5647 	5910 	5619
f 5412 	6465 	4586
f 5686 	5910 	5656
f 4586 	5342 	6003
f 5878 	5871 	5916
f 5908 	5912 	5909
f 4586 	4613 	5342
f 5918 	3022 	2228
f 5921 	5922 	5923
f 5922 	5924 	5923
f 4613 	4594 	5345
f 5927 	5923 	5926
f 5924 	5926 	5923
f 5345 	5341 	4613
f 5619 	5910 	5751
f 5346 	5345 	4594
f 5927 	5879 	5923
f 5519 	5292 	5915
f 5926 	5922 	5927
f 5924 	5922 	5926
f 5868 	5879 	5921
f 5921 	5927 	5922
f 5910 	5809 	5751
f 5922 	5921 	5918
f 5926 	5924 	2228
f 5918 	2228 	5924
f 5924 	5922 	5918
f 5879 	5927 	2228
f 5927 	5926 	2228
f 5900 	5963 	5948
f 5936 	4201 	4215
f 5922 	5943 	5921
f 5924 	5881 	5922
f 5943 	5922 	5881
f 5185 	6098 	5844
f 5844 	5795 	5185
f 5915 	5937 	5938
f 5915 	5916 	5937
f 5795 	5186 	5185
f 5665 	5191 	5795
f 5936 	6458 	2115
f 5795 	5191 	5186
f 5354 	5874 	5383
f 5927 	5881 	5926
f 5880 	5874 	5354
f 5951 	5954 	5955
f 5936 	5914 	5905
f 5950 	6346 	5953
f 655 	819 	6133
f 5673 	1215 	6184
f 5917 	5673 	6183
f 5958 	6213 	5026
f 5673 	6184 	6183
f 5936 	6204 	5914
f 6213 	5958 	6067
f 5868 	5921 	5923
f 5963 	4649 	5948
f 5923 	5918 	5921
f 5964 	3977 	3975
f 5979 	5966 	5976
f 5966 	5729 	5976
f 5966 	7003 	5459
f 5915 	5938 	5954
f 5459 	5729 	5966
f 6240 	6204 	5936
f 3732 	3971 	6004
f 5923 	5971 	5918
f 3732 	6004 	6000
f 3736 	5964 	6004
f 5971 	5943 	5973
f 4626 	5963 	5900
f 3971 	3736 	6004
f 6571 	5559 	5968
f 5951 	5992 	5968
f 5976 	5977 	5979
f 5951 	5955 	5992
f 5936 	6329 	1238
f 5963 	4652 	4649
f 5977 	5761 	5980
f 5943 	5971 	5921
f 5923 	5921 	5971
f 6314 	6330 	5936
f 4649 	5990 	5986
f 5988 	5992 	5955
f 4721 	5967 	5986
f 5953 	5958 	5026
f 4721 	5986 	5990
f 5968 	5992 	5988
f 5948 	5473 	5472
f 5948 	5472 	5900
f 5472 	5874 	5900
f 6147 	5857 	3022
f 6003 	5398 	5412
f 6003 	5342 	5398
f 3423 	2444 	5786
f 6032 	5964 	5989
f 5786 	6060 	3423
f 6389 	6391 	4586
f 5488 	6007 	5478
f 4586 	6391 	5495
f 6142 	3732 	6000
f 4586 	5495 	5427
f 3323 	3327 	6009
f 3339 	5714 	3327
f 5724 	5714 	3339
f 5450 	6285 	6007
f 2444 	6009 	5776
f 6084 	5786 	2444
f 5450 	6273 	6285
f 5714 	5728 	3327
f 5980 	5761 	5762
f 5782 	4239 	6142
f 6009 	3327 	5728
f 5782 	6142 	6164
f 5729 	5977 	5976
f 5443 	6273 	5453
f 6015 	6021 	6013
f 5450 	5453 	6273
f 5443 	6299 	6273
f 5889 	5904 	6027
f 6033 	6031 	2755
f 5964 	6032 	7531
f 6034 	5636 	5755
f 6034 	5755 	6035
f 2969 	6030 	6033
f 6013 	6073 	5937
f 5937 	6073 	5938
f 5916 	5871 	6013
f 5950 	5636 	6034
f 5786 	6084 	6083
f 6014 	5473 	5986
f 6307 	6043 	5186
f 6043 	5185 	5186
f 4794 	4713 	5427
f 5427 	6077 	4794
f 6084 	2444 	5776
f 4054 	5978 	6053
f 5953 	5159 	5950
f 5950 	5159 	5636
f 6020 	3472 	6061
f 5953 	5026 	5159
f 3472 	3476 	6061
f 3975 	7261 	5989
f 6061 	10198 	10197
f 6061 	3476 	6057
f 3975 	5989 	5964
f 3506 	3508 	6051
f 6057 	3476 	3422
f 6057 	3423 	6060
f 3423 	6057 	3422
f 6020 	6061 	10197
f 6346 	6067 	5953
f 10197 	10122 	6020
f 6346 	5950 	6365
f 10198 	6061 	6057
f 5958 	5953 	6067
f 6074 	6020 	10122
f 6346 	6365 	6067
f 3392 	6074 	3503
f 6014 	5967 	6079
f 6079 	6072 	6115
f 6057 	10211 	10222
f 6060 	10211 	6057
f 6060 	5786 	10211
f 6077 	5427 	6071
f 6091 	6096 	5805
f 6141 	5782 	6164
f 6052 	5899 	6048
f 6062 	5622 	5739
f 5899 	5902 	6048
f 6072 	6079 	4804
f 5911 	6048 	5902
f 6093 	6094 	6095
f 6101 	6096 	6092
f 6091 	6092 	6096
f 6095 	6097 	6098
f 5813 	6091 	5805
f 6052 	6021 	5899
f 7276 	6076 	6070
f 5644 	7242 	6099
f 6101 	6103 	5805
f 6076 	7276 	6069
f 6096 	6101 	5805
f 5911 	5899 	6021
f 5779 	5694 	6097
f 4794 	6072 	4804
f 6072 	4794 	6077
f 6098 	6093 	6095
f 6047 	6182 	2673
f 6098 	6097 	5694
f 5967 	4721 	6079
f 10153 	6084 	6103
f 6063 	6114 	6052
f 4804 	6079 	4721
f 6103 	6084 	5805
f 6014 	5986 	5967
f 6182 	3117 	2673
f 6084 	5776 	5805
f 6021 	6052 	6114
f 6021 	6114 	6013
f 6071 	6406 	6077
f 6035 	6113 	6034
f 6089 	5911 	6119
f 6079 	5496 	6122
f 5477 	5473 	6014
f 6073 	6125 	5938
f 6014 	6079 	5477
f 6098 	5185 	6043
f 6122 	5477 	6079
f 5496 	5477 	6122
f 6118 	4272 	6124
f 6035 	6097 	6113
f 3508 	6112 	6051
f 6129 	5987 	6130
f 6047 	6051 	6112
f 6130 	6121 	6129
f 5755 	5779 	6097
f 6121 	5987 	6129
f 6097 	6035 	5755
f 6112 	8520 	6047
f 6120 	6112 	3106
f 5694 	5882 	6098
f 819 	1692 	6133
f 6118 	6121 	6149
f 6118 	6124 	6121
f 6033 	6504 	6031
f 6137 	6130 	6138
f 6133 	5178 	5177
f 6031 	6139 	2755
f 5177 	655 	6133
f 6133 	6196 	5213
f 5473 	5948 	4649
f 6133 	5213 	5178
f 6138 	6130 	6403
f 5190 	5213 	6196
f 5473 	4649 	5986
f 6129 	6403 	6130
f 5987 	6138 	6130
f 6147 	3079 	5857
f 6130 	6138 	6121
f 6149 	6121 	6138
f 6137 	6149 	6138
f 5850 	10593 	6146
f 6139 	5897 	2755
f 5799 	7249 	5768
f 1002 	999 	4868
f 6152 	6149 	6137
f 1692 	1815 	6151
f 1692 	6151 	1703
f 382 	5850 	5845
f 6151 	6150 	6133
f 6314 	4215 	6149
f 4239 	3732 	6142
f 6137 	6138 	6153
f 6152 	6137 	6153
f 6141 	6164 	6142
f 6130 	6137 	6129
f 6152 	6129 	6137
f 6152 	6137 	5987
f 6137 	6138 	5987
f 6314 	5936 	4215
f 3117 	6451 	6030
f 6142 	6160 	6141
f 6030 	6451 	6033
f 6153 	6129 	6152
f 6153 	6149 	6152
f 7273 	7271 	6160
f 5987 	6400 	6152
f 6154 	6171 	6148
f 6133 	1703 	6151
f 1815 	1812 	6151
f 6171 	6168 	6148
f 6155 	5810 	5150
f 1841 	1803 	6177
f 6166 	5156 	5861
f 1841 	6177 	6178
f 10095 	3079 	6147
f 6177 	6176 	6178
f 6166 	6265 	5160
f 6070 	9830 	7275
f 5160 	5156 	6166
f 6070 	7275 	7276
f 7264 	6069 	7276
f 6182 	6047 	8521
f 7279 	5790 	7283
f 6117 	6182 	8521
f 6231 	6136 	6197
f 6182 	6449 	3117
f 6179 	6144 	6125
f 6177 	5181 	6203
f 6451 	3117 	6449
f 5955 	6144 	6179
f 6177 	6203 	6176
f 6169 	5673 	6204
f 6200 	6176 	6150
f 10087 	3107 	3077
f 6154 	6148 	6179
f 6150 	6185 	6200
f 6191 	6154 	6179
f 6169 	1215 	5673
f 6191 	6180 	6154
f 6208 	4832 	5917
f 6208 	4819 	4832
f 6196 	6150 	6176
f 6196 	6133 	6150
f 6183 	6208 	5917
f 4237 	6211 	4238
f 6196 	6203 	6358
f 1171 	1163 	5148
f 4237 	4221 	6211
f 6203 	6196 	6176
f 4908 	4949 	7867
f 7867 	7889 	4908
f 6151 	1812 	1813
f 6150 	6599 	6430
f 1202 	5026 	6213
f 1202 	1206 	5026
f 6151 	6599 	6150
f 5148 	5026 	1206
f 1171 	5148 	1206
f 6430 	6298 	6185
f 6413 	6412 	6209
f 6185 	6150 	6430
f 6218 	6249 	6484
f 6222 	5662 	6233
f 6219 	5638 	6296
f 7254 	5799 	5782
f 5782 	6141 	7254
f 5768 	7249 	7296
f 6154 	6180 	6235
f 5936 	6330 	6329
f 6221 	6239 	6238
f 5657 	5687 	6230
f 8643 	6235 	6180
f 1323 	6242 	6231
f 6239 	6235 	8648
f 6235 	6171 	6154
f 6245 	5268 	5249
f 6235 	6239 	6171
f 1181 	6257 	999
f 4351 	6397 	6258
f 6280 	6255 	6254
f 6245 	5290 	5268
f 6275 	6255 	6420
f 6254 	6420 	6255
f 5871 	6027 	6015
f 6015 	6013 	5871
f 6254 	6015 	6027
f 5973 	6214 	5971
f 6254 	6255 	6015
f 6255 	6275 	6015
f 6214 	5918 	5971
f 6256 	6373 	6272
f 6240 	6169 	6204
f 6214 	5973 	6216
f 6199 	5290 	6245
f 5973 	5943 	6216
f 6214 	10096 	5918
f 5904 	6254 	6027
f 5871 	5889 	6027
f 6261 	6264 	6269
f 6420 	6254 	5904
f 6264 	3512 	6269
f 6254 	6255 	6274
f 6275 	6274 	6255
f 5391 	6355 	5392
f 6247 	6256 	6272
f 6274 	6280 	6254
f 6277 	6278 	6274
f 5835 	5828 	6355
f 6274 	6278 	6280
f 5911 	6280 	6119
f 5160 	6265 	5169
f 6281 	6274 	6275
f 6261 	6269 	6276
f 6277 	6274 	6281
f 4351 	6276 	6269
f 6007 	6285 	6283
f 3512 	4351 	6269
f 6277 	6255 	6278
f 6280 	6278 	6255
f 6255 	6277 	6275
f 6275 	6420 	6281
f 6285 	6287 	6283
f 4351 	6258 	6276
f 6309 	6287 	6288
f 6275 	6277 	6281
f 6286 	6296 	5365
f 1181 	1338 	6257
f 6285 	6288 	6287
f 6136 	6257 	6197
f 6288 	6283 	6287
f 6277 	6308 	6278
f 6281 	6308 	6277
f 6420 	6308 	6281
f 6231 	1326 	1323
f 6196 	6293 	5190
f 6281 	6015 	6275
f 6271 	6253 	6249
f 6257 	1326 	6231
f 6278 	5911 	6021
f 6278 	6021 	6277
f 6288 	6294 	6309
f 6294 	6344 	6309
f 6257 	1338 	1326
f 6278 	6280 	5911
f 6835 	5171 	6302
f 6257 	6231 	6197
f 6270 	6218 	6219
f 6287 	6345 	6288
f 6196 	6358 	6293
f 6281 	6277 	6015
f 6285 	6294 	6288
f 6283 	6288 	6294
f 6328 	5190 	6293
f 6345 	6287 	6319
f 6219 	6296 	6286
f 999 	6257 	4868
f 6006 	6301 	6299
f 5532 	6302 	5172
f 6021 	6015 	6277
f 6013 	5937 	5916
f 6301 	6285 	6299
f 5191 	6136 	6231
f 6208 	6183 	6186
f 6125 	6144 	5938
f 6310 	6311 	6344
f 6309 	6344 	6311
f 6119 	6274 	6308
f 6274 	6119 	6280
f 6287 	6309 	6311
f 6274 	6280 	6308
f 6312 	6309 	6311
f 6280 	6278 	6308
f 6089 	6119 	6308
f 6313 	6314 	6116
f 6306 	6302 	5532
f 6344 	6319 	6310
f 6123 	5940 	5941
f 6285 	6301 	6344
f 6311 	6310 	6287
f 6123 	6308 	5940
f 6319 	6287 	6310
f 6310 	6301 	6311
f 6311 	6301 	6312
f 6301 	6310 	6319
f 6327 	6298 	6321
f 6312 	6326 	6309
f 6328 	6358 	5222
f 5222 	5190 	6328
f 6232 	6307 	5191
f 5191 	6242 	6232
f 6319 	6310 	8978
f 6310 	6311 	8978
f 5191 	6231 	6242
f 5191 	6307 	5186
f 6486 	6312 	6301
f 6307 	6338 	6043
f 6285 	6273 	6299
f 6324 	6405 	6339
f 6307 	6478 	6428
f 6324 	6339 	6413
f 6413 	6209 	6324
f 6342 	6443 	6341
f 8689 	6301 	6006
f 6333 	6340 	6339
f 6428 	6338 	6307
f 6339 	6405 	6333
f 6478 	6307 	6232
f 6319 	6344 	6345
f 6313 	6329 	6330
f 6330 	6314 	6313
f 6344 	6294 	6345
f 6294 	6288 	6345
f 6341 	6322 	6779
f 6345 	6344 	6301
f 6294 	6285 	6344
f 6344 	6345 	6283
f 6344 	6283 	6294
f 1202 	6213 	6067
f 6319 	6345 	6301
f 6353 	6322 	6341
f 5954 	6144 	5955
f 6283 	6345 	8978
f 6319 	8978 	6345
f 6763 	6322 	6236
f 5987 	6253 	1257
f 8978 	8980 	6283
f 5954 	5938 	6144
f 6179 	6148 	5988
f 6179 	5988 	5955
f 5181 	6358 	6203
f 6067 	1205 	7381
f 6358 	6328 	6293
f 5835 	6355 	6362
f 5181 	5229 	6358
f 6034 	6365 	5950
f 5678 	5835 	6362
f 5229 	5222 	6358
f 6359 	6400 	6360
f 6298 	6327 	6185
f 6327 	6200 	6185
f 6339 	6340 	6366
f 6365 	6034 	6402
f 5391 	5657 	6355
f 6373 	6256 	5454
f 6313 	6368 	6329
f 5382 	6373 	5454
f 6763 	6779 	6322
f 6376 	6374 	6357
f 6341 	6465 	6353
f 6365 	6388 	6474
f 6465 	6322 	6353
f 6356 	1276 	6368
f 6355 	6379 	6362
f 5988 	6148 	8586
f 6230 	6379 	6355
f 6355 	5657 	6230
f 6361 	6362 	6379
f 6465 	5412 	5458
f 6357 	6374 	6379
f 6374 	6361 	6379
f 6365 	6402 	6388
f 6388 	6446 	6474
f 6375 	6383 	6395
f 6368 	6380 	6356
f 5777 	3459 	5782
f 6356 	6313 	6401
f 3459 	3462 	5782
f 6396 	6340 	8640
f 6168 	6396 	8640
f 6368 	6313 	6380
f 6383 	6407 	6395
f 6356 	6380 	6313
f 6171 	6239 	6399
f 7294 	7283 	6397
f 4360 	6069 	4361
f 6399 	6396 	6171
f 6373 	6398 	6272
f 11309 	6401 	11310
f 8038 	6361 	6374
f 6366 	6396 	6399
f 6340 	6396 	6366
f 6403 	6359 	11310
f 5382 	5385 	6373
f 6401 	6403 	11310
f 6396 	6168 	6171
f 5385 	6398 	6373
f 6034 	6386 	6402
f 6404 	6388 	6402
f 6116 	6401 	6313
f 6391 	6589 	6422
f 6386 	6404 	6402
f 6153 	6138 	6403
f 6403 	6129 	6153
f 6149 	6153 	6403
f 6333 	6405 	5999
f 6153 	6152 	6400
f 6153 	6400 	6403
f 6695 	6324 	5941
f 6359 	6403 	6400
f 6123 	6324 	6209
f 6411 	6391 	6422
f 6419 	6414 	6379
f 6403 	6401 	6116
f 6324 	6123 	5941
f 5495 	6391 	6411
f 6314 	6149 	6116
f 6419 	6230 	8636
f 6388 	6404 	6408
f 6406 	5495 	6411
f 6412 	6221 	6220
f 6220 	6209 	6412
f 6379 	6230 	6419
f 6403 	6116 	6149
f 6077 	6406 	6411
f 6366 	6239 	6221
f 6411 	6421 	6072
f 6366 	6399 	6239
f 6366 	6221 	6412
f 7973 	8636 	6230
f 6412 	6339 	6366
f 6339 	6412 	6413
f 6395 	6407 	6528
f 6357 	6379 	6414
f 4360 	6070 	6076
f 6411 	6422 	6421
f 4360 	4376 	6459
f 6070 	4360 	6459
f 6422 	6079 	6115
f 6115 	6421 	6422
f 6427 	5889 	5873
f 8233 	6376 	6357
f 5496 	6079 	6422
f 6429 	5086 	6431
f 6276 	6258 	6397
f 1275 	6400 	5987
f 4351 	5768 	6397
f 8233 	6414 	6419
f 6432 	6429 	6431
f 5768 	4351 	5777
f 1257 	1275 	5987
f 7296 	7294 	5768
f 6429 	5161 	5086
f 5092 	5098 	6432
f 6276 	6397 	6261
f 5098 	5161 	6432
f 6429 	6432 	5161
f 6495 	6261 	6397
f 6327 	6434 	6200
f 6434 	6516 	6805
f 5873 	6439 	6427
f 6200 	6434 	6176
f 6410 	6510 	6441
f 6420 	6439 	5878
f 6151 	1813 	6599
f 10095 	3022 	5918
f 5918 	10096 	10095
f 6439 	6420 	5904
f 6147 	3022 	10095
f 6410 	6441 	6408
f 5904 	5886 	6439
f 6410 	6408 	6404
f 6427 	6439 	5886
f 6442 	6176 	6434
f 6444 	5253 	5664
f 6442 	6178 	6176
f 5086 	5253 	6444
f 6444 	6431 	5086
f 6442 	1888 	1916
f 8978 	6311 	6309
f 1205 	6067 	6365
f 6308 	6420 	6524
f 6442 	6581 	1888
f 1205 	6365 	6445
f 6498 	6309 	6326
f 6449 	6182 	6117
f 6445 	6365 	6474
f 6430 	6450 	6298
f 352 	4201 	5936
f 6430 	6544 	6450
f 6449 	6452 	6451
f 3459 	5777 	4351
f 5878 	6447 	6420
f 6264 	5790 	7305
f 5132 	5149 	6460
f 5667 	6458 	5914
f 6448 	6444 	6447
f 6458 	5667 	2115
f 6431 	6444 	6448
f 4376 	6460 	6459
f 2099 	5936 	2115
f 6461 	6443 	6342
f 6524 	6420 	6447
f 6458 	5905 	5914
f 6463 	5092 	6432
f 6465 	5458 	5288
f 5288 	6322 	6465
f 6457 	6468 	6487
f 6468 	5648 	6487
f 5290 	6199 	6236
f 5290 	6236 	5288
f 6516 	6434 	6327
f 6236 	6322 	5288
f 6466 	5878 	5916
f 4215 	4102 	6118
f 6261 	6495 	5790
f 6261 	5790 	6264
f 6644 	6446 	6388
f 4272 	6118 	4102
f 6463 	6447 	6466
f 6463 	6448 	6447
f 4290 	6121 	6124
f 3979 	6474 	6446
f 4290 	6124 	4272
f 6431 	6448 	6463
f 4222 	6253 	5987
f 6253 	4222 	4226
f 4215 	6118 	6149
f 6463 	6432 	6431
f 5092 	6463 	6466
f 4222 	5987 	6121
f 6253 	4226 	2540
f 5092 	6506 	5094
f 6506 	5092 	6466
f 6457 	6253 	2540
f 6457 	6249 	6253
f 6466 	6447 	5878
f 6484 	6249 	6457
f 7305 	7309 	6264
f 6484 	6457 	6487
f 5915 	5292 	5515
f 6219 	6218 	5648
f 5915 	5954 	5519
f 5648 	6484 	6487
f 6492 	6493 	6485
f 6312 	9014 	6326
f 6495 	7283 	5790
f 6495 	6397 	7283
f 5648 	5638 	6219
f 6524 	6447 	6500
f 6484 	5648 	6218
f 6312 	6486 	9015
f 9017 	9018 	6486
f 6341 	4586 	6465
f 9013 	6498 	6326
f 6504 	6139 	6031
f 5915 	5515 	6506
f 6506 	6466 	5916
f 6449 	1766 	1773
f 1773 	6452 	6449
f 6514 	6511 	6512
f 5915 	6506 	5916
f 10304 	6033 	6451
f 5296 	5584 	6506
f 5515 	5296 	6506
f 6494 	6500 	5649
f 5854 	6494 	5649
f 6298 	6513 	6321
f 6444 	5664 	6500
f 6500 	5664 	5649
f 6500 	6447 	6444
f 6524 	5940 	6308
f 5621 	6493 	6492
f 3863 	6521 	6523
f 5940 	6494 	5941
f 6375 	6395 	6450
f 6528 	6298 	6450
f 6524 	6494 	5940
f 6528 	6513 	6298
f 6494 	6524 	6500
f 6450 	6395 	6528
f 6478 	6512 	6511
f 6474 	3979 	7376
f 5941 	6494 	6695
f 7376 	6445 	6474
f 6711 	6695 	6534
f 5547 	5954 	5951
f 5547 	5951 	5968
f 6528 	6407 	6533
f 6528 	6533 	6513
f 6515 	9317 	5068
f 6587 	6537 	6536
f 6537 	6538 	6536
f 6657 	6615 	6534
f 5547 	5519 	5954
f 6553 	6546 	6545
f 3521 	4048 	6996
f 4048 	4046 	6996
f 5547 	5968 	5559
f 6571 	5968 	6558
f 6523 	3389 	3863
f 6563 	6564 	6562
f 6460 	5149 	4297
f 6557 	5560 	5562
f 6443 	6389 	6341
f 6546 	6625 	6730
f 6443 	6390 	6389
f 6390 	6443 	6409
f 6389 	4586 	6341
f 6570 	6553 	6545
f 1813 	2051 	6599
f 6557 	5559 	6571
f 6570 	3366 	3367
f 6461 	6409 	6443
f 6557 	5562 	5559
f 6482 	6480 	6573
f 6570 	3367 	6553
f 6461 	6342 	6409
f 6546 	3406 	6625
f 3367 	3406 	6546
f 6546 	6553 	3367
f 6578 	6557 	6571
f 6482 	6573 	6823
f 3421 	3366 	6570
f 6600 	3421 	6570
f 6581 	6582 	1888
f 6409 	6342 	6607
f 4636 	1916 	6582
f 6562 	6564 	6409
f 6579 	6587 	6580
f 1321 	6232 	6242
f 6582 	6581 	4636
f 6409 	6607 	6562
f 1916 	1888 	6582
f 6390 	6590 	6589
f 6390 	6409 	6590
f 6580 	6588 	6884
f 5217 	3495 	6264
f 5217 	6264 	7309
f 6536 	6538 	6588
f 6590 	6409 	6563
f 6572 	4297 	5216
f 6588 	6587 	6536
f 6389 	6390 	6589
f 6537 	6587 	6579
f 6558 	6591 	6578
f 6428 	6478 	6511
f 6588 	6580 	6587
f 6391 	6389 	6589
f 6510 	6428 	6511
f 6581 	6442 	6627
f 6578 	6591 	6557
f 6514 	6441 	6511
f 7736 	4852 	4851
f 7737 	4834 	7780
f 6511 	6441 	6510
f 5496 	6422 	6589
f 6599 	6544 	6430
f 4834 	4852 	7780
f 6563 	6409 	6564
f 6589 	6590 	6485
f 4851 	4836 	7736
f 6591 	6585 	6557
f 7396 	6590 	6563
f 6600 	3436 	3421
f 6733 	6093 	6098
f 5473 	6589 	6485
f 6493 	5473 	6485
f 6558 	6578 	6571
f 6651 	6657 	6534
f 6605 	3468 	6613
f 6613 	3468 	3436
f 6605 	6613 	6609
f 3512 	6264 	3495
f 6615 	6614 	5999
f 4297 	6572 	6469
f 6669 	6441 	6514
f 6669 	6408 	6441
f 10258 	6070 	10253
f 6459 	6460 	6617
f 6622 	6545 	6546
f 7417 	6607 	6342
f 6616 	6459 	6617
f 6616 	6070 	6459
f 6606 	6563 	6562
f 3443 	3446 	6626
f 6562 	6607 	6606
f 6069 	4360 	6076
f 718 	5810 	6636
f 6622 	6654 	6655
f 5150 	591 	6155
f 6627 	6442 	6434
f 6627 	6434 	6805
f 6617 	6460 	6194
f 6194 	6460 	4297
f 6605 	6609 	6675
f 6675 	6609 	6622
f 6428 	6510 	6338
f 6622 	6609 	6613
f 6622 	6613 	3436
f 6194 	4297 	6469
f 6622 	3436 	6600
f 6640 	6637 	6641
f 6635 	6681 	6544
f 3446 	6629 	6626
f 6637 	6642 	6641
f 6622 	6570 	6545
f 6155 	6636 	5810
f 6615 	6657 	6614
f 6155 	591 	6766
f 6622 	6600 	6570
f 6633 	6698 	6166
f 6166 	5861 	6633
f 6633 	6751 	6698
f 5861 	5863 	6633
f 6637 	6644 	6642
f 6155 	6766 	6663
f 6446 	6644 	6637
f 6640 	6641 	6642
f 6655 	6654 	6659
f 6660 	6649 	6831
f 6388 	6408 	6644
f 6675 	6622 	6665
f 6651 	6585 	6657
f 3979 	6446 	6637
f 6622 	6655 	6665
f 6658 	6034 	6113
f 6194 	6517 	6670
f 6689 	6614 	6657
f 6469 	6572 	6670
f 6744 	6637 	6743
f 6517 	6469 	6670
f 6710 	6605 	6675
f 6194 	6469 	6517
f 6166 	6666 	6265
f 6732 	6674 	6660
f 6637 	6640 	6743
f 6669 	6743 	6640
f 6642 	6644 	6408
f 6265 	6666 	6668
f 6665 	6647 	6675
f 6408 	6669 	6642
f 6640 	6642 	6669
f 6651 	8719 	6585
f 6680 	6684 	6682
f 6568 	6681 	6780
f 6669 	4079 	6743
f 4079 	4076 	6743
f 6686 	6687 	6685
f 6685 	5217 	6686
f 6689 	6591 	6614
f 6181 	6668 	6663
f 6688 	6658 	6733
f 6699 	6636 	6155
f 6733 	6098 	6688
f 6591 	6689 	6585
f 6666 	6166 	6698
f 6686 	5217 	6482
f 6386 	6034 	6658
f 6687 	6694 	6685
f 6510 	6658 	6688
f 6585 	6689 	6657
f 6694 	5216 	6685
f 6510 	6688 	6338
f 5216 	5215 	6685
f 3221 	6710 	6714
f 3481 	6822 	3479
f 6181 	6245 	6668
f 6696 	3479 	6822
f 6695 	6494 	5854
f 6824 	6696 	6822
f 6510 	6410 	6658
f 6043 	6688 	6098
f 6663 	6766 	6181
f 6043 	6338 	6688
f 6819 	3482 	1180
f 6658 	6410 	6404
f 6658 	6404 	6386
f 6695 	5852 	6534
f 6674 	6700 	6701
f 5854 	5852 	6695
f 6155 	6663 	6699
f 6113 	6705 	6658
f 6703 	6696 	6629
f 1497 	6903 	6799
f 5852 	5570 	6704
f 6668 	6699 	6663
f 6666 	6698 	6668
f 6668 	6698 	6699
f 6534 	5852 	6704
f 6554 	5677 	6778
f 6704 	6651 	6534
f 6113 	6097 	6705
f 6710 	3221 	3468
f 6324 	6711 	6405
f 6764 	6245 	6181
f 6713 	5999 	6711
f 5249 	6265 	6668
f 6713 	6534 	6615
f 6534 	6713 	6711
f 6627 	6805 	6712
f 9631 	6627 	6712
f 6714 	6684 	6680
f 5184 	6715 	5182
f 6714 	6832 	6684
f 6713 	6615 	5999
f 6700 	6732 	6701
f 5999 	6405 	6711
f 12179 	6684 	6832
f 6742 	6741 	6716
f 6554 	5501 	5677
f 5174 	6739 	6716
f 6711 	6324 	6695
f 5174 	6716 	5179
f 6710 	6647 	6913
f 6913 	6916 	6710
f 6668 	6245 	5249
f 8158 	5007 	4995
f 3468 	6605 	6710
f 6647 	6710 	6675
f 6835 	6721 	6633
f 6700 	6674 	6732
f 6705 	6097 	6095
f 6751 	6633 	6721
f 6750 	6674 	6701
f 6094 	6728 	6705
f 6730 	6622 	6546
f 6730 	6784 	6794
f 6730 	6654 	6622
f 6094 	6705 	6095
f 6094 	6093 	6733
f 6739 	6752 	859
f 6733 	6728 	6094
f 6742 	6738 	6741
f 6738 	6739 	6741
f 6715 	6742 	6741
f 6743 	6745 	6744
f 847 	6716 	6741
f 6741 	6739 	859
f 3521 	7194 	6740
f 859 	6715 	6741
f 4753 	3521 	6740
f 6741 	859 	847
f 859 	6741 	8766
f 6742 	8766 	6741
f 4906 	6740 	4530
f 4906 	4753 	6740
f 6625 	6626 	6730
f 6738 	6715 	6739
f 6742 	6715 	6738
f 1093 	6903 	1497
f 6636 	6699 	6729
f 6750 	6544 	6599
f 3984 	6744 	6745
f 6742 	6716 	6738
f 6712 	6717 	6750
f 6855 	6629 	6845
f 6738 	6716 	6739
f 4074 	3984 	6745
f 6751 	6729 	6699
f 6750 	6717 	6667
f 6743 	4074 	6745
f 6699 	6698 	6751
f 6750 	6635 	6544
f 855 	859 	6752
f 6744 	3979 	6637
f 855 	6752 	6715
f 6750 	6667 	6635
f 6751 	6721 	6729
f 6739 	6715 	6752
f 9631 	6750 	6701
f 6744 	3984 	3979
f 6665 	6655 	6753
f 6743 	4076 	4074
f 6739 	5174 	6752
f 6715 	6752 	5182
f 6783 	6803 	6726
f 6660 	6674 	6750
f 6658 	6705 	6733
f 6733 	6705 	6728
f 718 	6729 	752
f 6712 	6750 	9631
f 6512 	6669 	6514
f 6754 	6794 	6784
f 6782 	6794 	6754
f 6754 	6537 	6753
f 6669 	6512 	4079
f 718 	6636 	6729
f 6236 	6199 	6764
f 1321 	6478 	6232
f 6537 	6754 	6538
f 6763 	6236 	6764
f 1331 	1321 	6242
f 1323 	1331 	6242
f 6766 	5548 	6764
f 7472 	6512 	6478
f 6784 	6730 	6626
f 598 	6766 	592
f 1321 	7472 	6478
f 6774 	6772 	6654
f 5548 	586 	6764
f 6782 	6654 	6794
f 598 	5548 	6766
f 6764 	6181 	6766
f 6659 	6654 	6772
f 6742 	5184 	8766
f 6738 	5184 	6742
f 5184 	6738 	6739
f 5184 	6739 	6752
f 6649 	6660 	6750
f 6750 	11947 	6649
f 6752 	6715 	5184
f 6772 	6774 	6754
f 5374 	6818 	909
f 6764 	586 	6763
f 6654 	6782 	6774
f 5374 	965 	971
f 6776 	6797 	6781
f 965 	5374 	909
f 6754 	6774 	6782
f 6776 	6803 	6797
f 5381 	6186 	934
f 6761 	6781 	6783
f 6753 	6772 	6754
f 6799 	6775 	1087
f 6884 	6754 	6784
f 6554 	5479 	5501
f 6773 	6786 	6785
f 6781 	6761 	6723
f 6681 	6830 	6780
f 1086 	1087 	6775
f 1475 	6554 	6778
f 6773 	6791 	6786
f 6785 	6792 	6773
f 6792 	6791 	6773
f 6753 	6789 	6647
f 6780 	6375 	6568
f 6789 	6877 	6647
f 6778 	6826 	6519
f 6753 	6647 	6665
f 6450 	6544 	6681
f 6375 	6450 	6568
f 6659 	6753 	6655
f 6778 	1352 	1475
f 6772 	6753 	6659
f 6450 	6681 	6568
f 830 	5576 	6763
f 6554 	1086 	6775
f 6797 	6783 	6781
f 6855 	6884 	6784
f 6764 	6199 	6245
f 6795 	6798 	6796
f 6796 	6798 	6513
f 6770 	6792 	6785
f 6783 	6797 	6803
f 7248 	7247 	6786
f 5479 	6554 	6775
f 6730 	6794 	6654
f 6755 	6775 	6799
f 1087 	1088 	6799
f 6629 	6855 	6784
f 6626 	6629 	6784
f 6770 	4185 	4146
f 6771 	4364 	6770
f 6770 	6785 	6771
f 4364 	4143 	6770
f 6805 	6516 	6795
f 4180 	6770 	4143
f 6798 	6795 	6516
f 6726 	6809 	6851
f 6806 	6808 	6807
f 4180 	4185 	6770
f 6798 	6327 	6321
f 6810 	6809 	6726
f 6516 	6327 	6798
f 6810 	6812 	6813
f 6513 	6798 	6321
f 4465 	5481 	4460
f 3527 	7318 	3526
f 6808 	6806 	6954
f 4467 	5481 	4465
f 6796 	6513 	6533
f 6810 	6813 	6809
f 5421 	6937 	5409
f 6809 	6813 	6814
f 4460 	5481 	5513
f 5481 	4467 	5563
f 5490 	5563 	4467
f 6816 	6807 	6808
f 5384 	5381 	934
f 4328 	4643 	8927
f 7318 	3528 	3526
f 934 	939 	5384
f 6818 	935 	909
f 6807 	6914 	6815
f 935 	6821 	915
f 6821 	935 	6818
f 6807 	6817 	6914
f 6816 	6817 	6807
f 6819 	6822 	3482
f 6821 	5384 	939
f 939 	915 	6821
f 6813 	9957 	6814
f 6821 	6818 	5384
f 5557 	752 	6729
f 6729 	6721 	5557
f 3481 	3482 	6822
f 6827 	6816 	6825
f 6696 	6845 	6629
f 5677 	6848 	6778
f 6831 	6830 	6667
f 744 	5628 	6828
f 5628 	5621 	6828
f 6667 	6717 	6831
f 6828 	5621 	6492
f 6828 	6492 	6829
f 6306 	5630 	744
f 6722 	6811 	9240
f 1740 	12179 	6832
f 744 	6721 	6306
f 5504 	6722 	9240
f 6635 	6667 	6830
f 6485 	6922 	6492
f 6681 	6635 	6830
f 6717 	6795 	6796
f 6835 	5863 	5171
f 6687 	6823 	6573
f 6633 	5863 	6835
f 5429 	5525 	6535
f 6838 	6839 	6840
f 6721 	6835 	6302
f 6271 	1173 	1257
f 6302 	6306 	6721
f 5525 	6842 	9186
f 6805 	6795 	6712
f 6837 	6833 	6834
f 6535 	5525 	9186
f 6843 	6270 	1148
f 6783 	6851 	6833
f 6271 	6843 	1179
f 6271 	6249 	6843
f 6761 	6783 	6833
f 6843 	6218 	6270
f 6843 	6249 	6218
f 6827 	6860 	6817
f 6837 	6761 	6833
f 6271 	1179 	1173
f 967 	5365 	5374
f 6888 	6827 	6887
f 6854 	6845 	6824
f 6219 	1168 	6270
f 6825 	6887 	6827
f 6824 	6845 	6696
f 6840 	6836 	6838
f 5677 	5487 	6848
f 6286 	1168 	6219
f 6848 	5194 	5511
f 1168 	1148 	6270
f 6878 	6825 	6816
f 6889 	6840 	6839
f 5365 	967 	6286
f 5429 	6535 	5511
f 6854 	6855 	6845
f 6783 	6726 	6851
f 5525 	5447 	6842
f 6878 	6816 	6808
f 1196 	5114 	5115
f 6826 	6778 	6848
f 6848 	6841 	6826
f 6857 	6858 	6856
f 1196 	1198 	5146
f 6861 	6862 	6859
f 6862 	6860 	6859
f 6849 	6850 	6846
f 6822 	6819 	6863
f 6863 	6824 	6822
f 6865 	6853 	6852
f 6863 	6854 	6824
f 6814 	6851 	6809
f 6819 	6869 	6863
f 6779 	6777 	6341
f 5194 	6848 	5487
f 5447 	5504 	9240
f 6341 	6777 	6949
f 6851 	6814 	6865
f 6869 	6868 	6936
f 6726 	9853 	9980
f 6930 	6828 	6829
f 5121 	9377 	6867
f 1408 	1734 	6868
f 6867 	5115 	5125
f 6649 	6896 	6831
f 6862 	6817 	6860
f 6867 	1196 	5115
f 6831 	6717 	6870
f 7057 	6726 	6803
f 6726 	9852 	9853
f 1196 	5146 	5114
f 6869 	1408 	6868
f 6670 	6871 	6480
f 7057 	6803 	7059
f 6572 	6871 	6670
f 6871 	6573 	6480
f 6827 	6817 	6816
f 6831 	6870 	6660
f 6873 	6183 	6184
f 6482 	6823 	6686
f 6827 	6859 	6860
f 6732 	6660 	6870
f 6872 	6579 	6580
f 6827 	6861 	6859
f 6537 	6579 	6872
f 6836 	6840 	6866
f 6823 	6687 	6686
f 6687 	6871 	6694
f 6873 	6186 	6183
f 6572 	5216 	6871
f 6861 	6827 	6908
f 6687 	6573 	6871
f 6717 	6712 	6795
f 934 	6186 	6873
f 6875 	6748 	6834
f 5216 	6694 	6871
f 6796 	6870 	6717
f 6879 	6880 	6881
f 6870 	6796 	6849
f 1217 	1211 	6873
f 6870 	6849 	6846
f 6875 	6883 	6882
f 6873 	6184 	1217
f 6855 	7447 	6885
f 6538 	6754 	6884
f 6887 	6825 	6886
f 6884 	6588 	6538
f 6887 	6886 	6888
f 7000 	6889 	6839
f 6580 	6884 	6885
f 6920 	4146 	4185
f 6900 	6901 	6889
f 6890 	6906 	6889
f 6849 	6796 	6533
f 6906 	6900 	6889
f 6827 	6801 	6802
f 6874 	6890 	6889
f 6885 	6884 	6855
f 6169 	6240 	6902
f 6872 	6877 	6789
f 6753 	6872 	6789
f 6753 	6537 	6872
f 7000 	6874 	6889
f 5936 	6902 	6240
f 6877 	6872 	6876
f 5409 	6937 	5474
f 6945 	6946 	6886
f 6881 	4640 	6879
f 6893 	6896 	6894
f 6879 	5023 	6897
f 6892 	6710 	9083
f 1215 	1217 	6184
f 6840 	6889 	6901
f 6893 	6831 	6896
f 6886 	6825 	6878
f 6898 	6895 	6891
f 6827 	6800 	6801
f 6169 	6902 	1238
f 6899 	6895 	6898
f 6888 	6800 	6827
f 6802 	6908 	6827
f 6902 	5936 	1238
f 6904 	6898 	6891
f 6899 	6898 	6904
f 6904 	6883 	6899
f 6909 	6933 	6866
f 6960 	6956 	6895
f 6956 	7489 	6895
f 1238 	10343 	6169
f 6866 	6933 	6910
f 1257 	6253 	6271
f 6840 	6912 	6866
f 6775 	6755 	5479
f 6911 	1740 	6832
f 6901 	6912 	6840
f 6892 	6714 	6710
f 6808 	6954 	6878
f 6832 	6714 	6892
f 6901 	6900 	6909
f 6913 	6647 	7540
f 6360 	1275 	11310
f 1275 	6356 	11310
f 6817 	7004 	6914
f 6356 	1275 	1276
f 6915 	1093 	5179
f 1275 	6360 	6400
f 6903 	6915 	6917
f 6904 	6882 	6883
f 6918 	6799 	6903
f 6920 	4217 	6919
f 6878 	6945 	6886
f 6917 	6955 	6918
f 6864 	6342 	6341
f 6927 	6933 	6900
f 6901 	6909 	6912
f 6917 	8667 	6955
f 6903 	6917 	6918
f 6915 	6903 	1093
f 6892 	6924 	6832
f 6847 	6342 	6864
f 6918 	6755 	6799
f 6866 	6910 	6905
f 6912 	6909 	6866
f 6829 	6922 	6844
f 6829 	6492 	6922
f 6892 	7554 	6924
f 6755 	6918 	6955
f 6925 	6893 	6894
f 6888 	6886 	6921
f 6864 	6907 	6847
f 4384 	6927 	4364
f 4217 	4192 	6919
f 6776 	6781 	6920
f 6925 	6938 	9701
f 6829 	6844 	6930
f 6890 	6900 	6906
f 4185 	4217 	6920
f 6844 	6847 	6932
f 6854 	6863 	7594
f 6931 	6929 	6928
f 6934 	6776 	6920
f 6923 	6802 	6801
f 6909 	6900 	6933
f 6923 	6801 	6926
f 6932 	6930 	6844
f 4364 	6935 	4384
f 6926 	6801 	6921
f 6920 	6919 	6934
f 6919 	4197 	6934
f 6932 	6959 	6930
f 6921 	6801 	6800
f 6930 	6804 	6828
f 6921 	6800 	6888
f 6927 	4384 	6933
f 6771 	6935 	4364
f 6924 	1740 	6911
f 6937 	5421 	6928
f 6771 	6785 	6935
f 744 	5630 	5628
f 1276 	6329 	6368
f 1696 	1740 	6924
f 6911 	6832 	6924
f 744 	6828 	6804
f 6868 	1734 	6936
f 6781 	6723 	6920
f 6937 	5184 	5586
f 9825 	5287 	5146
f 6940 	6865 	6852
f 6786 	6935 	6785
f 6802 	6939 	6908
f 5287 	9825 	9826
f 6913 	7540 	6916
f 5593 	6937 	5586
f 6935 	6786 	7247
f 6923 	6939 	6802
f 5593 	5474 	6937
f 5284 	5287 	9826
f 6940 	6834 	6833
f 6942 	6943 	6941
f 6940 	6851 	6865
f 6833 	6851 	6940
f 9317 	5104 	5068
f 6897 	6942 	6941
f 5068 	5089 	6515
f 6916 	7540 	9079
f 4359 	6890 	6874
f 6897 	5027 	6942
f 4359 	4364 	6927
f 6897 	6880 	6879
f 6897 	6941 	6880
f 6940 	6970 	6944
f 6900 	4359 	6927
f 6941 	6943 	6880
f 6899 	6883 	6944
f 6943 	6881 	6880
f 6942 	5027 	6943
f 6930 	7007 	6804
f 6938 	6850 	6849
f 6948 	3419 	6947
f 1696 	6924 	7554
f 7536 	6938 	6849
f 1760 	1696 	7554
f 5023 	5027 	6897
f 6890 	4359 	6900
f 6949 	6777 	6779
f 6910 	6933 	4392
f 4392 	6952 	6910
f 9669 	6925 	6894
f 6523 	6521 	6966
f 6950 	5735 	8379
f 4415 	7121 	7122
f 6953 	3389 	6523
f 6946 	6945 	6951
f 5576 	6949 	6779
f 6944 	6960 	6895
f 5576 	6779 	6763
f 6956 	6960 	6944
f 5576 	5579 	6949
f 6969 	6956 	6944
f 6878 	7060 	6945
f 6944 	6970 	6969
f 4004 	3389 	6953
f 6834 	6940 	6875
f 4004 	6953 	4046
f 6940 	6944 	6883
f 6940 	6883 	6875
f 7028 	4046 	6953
f 6899 	6944 	6895
f 6996 	4046 	7028
f 3561 	3568 	6958
f 3560 	3561 	6958
f 7012 	6948 	7001
f 7900 	7922 	6948
f 3568 	3543 	6958
f 6926 	6921 	6962
f 6962 	6963 	6926
f 6956 	6961 	6957
f 6956 	6957 	7486
f 5579 	6864 	6341
f 6972 	6864 	5579
f 5579 	6341 	6949
f 6926 	6964 	6923
f 6926 	6963 	6964
f 6905 	6910 	6952
f 6923 	6964 	7125
f 8727 	5184 	6937
f 6917 	6915 	8667
f 6977 	6965 	6247
f 6915 	8672 	8690
f 6965 	6256 	6247
f 6915 	6716 	8672
f 6963 	6962 	7107
f 7047 	6971 	5579
f 6915 	5179 	6716
f 6970 	6852 	6853
f 6970 	6940 	6852
f 5454 	6256 	6965
f 6521 	4409 	6967
f 6521 	6967 	6966
f 5885 	5883 	5887
f 6965 	6977 	5462
f 6975 	6976 	6978
f 5883 	5888 	5887
f 6976 	6979 	6978
f 5895 	6981 	5896
f 6853 	6969 	6970
f 6961 	6956 	6969
f 6979 	6982 	6978
f 6398 	5459 	7011
f 4359 	6874 	7053
f 5385 	5459 	6398
f 6975 	6986 	6976
f 4160 	7134 	11751
f 7072 	6972 	6971
f 7061 	4152 	4160
f 6988 	6990 	6987
f 6976 	6986 	6806
f 10361 	5913 	7560
f 6991 	7560 	5913
f 7061 	4160 	7128
f 6807 	6979 	6976
f 6142 	6000 	7500
f 4160 	3560 	7049
f 6815 	7005 	6979
f 7134 	4160 	7049
f 6807 	6815 	6979
f 6806 	6807 	6976
f 6986 	6954 	6806
f 6866 	6905 	6995
f 5738 	6977 	6999
f 6995 	6836 	6866
f 5799 	7251 	7249
f 5738 	5462 	6977
f 7079 	6999 	6977
f 7013 	6959 	6932
f 6977 	7054 	7079
f 6932 	6847 	7013
f 6972 	5579 	6971
f 6907 	6864 	6972
f 6397 	5768 	7294
f 6992 	5739 	5738
f 6985 	7944 	7945
f 6999 	6992 	5738
f 4361 	7262 	3975
f 6836 	6997 	6838
f 7001 	6980 	7012
f 6972 	7419 	6907
f 6874 	7000 	6997
f 6815 	6914 	7005
f 7004 	6862 	6861
f 6861 	6908 	7004
f 6862 	7004 	6817
f 7001 	6983 	6980
f 6983 	7001 	6948
f 7007 	7008 	5585
f 6959 	7008 	7007
f 5979 	5977 	7003
f 7006 	7002 	7059
f 7006 	6998 	7002
f 6930 	6959 	7007
f 7007 	1043 	5572
f 6804 	7007 	5572
f 7004 	7018 	7009
f 7004 	6908 	7018
f 6914 	7004 	7099
f 5790 	7304 	7305
f 6990 	7006 	6776
f 6958 	7015 	7043
f 6959 	5585 	7008
f 7307 	6482 	7309
f 6838 	6997 	7000
f 7000 	6839 	6838
f 7010 	6383 	6375
f 3543 	7015 	6958
f 7013 	7014 	6959
f 7006 	6988 	6998
f 1094 	5585 	6959
f 7010 	6533 	6407
f 6959 	7014 	1134
f 7060 	6878 	6954
f 6480 	10317 	6670
f 6407 	6383 	7010
f 6981 	6989 	5896
f 7019 	7003 	5977
f 6981 	6991 	6989
f 1094 	6959 	1134
f 6908 	6939 	7018
f 5977 	5980 	7019
f 7016 	6954 	6986
f 7023 	7021 	7040
f 6990 	6988 	7006
f 7099 	7005 	6914
f 6990 	6776 	6934
f 6803 	6776 	7006
f 7045 	7018 	6939
f 5604 	7868 	7073
f 1074 	5604 	7073
f 7054 	6977 	6247
f 7006 	7059 	6803
f 1074 	7073 	1075
f 7028 	7021 	6996
f 7023 	7040 	7022
f 7017 	6836 	6995
f 6988 	6987 	7027
f 7028 	6953 	7024
f 1134 	7126 	7032
f 7027 	6998 	6988
f 7034 	7035 	7033
f 6997 	7017 	7052
f 7033 	6921 	6886
f 7033 	6962 	6921
f 6780 	7031 	7036
f 7017 	6997 	6836
f 6962 	7033 	7035
f 6856 	7025 	6857
f 6856 	7039 	7025
f 7068 	7025 	7039
f 7047 	1075 	5637
f 7042 	7041 	7030
f 7024 	7022 	7040
f 7034 	6962 	7035
f 7021 	7028 	7040
f 7024 	7040 	7028
f 5637 	7014 	7106
f 6886 	6946 	7033
f 6946 	6951 	7033
f 8697 	7039 	6856
f 6939 	6923 	7045
f 6923 	7125 	7045
f 7036 	6375 	6780
f 7127 	7945 	6973
f 7045 	7091 	7009
f 6820 	4335 	4359
f 7048 	7049 	6958
f 7018 	7045 	7009
f 6984 	7064 	7941
f 7653 	7037 	7044
f 7049 	7048 	7147
f 7099 	7004 	7009
f 6997 	7052 	6874
f 7036 	7031 	7067
f 7036 	7010 	6375
f 6874 	7052 	7053
f 7099 	7096 	7005
f 7014 	7055 	7106
f 6272 	6398 	7054
f 6979 	7005 	7058
f 6726 	7057 	9852
f 6398 	7011 	7054
f 6958 	7049 	3560
f 7036 	7115 	7010
f 6951 	6945 	7060
f 7060 	6954 	7016
f 7010 	7512 	6533
f 7061 	4181 	4152
f 7065 	6986 	6975
f 7054 	7011 	7071
f 7294 	7296 	7066
f 7296 	7063 	7066
f 7057 	7059 	7002
f 9852 	7057 	7002
f 7119 	7113 	7011
f 7011 	7124 	7119
f 7002 	9858 	9852
f 7054 	6247 	6272
f 7053 	7052 	8971
f 6998 	9874 	9851
f 7048 	7146 	7147
f 7058 	6982 	6979
f 7068 	7017 	6995
f 7020 	7081 	7084
f 7064 	7041 	7056
f 7042 	7056 	7041
f 9851 	7002 	6998
f 7013 	6993 	7055
f 7013 	6994 	6993
f 7030 	7064 	7029
f 7055 	7014 	7013
f 7068 	7052 	7017
f 7048 	6958 	7146
f 7146 	6958 	7043
f 7088 	7081 	7069
f 7020 	7069 	7081
f 10786 	7097 	7069
f 7075 	4910 	4908
f 7033 	7074 	7070
f 7075 	4888 	4910
f 7060 	7074 	6951
f 7089 	7069 	7095
f 7060 	7078 	7070
f 7089 	7088 	7069
f 7075 	6968 	4888
f 7075 	6967 	6968
f 7419 	6972 	7072
f 7100 	7069 	7097
f 7075 	7131 	6967
f 7033 	6951 	7074
f 6971 	7047 	7072
f 7070 	7074 	7060
f 7083 	6523 	6966
f 7076 	6853 	10123
f 7084 	7085 	7020
f 7062 	7020 	7086
f 7085 	7086 	7020
f 7056 	7969 	7064
f 7051 	7835 	7080
f 10121 	10123 	6865
f 7090 	7091 	7045
f 7081 	7063 	7084
f 7085 	7084 	7063
f 7066 	7063 	7081
f 7086 	7085 	7063
f 7021 	7023 	7087
f 7081 	7088 	7066
f 7095 	7066 	7089
f 7088 	7089 	7066
f 9180 	7077 	9183
f 6967 	7083 	6966
f 7953 	7941 	7064
f 6984 	7029 	7064
f 7109 	7079 	7054
f 7095 	7069 	7100
f 7095 	7100 	7066
f 7094 	7419 	7072
f 7064 	7030 	7041
f 7091 	7099 	7009
f 7093 	7098 	7092
f 7100 	7097 	7066
f 7077 	9180 	7121
f 7062 	7086 	7063
f 7022 	7117 	7087
f 6853 	7076 	7098
f 7087 	7023 	7022
f 7080 	8538 	7051
f 7993 	7992 	7051
f 7500 	6000 	6004
f 7026 	7079 	7067
f 6865 	10123 	6853
f 7109 	7067 	7079
f 7090 	7045 	7125
f 6004 	5964 	7509
f 7079 	6992 	6999
f 7105 	7130 	7038
f 7140 	7082 	7101
f 7094 	7072 	7104
f 7038 	6964 	7105
f 7079 	7026 	6992
f 6963 	7107 	7105
f 7047 	5637 	7106
f 6963 	7105 	6964
f 7072 	7047 	7106
f 7072 	7106 	7104
f 7109 	7054 	7071
f 7113 	7115 	7071
f 7025 	7068 	9131
f 7509 	5964 	7531
f 7110 	6947 	3419
f 7071 	7011 	7113
f 3419 	3424 	7110
f 7111 	7034 	7033
f 7109 	7071 	7115
f 7052 	7068 	7039
f 7109 	7115 	7067
f 7117 	7118 	7024
f 7105 	7116 	7130
f 4643 	7046 	8927
f 7812 	7108 	7114
f 7812 	8399 	7108
f 6820 	4359 	7053
f 7812 	7114 	7112
f 7024 	7118 	7022
f 7053 	8971 	6820
f 7105 	7107 	7116
f 7033 	7070 	7111
f 6952 	6995 	6905
f 7118 	7117 	7022
f 6964 	7038 	7125
f 7127 	7110 	7112
f 6952 	7122 	7121
f 5652 	7120 	7101
f 4214 	4186 	7123
f 7038 	7130 	7125
f 7123 	4221 	4214
f 7124 	7003 	7019
f 5650 	5652 	7101
f 6952 	7068 	6995
f 7127 	7112 	7114
f 4186 	4195 	7123
f 7123 	4195 	7061
f 6947 	7110 	7127
f 7123 	7061 	7128
f 6974 	7127 	6973
f 7127 	6974 	6980
f 6980 	6983 	7127
f 7127 	6948 	6947
f 7027 	6987 	7102
f 7173 	7165 	7062
f 7129 	7531 	6032
f 6948 	7127 	6983
f 7075 	4908 	7889
f 6987 	4292 	7102
f 7108 	7127 	7114
f 7108 	7103 	7127
f 4415 	7077 	7121
f 7531 	7129 	7135
f 7176 	7125 	7133
f 7127 	7056 	7042
f 7125 	7306 	7133
f 7120 	7032 	7126
f 7170 	7155 	4766
f 7029 	7127 	7030
f 7125 	7130 	7306
f 7170 	4752 	4714
f 5459 	7003 	7124
f 7029 	6984 	7127
f 7125 	7176 	7090
f 4700 	7170 	4714
f 6984 	6985 	7127
f 7011 	5459 	7124
f 7036 	7067 	7115
f 7042 	7030 	7127
f 4770 	7155 	2183
f 6985 	7945 	7127
f 7136 	7111 	7232
f 1667 	2211 	7137
f 7137 	2211 	2076
f 716 	1653 	7137
f 7120 	7126 	7140
f 7117 	7156 	7087
f 7119 	7141 	7113
f 7138 	7142 	7139
f 6523 	7083 	7160
f 6998 	7027 	9868
f 7119 	7144 	7141
f 6978 	7138 	7145
f 7115 	7113 	7141
f 7102 	9868 	7027
f 7138 	6978 	7142
f 6978 	7149 	7142
f 7134 	7049 	7147
f 7147 	7148 	7134
f 7146 	7148 	7147
f 7102 	7182 	9868
f 7255 	7138 	7250
f 7115 	7141 	7010
f 7271 	7270 	6141
f 7145 	6975 	6978
f 7010 	7141 	7144
f 7139 	7142 	7149
f 6978 	6982 	7149
f 7145 	7065 	6975
f 7149 	7253 	7139
f 7140 	7101 	7120
f 7145 	7138 	7191
f 7151 	7150 	7051
f 7073 	7868 	7082
f 7031 	6992 	7026
f 7051 	7056 	7151
f 7500 	7165 	6142
f 7026 	7067 	7031
f 7150 	7103 	7051
f 10215 	10225 	7083
f 7073 	7140 	7126
f 7031 	7501 	6992
f 1165 	7032 	7120
f 7164 	7060 	7016
f 7152 	6032 	7154
f 7129 	6032 	7152
f 7891 	6967 	7131
f 7073 	7082 	7140
f 7170 	4766 	4752
f 1075 	7073 	7126
f 6160 	6142 	7165
f 6992 	6062 	5739
f 1134 	7032 	1165
f 7173 	7157 	6160
f 7087 	7177 	9869
f 7158 	7269 	7159
f 7156 	7160 	7894
f 6141 	6160 	7271
f 7156 	7117 	7024
f 7155 	7179 	2183
f 7156 	6523 	7160
f 7175 	7272 	6982
f 7164 	7163 	7078
f 7891 	7083 	6967
f 7162 	7158 	7159
f 7137 	7166 	7174
f 7060 	7164 	7078
f 6953 	6523 	7156
f 6986 	7065 	7164
f 7166 	7137 	2076
f 7065 	7145 	7164
f 6953 	7156 	7024
f 2076 	7174 	7166
f 7164 	7016 	6986
f 4700 	7137 	7174
f 7500 	7020 	7165
f 10181 	10205 	7123
f 7164 	7168 	7163
f 7162 	7161 	7333
f 7835 	7103 	7153
f 7003 	5966 	5979
f 7134 	7148 	7169
f 7259 	7094 	6993
f 7273 	6160 	7157
f 6160 	7165 	7173
f 4700 	7174 	7170
f 10181 	7123 	7128
f 7096 	7175 	7005
f 7020 	7062 	7165
f 7177 	7087 	7156
f 7104 	6993 	7094
f 7104 	7106 	6993
f 7155 	7170 	7179
f 6993 	7106 	7055
f 7175 	7096 	7298
f 7298 	7096 	7099
f 7894 	7177 	7156
f 7181 	2188 	2321
f 7083 	7894 	7160
f 7103 	7108 	7153
f 8400 	7153 	8399
f 7108 	8399 	7153
f 8400 	8406 	7153
f 7103 	7835 	7051
f 7127 	7150 	7151
f 7091 	7176 	7099
f 7103 	7150 	7127
f 7180 	7178 	7172
f 7176 	7091 	7090
f 7056 	7127 	7151
f 5994 	7180 	7172
f 7005 	7175 	7058
f 7181 	7183 	2188
f 7222 	7182 	7102
f 5769 	5994 	7172
f 6982 	7058 	7175
f 7183 	7185 	2188
f 5762 	7172 	5980
f 7146 	7169 	7148
f 7180 	5994 	7171
f 5762 	5769 	7172
f 2179 	2178 	7185
f 5994 	5765 	7171
f 7187 	7168 	7164
f 7185 	2178 	2175
f 7170 	7174 	7179
f 7181 	7190 	7183
f 2326 	3721 	7190
f 2321 	7190 	7181
f 7190 	3721 	3720
f 7164 	7145 	7191
f 7180 	7171 	7226
f 7299 	6740 	7194
f 3717 	7185 	7183
f 7653 	7050 	7189
f 6996 	7194 	3521
f 3717 	7183 	7190
f 7070 	7195 	7111
f 3717 	7190 	3720
f 7078 	7163 	7195
f 7070 	7078 	7195
f 7199 	7243 	7201
f 7228 	6837 	7202
f 7212 	7050 	7044
f 6834 	7202 	6837
f 7189 	7050 	7212
f 7202 	6834 	6748
f 7163 	7168 	7203
f 7193 	7189 	7212
f 7203 	7168 	7187
f 6837 	7228 	7216
f 7215 	6837 	7216
f 7212 	7197 	7193
f 7206 	7207 	7205
f 7204 	7206 	7205
f 7132 	7236 	7441
f 7208 	7207 	7209
f 7203 	7200 	7195
f 7207 	7208 	7205
f 7203 	7195 	7163
f 7201 	7243 	7198
f 7201 	7215 	7216
f 7201 	6723 	7215
f 7200 	7229 	7211
f 7211 	7195 	7200
f 7211 	7111 	7195
f 6723 	6761 	7215
f 6761 	6837 	7215
f 7111 	7211 	7232
f 7232 	7211 	7229
f 7222 	7102 	7167
f 7223 	6723 	7201
f 7221 	7224 	7227
f 7133 	7300 	7176
f 7308 	7184 	7220
f 7224 	4144 	7225
f 7219 	7207 	7217
f 10270 	6670 	10331
f 7198 	7223 	7201
f 7224 	7225 	7227
f 7226 	7171 	7415
f 7171 	7607 	7415
f 7209 	7207 	7219
f 10316 	6670 	10317
f 7199 	7216 	7228
f 7180 	7226 	7178
f 10323 	10317 	6482
f 7226 	7415 	7172
f 7202 	7199 	7228
f 7226 	7172 	7178
f 7229 	7231 	7233
f 7201 	7216 	7199
f 7172 	7457 	7456
f 7313 	7221 	7227
f 6748 	6875 	7202
f 7136 	7232 	7233
f 3543 	7224 	7221
f 7224 	3543 	4144
f 7233 	7232 	7229
f 7196 	7521 	7717
f 7236 	7186 	7441
f 7234 	7214 	7237
f 7213 	7237 	7214
f 7217 	7238 	7218
f 7217 	7207 	7238
f 7220 	7196 	7361
f 7189 	7236 	7653
f 7130 	7518 	7306
f 7238 	7241 	7218
f 7063 	7157 	7062
f 7173 	7062 	7157
f 7281 	5790 	7279
f 7196 	7717 	7361
f 7239 	7242 	7240
f 6920 	6723 	7223
f 7218 	7241 	7213
f 7237 	7213 	7241
f 7223 	4146 	6920
f 7189 	7193 	7236
f 7242 	7483 	7240
f 7197 	7186 	7236
f 6770 	7198 	7243
f 7197 	7236 	7193
f 7245 	7243 	7199
f 7229 	7317 	7231
f 7207 	7244 	7246
f 7220 	7184 	7196
f 7229 	7200 	7317
f 7250 	7138 	7139
f 7206 	7244 	7207
f 7252 	7247 	7248
f 7251 	5799 	7254
f 7253 	7250 	7139
f 7207 	7246 	7238
f 7191 	7138 	7255
f 4144 	4962 	7225
f 7252 	7248 	7202
f 7244 	7206 	10863
f 7248 	7245 	7199
f 6099 	7242 	7239
f 7248 	7199 	7202
f 7256 	7254 	6141
f 6875 	6882 	7202
f 7260 	7263 	5989
f 7202 	6882 	7252
f 5989 	7261 	7260
f 7245 	7248 	6786
f 7261 	3975 	7262
f 6791 	7245 	6786
f 6032 	5989 	7263
f 6032 	7263 	7154
f 6791 	6792 	7245
f 7441 	7093 	7132
f 7243 	7245 	6792
f 4291 	7102 	4292
f 7176 	7298 	7099
f 7327 	7102 	4291
f 7264 	7262 	6069
f 6792 	6770 	7243
f 7225 	7303 	7227
f 4361 	6069 	7262
f 7269 	7289 	7308
f 7223 	7198 	6770
f 8060 	7159 	7269
f 6770 	4146 	7223
f 7256 	6141 	7270
f 6982 	7272 	7149
f 6904 	6935 	7252
f 7269 	7265 	7266
f 6904 	7252 	6882
f 6935 	7247 	7252
f 7268 	7149 	7272
f 4962 	7235 	7225
f 6904 	4384 	6935
f 4978 	4846 	7235
f 7162 	7285 	7158
f 7149 	7268 	7253
f 7285 	7289 	7158
f 7291 	7360 	7290
f 7289 	7269 	7158
f 7277 	7293 	7290
f 7308 	7265 	7269
f 7295 	7293 	7277
f 6996 	7021 	7194
f 7299 	7021 	7087
f 7162 	7333 	7285
f 7258 	7175 	7298
f 7176 	7300 	7298
f 7304 	5790 	7281
f 5217 	7309 	6482
f 7299 	7194 	7021
f 7327 	7167 	7102
f 7307 	7310 	6482
f 4197 	6990 	6934
f 6990 	4197 	4292
f 6990 	4292 	6987
f 7300 	7133 	7302
f 7306 	7302 	7133
f 7337 	7378 	7308
f 7302 	7306 	7322
f 10330 	10331 	6670
f 7225 	7235 	7303
f 7301 	7184 	7289
f 7292 	7221 	7312
f 7303 	7292 	7312
f 7289 	7184 	7308
f 7312 	7221 	7313
f 7289 	7285 	7301
f 7312 	7227 	7303
f 3543 	7221 	11204
f 7312 	7313 	7227
f 7362 	7368 	7203
f 2442 	2528 	7316
f 7220 	7361 	7308
f 7308 	7361 	7367
f 6670 	10316 	10313
f 7316 	7318 	7336
f 2873 	2885 	7319
f 7288 	7240 	7483
f 7302 	7321 	7300
f 7321 	7302 	7322
f 4991 	4988 	7320
f 7334 	7321 	7322
f 10321 	10323 	6482
f 4530 	7335 	7336
f 7261 	7262 	10438
f 7276 	10438 	7264
f 7264 	10438 	7262
f 7336 	3527 	4530
f 7260 	7261 	10438
f 7318 	7316 	3528
f 7063 	7270 	7271
f 7157 	7063 	7273
f 7273 	7063 	7271
f 7258 	7331 	7330
f 7483 	7602 	7288
f 3609 	4991 	7350
f 4991 	7320 	7350
f 7274 	10438 	7275
f 7275 	10438 	7276
f 7260 	10438 	7263
f 7063 	7249 	7251
f 7251 	7254 	7063
f 7254 	7256 	7063
f 7318 	3527 	7336
f 7270 	7063 	7256
f 7336 	7479 	7338
f 7066 	7281 	7279
f 7066 	7279 	7283
f 4829 	4476 	7327
f 7298 	7300 	7331
f 7066 	7283 	7294
f 7338 	2442 	7316
f 7249 	7063 	7296
f 7321 	7334 	7331
f 7338 	2528 	2442
f 7331 	7300 	7321
f 7258 	7298 	7331
f 7316 	7336 	7338
f 7310 	7307 	7066
f 7305 	7304 	7066
f 7304 	7281 	7066
f 7308 	7367 	7369
f 7288 	8078 	6099
f 6099 	7239 	7288
f 7341 	7343 	7332
f 7364 	7340 	7362
f 7345 	7346 	7356
f 8078 	7288 	8136
f 7332 	7343 	7344
f 6740 	7482 	7335
f 7357 	7356 	7346
f 7309 	7066 	7307
f 7346 	7347 	7357
f 7305 	7066 	7309
f 7350 	7320 	7319
f 7349 	7351 	7352
f 7345 	7339 	7346
f 7354 	7355 	7349
f 7319 	2885 	7350
f 7354 	7351 	7355
f 7347 	7346 	7339
f 7354 	7391 	7355
f 7340 	7347 	7339
f 7355 	9024 	7354
f 7351 	7354 	7349
f 7351 	7349 	7352
f 7348 	3609 	7350
f 7342 	7436 	7353
f 7349 	7352 	7351
f 7351 	9036 	7349
f 7391 	7354 	7349
f 7340 	7339 	8974
f 7333 	7301 	7285
f 7332 	7344 	7311
f 7333 	7210 	7301
f 10932 	10933 	7353
f 7352 	7288 	7351
f 7349 	7288 	7352
f 7342 	7353 	10933
f 7288 	9138 	7351
f 7511 	7210 	7333
f 7342 	7516 	7515
f 10321 	6482 	7359
f 7341 	7332 	6957
f 7337 	7308 	7369
f 10933 	7516 	7342
f 7356 	7357 	8465
f 7363 	7344 	7343
f 7359 	10772 	10321
f 7310 	7359 	6482
f 7343 	6961 	7363
f 7187 	7364 	7362
f 7344 	7363 	7358
f 7203 	7187 	7362
f 7288 	7349 	7354
f 7295 	7277 	7287
f 7469 	7311 	7358
f 7200 	7203 	7368
f 7358 	7311 	7344
f 7187 	7370 	7364
f 7359 	7310 	10772
f 7290 	7360 	7383
f 7066 	10772 	7310
f 7370 	7255 	7250
f 7291 	7326 	7360
f 7371 	7370 	7250
f 7277 	7290 	7383
f 7164 	7370 	7187
f 7372 	7366 	7342
f 7253 	7371 	7250
f 7341 	6961 	7343
f 7342 	7515 	7372
f 7164 	7191 	7370
f 7255 	7370 	7191
f 7361 	7386 	7367
f 7253 	7268 	7380
f 7268 	7272 	7380
f 7377 	7330 	8460
f 7378 	7265 	7308
f 7280 	7284 	7373
f 7380 	7377 	7387
f 7330 	7377 	7380
f 7284 	7287 	7373
f 7380 	7258 	7330
f 7175 	7258 	7380
f 7342 	7366 	7373
f 7373 	7277 	7374
f 7373 	7287 	7277
f 7397 	7393 	7379
f 7374 	7383 	7375
f 7376 	7381 	1205
f 7333 	7382 	7935
f 7277 	7383 	7374
f 7380 	7272 	7175
f 7373 	7405 	7342
f 7330 	7331 	7385
f 7390 	7392 	7379
f 7376 	1205 	6445
f 7385 	7331 	7334
f 7361 	7733 	7386
f 7370 	7371 	7387
f 6067 	7388 	7442
f 7375 	7360 	7384
f 7360 	7525 	7384
f 7392 	9712 	7379
f 7364 	7370 	7387
f 7378 	7337 	7386
f 7380 	7387 	7371
f 7373 	7366 	7365
f 7380 	7371 	7253
f 7337 	7369 	7386
f 7373 	7365 	7278
f 7387 	7340 	7364
f 7387 	7377 	7347
f 7373 	7278 	7280
f 7387 	7347 	7340
f 7369 	7367 	7386
f 7964 	7265 	7386
f 8468 	7200 	7368
f 7964 	7266 	7265
f 9024 	7288 	7354
f 7378 	7386 	7265
f 7334 	7399 	7385
f 7397 	3602 	3989
f 7383 	7360 	7375
f 7389 	7368 	7362
f 7288 	7239 	7240
f 7384 	7525 	7527
f 7257 	7094 	7259
f 7257 	7419 	7094
f 6961 	6969 	7358
f 7393 	7397 	5883
f 7390 	7379 	7393
f 8465 	7357 	7347
f 7363 	6961 	7358
f 6993 	6994 	7259
f 6485 	6590 	7396
f 7341 	6957 	6961
f 7385 	7399 	7330
f 7396 	6922 	6485
f 7399 	8460 	7330
f 7396 	6844 	6922
f 5812 	7397 	3989
f 5812 	5883 	7397
f 6847 	6844 	7396
f 7374 	7405 	7373
f 7401 	7406 	7398
f 7375 	7405 	7374
f 7037 	7327 	4843
f 4843 	8158 	7409
f 7404 	7413 	7407
f 6342 	6847 	7396
f 7413 	7404 	7414
f 7413 	7403 	7407
f 7412 	7037 	7409
f 7411 	7414 	7404
f 7259 	7013 	7410
f 7013 	6847 	7410
f 7413 	7416 	7403
f 7417 	7396 	6563
f 7738 	7186 	7412
f 7044 	7037 	7412
f 7172 	7415 	7457
f 7720 	7738 	7412
f 7013 	7259 	6994
f 7409 	7037 	4843
f 6342 	7396 	7417
f 7171 	9032 	7391
f 6606 	6607 	7417
f 7259 	7419 	7257
f 7611 	7292 	7303
f 7419 	7259 	7410
f 7418 	7403 	7416
f 7403 	7418 	7421
f 7410 	6907 	7419
f 7403 	7421 	7402
f 7044 	7412 	7212
f 6907 	7410 	6847
f 6044 	7420 	9065
f 6563 	6606 	7417
f 7282 	7395 	1264
f 1114 	1067 	7395
f 6580 	7431 	6872
f 1114 	7395 	7282
f 7423 	6876 	6872
f 7436 	7435 	7353
f 7327 	7037 	7167
f 7432 	7437 	7433
f 7426 	7428 	7438
f 7433 	7404 	7432
f 7411 	7404 	7433
f 1264 	1202 	7401
f 10929 	7353 	7435
f 7434 	7439 	7430
f 2403 	7439 	7434
f 7408 	10928 	7435
f 10929 	7435 	10928
f 7432 	7425 	7613
f 7403 	7402 	7424
f 1202 	6067 	7442
f 7424 	7425 	7407
f 7408 	7435 	7405
f 7403 	7424 	7407
f 7432 	7404 	7407
f 7425 	7432 	7407
f 7435 	7436 	7405
f 7401 	7442 	7440
f 7443 	7408 	7405
f 7412 	7186 	7197
f 7414 	7411 	7444
f 7212 	7412 	7197
f 1202 	7442 	7401
f 7299 	7087 	7606
f 7440 	7286 	7406
f 6740 	7299 	7606
f 7444 	7411 	7445
f 7124 	7446 	7119
f 7440 	7406 	7401
f 6580 	6885 	7447
f 7473 	7467 	7445
f 7444 	7413 	7414
f 7397 	7496 	5894
f 7416 	7413 	7444
f 7444 	7418 	7416
f 7431 	6580 	7447
f 7444 	7448 	7418
f 7455 	7431 	7447
f 7444 	7449 	7448
f 7119 	7446 	7144
f 7450 	7418 	7448
f 7451 	7422 	7452
f 7450 	7421 	7418
f 7449 	7450 	7448
f 7444 	7459 	7454
f 7423 	6872 	7431
f 7446 	7453 	7512
f 7461 	7459 	7444
f 7446 	7460 	7453
f 7444 	7474 	7461
f 7423 	7452 	9228
f 7455 	7423 	7431
f 7444 	7454 	7449
f 7020 	7500 	7379
f 7449 	7402 	7421
f 7450 	7449 	7421
f 7447 	7546 	7455
f 1287 	7468 	9195
f 7379 	7466 	7471
f 7423 	7455 	7452
f 7455 	7451 	7452
f 7020 	7379 	7471
f 7415 	7607 	7457
f 7471 	7069 	7020
f 7463 	7449 	7454
f 7069 	7471 	10860
f 1129 	3755 	7458
f 1296 	1129 	7458
f 7474 	7444 	7462
f 7444 	7445 	7462
f 7441 	7332 	7311
f 7464 	7458 	9195
f 1295 	1296 	7468
f 7311 	7465 	7441
f 7445 	7467 	7462
f 7124 	7019 	7460
f 1296 	7458 	7468
f 7465 	7469 	7470
f 7124 	7460 	7446
f 9754 	7471 	7466
f 7464 	9195 	7468
f 7470 	7093 	7465
f 7398 	7406 	7282
f 7465 	7093 	7441
f 7406 	7286 	7282
f 7311 	7469 	7465
f 1264 	7398 	7282
f 7469 	6969 	7470
f 7463 	7454 	7459
f 7459 	7461 	7463
f 7098 	7470 	6969
f 7098 	7093 	7470
f 7442 	7315 	7440
f 6853 	7098 	6969
f 7315 	7286 	7440
f 7492 	7411 	7433
f 7512 	7144 	7446
f 7458 	7464 	7468
f 7445 	7411 	7492
f 7445 	7492 	7473
f 6969 	7469 	7358
f 7491 	7467 	7473
f 7436 	7342 	7405
f 7428 	7426 	7475
f 7384 	7429 	7405
f 7429 	7427 	7405
f 7475 	7301 	7210
f 7184 	7301 	7475
f 7384 	7405 	7375
f 7405 	7427 	7508
f 7184 	7475 	7426
f 7477 	7474 	7480
f 7508 	7484 	7405
f 7335 	7476 	7336
f 7484 	7504 	7405
f 7438 	7521 	7196
f 7555 	7408 	7443
f 7196 	7426 	7438
f 7474 	7477 	7461
f 7336 	7476 	7479
f 7555 	7443 	7405
f 7426 	7196 	7184
f 7405 	7504 	7555
f 7513 	2657 	7430
f 7338 	2870 	2528
f 2390 	7434 	2657
f 7338 	7479 	2870
f 7335 	7482 	9880
f 7434 	7430 	2657
f 7434 	2390 	2422
f 7481 	7480 	7474
f 7462 	7481 	7474
f 6855 	7546 	7447
f 7031 	7485 	7501
f 7687 	7461 	7477
f 7487 	4079 	6512
f 7489 	7486 	7077
f 7472 	7487 	6512
f 4415 	7489 	7077
f 7488 	7480 	7481
f 7379 	7509 	7397
f 7488 	7694 	7480
f 7520 	7242 	5644
f 6067 	7381 	7388
f 7492 	7433 	7437
f 4392 	4401 	6895
f 7491 	7492 	7437
f 5895 	5894 	7496
f 6895 	4415 	4392
f 7491 	7473 	7492
f 7494 	7509 	7493
f 7495 	7509 	7494
f 7496 	7509 	7495
f 7397 	7509 	7496
f 7491 	7497 	7467
f 7531 	7499 	7509
f 7486 	6957 	7524
f 7488 	7481 	7498
f 7481 	7462 	7498
f 7376 	3980 	7490
f 4616 	7486 	7524
f 7467 	7498 	7462
f 7524 	4516 	4616
f 9138 	9036 	7351
f 7489 	6956 	7486
f 7497 	7498 	7467
f 7489 	4415 	6895
f 7802 	7676 	7491
f 7491 	7676 	7498
f 7675 	7805 	7498
f 7491 	7498 	7497
f 7546 	6855 	6854
f 7485 	7502 	7501
f 6891 	6895 	4401
f 6004 	7509 	7500
f 7480 	7687 	7477
f 7485 	7031 	7502
f 6780 	7553 	7502
f 7480 	7694 	7687
f 7507 	7490 	7503
f 7111 	7136 	7506
f 7233 	7506 	7136
f 7111 	7506 	7034
f 7507 	7505 	7490
f 7506 	7107 	6962
f 6962 	7034 	7506
f 7506 	7116 	7107
f 7434 	2422 	2403
f 7130 	7116 	7518
f 6780 	7502 	7031
f 7512 	7010 	7144
f 7513 	7430 	7439
f 7408 	10927 	10928
f 7353 	10929 	10930
f 7506 	7523 	7522
f 10930 	10932 	7353
f 7512 	6849 	6533
f 7116 	7506 	7526
f 7517 	7518 	7519
f 6992 	7501 	7520
f 7306 	7518 	7517
f 6891 	4401 	6904
f 7116 	7519 	7518
f 7116 	7526 	7519
f 7517 	7322 	7306
f 7506 	7528 	7523
f 7525 	7360 	7326
f 7500 	7509 	7379
f 7506 	7522 	7526
f 7519 	7526 	7517
f 7526 	7522 	7517
f 7527 	7573 	7574
f 7520 	6062 	6992
f 7493 	7509 	7499
f 5623 	7520 	5644
f 5623 	6062 	7520
f 7577 	6854 	7594
f 7533 	6869 	6936
f 7535 	4516 	7534
f 7524 	6957 	7556
f 7537 	7499 	7531
f 7530 	7549 	7532
f 7568 	7533 	2626
f 7537 	7531 	7135
f 7512 	7536 	6849
f 7533 	6863 	6869
f 7534 	7441 	7400
f 7494 	7493 	6981
f 7493 	7499 	6981
f 7512 	7538 	7536
f 7499 	7537 	6981
f 7528 	7522 	7523
f 7512 	7539 	7538
f 7135 	6981 	7537
f 7528 	7517 	7522
f 7535 	4957 	4516
f 7233 	7528 	7506
f 7528 	7233 	7231
f 7539 	7512 	7453
f 7494 	6981 	7495
f 7539 	7536 	7538
f 7453 	7460 	7544
f 7325 	7324 	7541
f 7392 	7390 	5885
f 5885 	7394 	7392
f 1287 	9195 	7542
f 7541 	7525 	7325
f 7326 	7325 	7525
f 7019 	7544 	7460
f 5883 	5885 	7390
f 7231 	7317 	7578
f 7231 	7578 	7528
f 7328 	7329 	7541
f 7544 	7019 	5980
f 1331 	7542 	7529
f 7521 	7428 	7514
f 6710 	9084 	9083
f 7428 	7521 	7438
f 7530 	7532 	7543
f 1321 	1331 	7529
f 7536 	9891 	9888
f 7517 	7543 	7322
f 7528 	7543 	7517
f 7529 	7472 	1321
f 7475 	7510 	7514
f 7514 	7428 	7475
f 7529 	7487 	7472
f 7475 	7210 	7511
f 7423 	9639 	7540
f 7540 	6877 	6876
f 7544 	7539 	7453
f 7530 	7543 	7528
f 7540 	6647 	6877
f 7511 	7510 	7475
f 7540 	6876 	7423
f 7544 	7172 	7456
f 5980 	7172 	7544
f 7439 	2721 	7671
f 7546 	6854 	10011
f 8492 	7548 	7530
f 7520 	12045 	475
f 7547 	7552 	7548
f 7530 	7548 	7552
f 4981 	8158 	4847
f 8158 	4843 	4847
f 7549 	7530 	7552
f 7549 	7552 	7547
f 7324 	7328 	7541
f 7530 	7528 	7578
f 7535 	4993 	4957
f 7317 	7200 	8468
f 4993 	8166 	4995
f 7504 	7604 	7555
f 7534 	7400 	7535
f 9711 	7317 	8468
f 7393 	5883 	7390
f 9633 	7399 	7334
f 9685 	7392 	7394
f 7556 	7534 	4516
f 475 	451 	7520
f 9859 	7543 	7532
f 7556 	7332 	7534
f 12054 	7520 	451
f 8474 	7334 	7322
f 8474 	7322 	7587
f 7554 	6892 	9083
f 7558 	7551 	7550
f 7496 	7495 	5895
f 5895 	7495 	6981
f 7554 	9085 	7559
f 7599 	7532 	7549
f 8495 	7532 	7599
f 12054 	7601 	7520
f 2610 	7554 	7559
f 7585 	4079 	7487
f 7135 	7129 	10363
f 10401 	10363 	7129
f 10919 	10918 	7555
f 7558 	7557 	7551
f 7555 	10920 	10919
f 7534 	7332 	7441
f 10363 	10361 	7135
f 2610 	2574 	7554
f 9083 	9085 	7554
f 7483 	7242 	7601
f 7616 	7333 	7935
f 7551 	7557 	7585
f 7563 	7562 	7564
f 7565 	7545 	7567
f 7544 	7456 	7567
f 7545 	7544 	7567
f 7524 	7556 	4516
f 7527 	7429 	7384
f 6957 	7332 	7556
f 7570 	7571 	7572
f 7580 	7568 	2626
f 7569 	7521 	7514
f 6981 	7560 	6991
f 7527 	7574 	7429
f 7569 	7727 	7521
f 7580 	7533 	7568
f 7576 	7583 	7584
f 7580 	2626 	2634
f 7429 	7574 	7427
f 7727 	7569 	7643
f 7579 	7576 	7575
f 6854 	7577 	10011
f 7565 	7609 	7545
f 7574 	7588 	7427
f 7567 	7582 	7565
f 8474 	9633 	7334
f 7610 	7427 	7588
f 7586 	7575 	7576
f 7576 	7584 	7586
f 7582 	7456 	7457
f 7533 	7580 	7581
f 7457 	7607 	7582
f 7456 	7582 	7567
f 7569 	7514 	7510
f 3795 	9168 	7580
f 7588 	7573 	7527
f 2634 	3795 	7580
f 7574 	7573 	7588
f 5060 	7575 	7586
f 7550 	7529 	9207
f 7589 	5074 	5200
f 7580 	9168 	7581
f 7550 	7551 	7529
f 7594 	7533 	7581
f 5057 	7592 	7579
f 7590 	7588 	7527
f 7541 	7590 	7525
f 7589 	7593 	7592
f 7525 	7590 	7527
f 7593 	7576 	7592
f 7541 	7323 	7590
f 6863 	7533 	7594
f 5057 	7589 	7592
f 7579 	7592 	7576
f 7583 	7576 	7593
f 7323 	7541 	7329
f 7242 	7520 	7601
f 7569 	7333 	7616
f 7511 	7569 	7510
f 7598 	7583 	7593
f 7511 	7333 	7569
f 7503 	7596 	7595
f 7235 	4846 	7674
f 7557 	7558 	7595
f 7547 	7599 	7549
f 7596 	7557 	7595
f 5267 	7593 	7589
f 7547 	8487 	7599
f 7585 	7529 	7551
f 7585 	7487 	7529
f 7603 	7604 	7484
f 7602 	7601 	12054
f 7601 	7602 	7483
f 7575 	5060 	5049
f 7579 	7575 	5049
f 7087 	9869 	7606
f 7579 	5049 	5050
f 2679 	7566 	7597
f 5050 	5057 	7579
f 7608 	5060 	7586
f 7565 	7607 	7609
f 10945 	7603 	7610
f 7604 	10920 	7555
f 7564 	7562 	8513
f 7671 	7639 	7566
f 7427 	7610 	7508
f 7565 	7582 	7607
f 7610 	7603 	7484
f 7425 	7612 	7613
f 7613 	7746 	7432
f 7292 	11204 	7221
f 7610 	7484 	7508
f 11204 	7043 	7015
f 5315 	5058 	7608
f 7607 	7171 	7391
f 7504 	7484 	7604
f 7605 	7388 	7381
f 7584 	7608 	7586
f 145 	7607 	7622
f 7597 	7620 	2694
f 7619 	7442 	7388
f 7614 	7615 	7619
f 7588 	10945 	7610
f 225 	12104 	7607
f 7616 	2694 	7620
f 7607 	7391 	9157
f 7622 	7607 	9157
f 7605 	7619 	7388
f 7614 	7619 	7605
f 7655 	7615 	7614
f 7660 	7442 	7619
f 7569 	7616 	7620
f 7653 	7044 	7050
f 7773 	7612 	7424
f 7617 	7402 	7661
f 7637 	7569 	7620
f 7672 	7624 	7623
f 7935 	7987 	7616
f 7773 	7424 	7617
f 7626 	7631 	7629
f 7491 	7437 	7634
f 7235 	7674 	7611
f 7635 	7132 	7638
f 7303 	7235 	7611
f 7597 	7637 	7620
f 7425 	7424 	7612
f 7639 	7671 	7591
f 7437 	7432 	7634
f 7132 	8125 	7638
f 7672 	7623 	7633
f 7597 	7639 	7637
f 438 	437 	7182
f 7617 	7424 	7402
f 7222 	438 	7182
f 7639 	7591 	7643
f 7644 	10863 	7641
f 438 	7222 	7659
f 9884 	7479 	7476
f 7628 	7631 	7626
f 7639 	7643 	7637
f 7640 	7648 	7631
f 7624 	7672 	7625
f 7649 	7348 	7350
f 7402 	7449 	7661
f 7646 	7631 	7648
f 7663 	7463 	7478
f 7449 	7463 	7663
f 7656 	7615 	7655
f 7658 	7206 	7204
f 7569 	7637 	7643
f 7658 	7642 	7206
f 7641 	7206 	7642
f 7615 	7656 	7660
f 7639 	7597 	7566
f 7619 	7615 	7660
f 7653 	7657 	7659
f 7628 	7636 	7631
f 7631 	7682 	7684
f 7631 	7636 	7682
f 7653 	7167 	7037
f 7315 	7442 	7314
f 7650 	7643 	7664
f 7449 	7663 	7661
f 7350 	2885 	7649
f 7643 	7591 	7664
f 7668 	7234 	7237
f 7666 	7669 	5264
f 7566 	7513 	7671
f 7687 	7670 	7478
f 7672 	7645 	7625
f 7669 	5266 	5264
f 7513 	7439 	7671
f 5261 	5266 	7669
f 2918 	7689 	7649
f 7670 	7663 	7478
f 7649 	2885 	2918
f 7237 	7673 	7668
f 7744 	7664 	7671
f 7671 	7713 	7744
f 7222 	7167 	7653
f 7591 	7671 	7664
f 7677 	7659 	7657
f 7669 	7666 	7626
f 7626 	7666 	7628
f 7659 	7222 	7653
f 7654 	10863 	7651
f 7667 	7626 	7629
f 7669 	7626 	7667
f 7671 	2705 	7713
f 7707 	438 	7659
f 2657 	7513 	2679
f 7678 	7672 	7630
f 7632 	7630 	7672
f 7672 	7633 	7632
f 7631 	7646 	7667
f 7629 	7631 	7667
f 7237 	7680 	7673
f 2679 	7513 	7566
f 4846 	7348 	7674
f 7655 	7665 	7656
f 7659 	7677 	7705
f 2870 	9884 	3770
f 2679 	7597 	2564
f 7675 	7498 	7676
f 7314 	7442 	7660
f 9884 	2870 	7479
f 7705 	7707 	7659
f 2564 	7597 	2694
f 7697 	7660 	7656
f 7680 	7237 	7683
f 7687 	7478 	7463
f 7638 	8131 	7635
f 7463 	7461 	7687
f 7723 	7693 	7691
f 7488 	7692 	7694
f 7685 	7715 	7686
f 7692 	7488 	7498
f 7686 	7715 	7688
f 7695 	11524 	7696
f 7687 	7694 	7932
f 7678 	7698 	7672
f 7681 	7682 	7636
f 7699 	7697 	7700
f 7679 	2694 	7616
f 7314 	7697 	7699
f 7705 	7706 	7707
f 7679 	2534 	2694
f 7679 	2646 	2534
f 7744 	7650 	7664
f 7692 	7498 	7703
f 7694 	7703 	7701
f 7656 	7710 	7697
f 7675 	7802 	7805
f 7636 	7628 	7666
f 7241 	7715 	7237
f 11146 	7674 	7348
f 7719 	7720 	8157
f 7754 	7718 	7712
f 11140 	7292 	7611
f 7697 	7710 	7700
f 8158 	8157 	7720
f 7670 	7687 	7921
f 11139 	7611 	7674
f 7723 	7704 	7702
f 7723 	7702 	7716
f 7693 	7723 	7716
f 7725 	7709 	9363
f 9363 	7729 	7725
f 7700 	7710 	7734
f 7744 	7747 	7650
f 7731 	7670 	7921
f 7728 	4836 	4835
f 7724 	7714 	7723
f 7723 	7714 	7704
f 7724 	7723 	7726
f 7681 	7636 	7751
f 7688 	7715 	7690
f 7690 	7715 	7691
f 7723 	7691 	7715
f 7636 	7666 	7751
f 7314 	7660 	7697
f 7685 	7683 	7715
f 7237 	7715 	7683
f 7498 	7805 	7703
f 7727 	7643 	7650
f 7694 	7692 	7703
f 7717 	7521 	7727
f 7727 	7361 	7717
f 7727 	7733 	7361
f 7132 	7635 	7722
f 7747 	7735 	7733
f 7722 	7236 	7132
f 7734 	7665 	7655
f 7700 	7739 	7699
f 7535 	7400 	7738
f 7736 	7780 	4852
f 7700 	7734 	7739
f 7710 	7656 	7734
f 7618 	7813 	7824
f 4836 	7740 	7736
f 7741 	7719 	8157
f 2710 	8002 	8008
f 7617 	7618 	7773
f 7745 	7677 	7657
f 7749 	5710 	5725
f 7650 	7747 	7727
f 7727 	7747 	7733
f 7735 	7747 	7744
f 7684 	7682 	7743
f 7748 	7745 	7657
f 7825 	7684 	7743
f 7794 	7681 	7751
f 7735 	7744 	2710
f 7653 	7236 	7722
f 2710 	8008 	7735
f 7657 	7653 	7722
f 2710 	7744 	7713
f 7751 	7854 	7794
f 7722 	7748 	7657
f 7635 	8131 	7748
f 7748 	7722 	7635
f 7751 	7666 	5264
f 6115 	6072 	6421
f 7728 	7740 	4836
f 7745 	7748 	7706
f 7705 	7677 	7745
f 7745 	7706 	7705
f 6411 	6072 	6077
f 7738 	7720 	7741
f 7738 	7441 	7186
f 7752 	7648 	7640
f 7613 	7762 	7746
f 7640 	7732 	7752
f 7753 	7757 	5695
f 7711 	9345 	7712
f 7732 	7789 	7788
f 7734 	7656 	7665
f 7741 	7720 	7719
f 7749 	7770 	7761
f 7412 	7409 	7720
f 7738 	7400 	7441
f 5695 	7757 	5725
f 7667 	7646 	7752
f 7766 	7767 	7765
f 7753 	5788 	5789
f 7755 	7762 	7613
f 7640 	7631 	7732
f 7612 	7755 	7613
f 7749 	5725 	7757
f 7768 	7760 	7754
f 7770 	7749 	7757
f 7646 	7648 	7752
f 7760 	7718 	7754
f 7937 	7814 	7753
f 7618 	7884 	8217
f 7618 	7824 	7884
f 7776 	7682 	7681
f 7737 	7780 	7779
f 7776 	7743 	7682
f 7768 	7754 	7778
f 7783 	7732 	7788
f 7782 	7756 	7755
f 7795 	7927 	7777
f 7782 	7755 	7773
f 7755 	7612 	7773
f 7634 	7432 	7955
f 7784 	7788 	7789
f 7784 	7783 	7788
f 7783 	5261 	7667
f 9393 	9343 	7787
f 5261 	7669 	7667
f 7792 	7764 	7793
f 7763 	7815 	4105
f 7728 	5713 	7799
f 7790 	7787 	9343
f 7490 	3980 	4089
f 7728 	7799 	7740
f 7795 	7764 	7809
f 7572 	7762 	7570
f 7740 	7799 	7780
f 7572 	7746 	7762
f 7780 	7736 	7740
f 4089 	4136 	7503
f 7755 	7570 	7762
f 7793 	7797 	7798
f 5265 	12360 	12374
f 7764 	7797 	7793
f 7755 	7571 	7570
f 7796 	7798 	7797
f 7792 	7793 	7798
f 7799 	7761 	7816
f 7507 	7808 	7763
f 7799 	5713 	7761
f 7593 	5267 	7801
f 7799 	7816 	8015
f 7381 	7376 	7605
f 7593 	7801 	7598
f 7804 	7737 	7779
f 7803 	7802 	7491
f 5736 	5764 	7804
f 7491 	7634 	7803
f 7598 	7801 	12370
f 7796 	7797 	7795
f 7829 	6233 	7804
f 7795 	7797 	7764
f 7802 	7675 	7676
f 7503 	7490 	4089
f 7804 	6233 	5736
f 5747 	7737 	7804
f 7763 	7505 	7507
f 7779 	7837 	7804
f 7808 	7595 	7763
f 7605 	7376 	7490
f 5265 	12374 	5285
f 12370 	7801 	5285
f 12374 	12370 	5285
f 7806 	7805 	7903
f 5267 	5285 	7801
f 7903 	7805 	7907
f 7605 	7490 	7505
f 7911 	7701 	7806
f 7605 	7505 	7614
f 7701 	7703 	7806
f 7655 	7614 	7505
f 7505 	7763 	7655
f 7806 	7903 	7911
f 7827 	7670 	7839
f 7670 	7731 	7839
f 7808 	7503 	7595
f 7503 	7808 	7507
f 7839 	7731 	7921
f 7854 	7751 	5264
f 7799 	7779 	7780
f 7806 	7703 	7805
f 8398 	8399 	7812
f 7937 	7753 	7943
f 7882 	7809 	7811
f 7813 	7617 	7661
f 4136 	4079 	7585
f 4136 	7585 	7557
f 7618 	7617 	7813
f 7812 	7112 	7110
f 7809 	7949 	7869
f 7278 	11643 	7280
f 7809 	7946 	7949
f 7558 	7550 	9288
f 7365 	11643 	7278
f 7813 	7661 	7663
f 7280 	11643 	7284
f 7287 	11643 	7295
f 7295 	11643 	7293
f 7284 	11643 	7287
f 7752 	7732 	7783
f 7815 	7558 	9288
f 7752 	7783 	7667
f 7902 	7901 	7809
f 7802 	7803 	7852
f 7761 	7770 	7816
f 7732 	7818 	7819
f 7820 	7819 	7821
f 7743 	7874 	7820
f 4108 	7815 	4287
f 7814 	7757 	7753
f 7836 	7842 	4105
f 7821 	7743 	7820
f 7816 	7757 	7814
f 7595 	7815 	7763
f 7595 	7558 	7815
f 7583 	7817 	7584
f 7821 	7825 	7743
f 4136 	7596 	7503
f 7816 	7770 	7757
f 7827 	7813 	7663
f 7817 	7583 	7598
f 7663 	7670 	7827
f 7818 	7828 	7819
f 7824 	7813 	7827
f 8333 	7293 	11991
f 4136 	7557 	7596
f 7829 	7838 	6233
f 7293 	8333 	7290
f 7291 	7290 	8333
f 7815 	4108 	4105
f 7828 	7831 	7819
f 7823 	7809 	7764
f 7831 	7825 	7821
f 7823 	7826 	7809
f 7831 	7821 	7819
f 7822 	7823 	7764
f 7820 	7832 	7819
f 7324 	7325 	8333
f 7324 	8333 	7849
f 7329 	7328 	7849
f 7324 	7849 	7328
f 7857 	7802 	7852
f 7829 	7804 	7837
f 9307 	9288 	7550
f 7831 	7828 	7818
f 7732 	7631 	7818
f 7781 	12366 	7833
f 7826 	7830 	7811
f 7812 	7110 	3424
f 7839 	7921 	7834
f 8405 	8402 	7812
f 7811 	7809 	7826
f 7812 	3424 	8405
f 7598 	12370 	7817
f 7291 	8333 	7326
f 7325 	7326 	8333
f 4104 	7836 	4105
f 7829 	7837 	7838
f 7835 	8411 	7080
f 5658 	6222 	7973
f 7835 	8406 	8408
f 7153 	8406 	7835
f 2645 	2647 	7811
f 7834 	7841 	7839
f 11991 	7293 	11643
f 2787 	7811 	7830
f 2787 	7830 	7826
f 7763 	4105 	7842
f 7789 	7732 	7819
f 7372 	11643 	7366
f 7365 	7366 	11643
f 7841 	7827 	7839
f 7842 	7655 	7763
f 6233 	7838 	8128
f 7843 	9807 	7836
f 7823 	7822 	7844
f 7822 	7853 	7844
f 7515 	7516 	11643
f 2797 	7844 	7859
f 2881 	2756 	7844
f 7819 	7832 	7880
f 7372 	7515 	11643
f 2797 	2881 	7844
f 2756 	2787 	7844
f 7631 	7831 	7818
f 7779 	7848 	7850
f 7846 	7634 	7845
f 7831 	7631 	7825
f 7848 	7847 	7850
f 7631 	7684 	7825
f 7844 	7826 	7823
f 7817 	12370 	12252
f 2787 	7826 	7844
f 7815 	7851 	4287
f 6974 	6973 	7925
f 7924 	7925 	6973
f 7846 	7852 	7803
f 7822 	7764 	7792
f 7833 	7810 	7781
f 7803 	7634 	7846
f 7854 	5283 	5311
f 5264 	5283 	7854
f 7853 	7822 	7792
f 5500 	5349 	7854
f 7836 	7840 	7843
f 7853 	7798 	8443
f 7792 	7798 	7853
f 7853 	8443 	8475
f 5530 	5500 	7854
f 9807 	7842 	7836
f 7681 	7794 	7855
f 7928 	6980 	7925
f 7842 	7739 	7734
f 7734 	7655 	7842
f 7844 	7853 	7859
f 5349 	7794 	7854
f 6980 	7928 	7012
f 7930 	7012 	7928
f 2797 	7859 	8565
f 7855 	7776 	7681
f 3133 	3060 	7858
f 3060 	3165 	7858
f 7855 	7862 	7776
f 7779 	7799 	7848
f 7858 	7860 	3133
f 7861 	7856 	5364
f 8172 	7805 	7863
f 7862 	7855 	7923
f 7805 	7802 	7863
f 7802 	7857 	7863
f 7795 	7809 	7869
f 6985 	6984 	7944
f 7866 	7870 	7864
f 7835 	8410 	8411
f 7743 	7776 	7862
f 7864 	7861 	7866
f 7862 	7874 	7743
f 7941 	7944 	6984
f 7865 	7781 	7870
f 7870 	7781 	7810
f 7865 	7870 	7866
f 7955 	7432 	7746
f 7131 	7075 	7889
f 3165 	3147 	8396
f 7864 	7856 	7861
f 7571 	7755 	7756
f 7858 	3165 	8396
f 7858 	8396 	8385
f 7869 	7949 	7795
f 8396 	3147 	7875
f 7877 	7872 	7871
f 7873 	7908 	7871
f 7876 	3147 	2939
f 7819 	7961 	7960
f 7955 	7746 	7572
f 7878 	7881 	7879
f 7875 	3147 	7876
f 7832 	7981 	7880
f 7877 	7881 	7878
f 7877 	7878 	7883
f 7877 	7883 	7872
f 8396 	7876 	8438
f 7985 	7882 	7811
f 5478 	8438 	7876
f 7608 	5324 	5315
f 7824 	7827 	7884
f 7971 	7951 	7064
f 7679 	7985 	7811
f 7881 	7886 	7885
f 7881 	7885 	7879
f 7584 	7817 	7608
f 7877 	8415 	7881
f 5324 	7865 	7866
f 7083 	7891 	10215
f 7886 	7881 	7888
f 7881 	8368 	7888
f 5324 	7866 	7861
f 7131 	7889 	7891
f 7329 	7849 	7323
f 7323 	7849 	10900
f 7889 	10216 	7891
f 10216 	10215 	7891
f 7967 	7864 	7870
f 7820 	7874 	7983
f 8112 	7892 	7899
f 7893 	7888 	8369
f 7832 	8035 	7981
f 5364 	5324 	7861
f 7983 	7832 	7820
f 7899 	7892 	7161
f 7161 	7892 	7915
f 9869 	7177 	7894
f 7884 	7827 	7890
f 7827 	7841 	7890
f 7161 	8116 	7899
f 7083 	11088 	7894
f 8369 	7898 	7895
f 8369 	7895 	7893
f 7898 	7917 	7896
f 7897 	7896 	7917
f 7889 	7867 	10140
f 7805 	8172 	8124
f 7958 	5343 	7784
f 8416 	8414 	7877
f 7784 	7789 	7958
f 7960 	7958 	7789
f 7889 	10140 	10229
f 7789 	7819 	7960
f 7805 	8124 	7907
f 7877 	7871 	7908
f 7908 	7873 	7906
f 7906 	7909 	7908
f 7910 	7903 	7907
f 12385 	5265 	5377
f 7910 	7911 	7903
f 7908 	8425 	7877
f 5378 	7931 	12387
f 5343 	7783 	7784
f 7905 	7904 	7908
f 7694 	7701 	7911
f 7909 	7905 	7908
f 5377 	5378 	12385
f 7923 	8011 	7862
f 7862 	8011 	7929
f 7382 	7333 	7915
f 7333 	7161 	7915
f 7887 	8031 	7919
f 3419 	6948 	7922
f 7922 	3551 	3419
f 5349 	7923 	7855
f 3424 	3557 	8405
f 8018 	7923 	5349
f 7834 	7921 	7918
f 7777 	7927 	8155
f 7900 	6948 	7940
f 6974 	7925 	6980
f 6973 	7945 	7924
f 8155 	7927 	7915
f 7687 	7932 	7921
f 8369 	8374 	7898
f 8015 	7814 	7926
f 7921 	7932 	7918
f 7917 	7912 	7897
f 7932 	7910 	7933
f 7912 	7917 	7913
f 7916 	7913 	7917
f 7920 	7933 	7910
f 7933 	7918 	7932
f 7920 	7918 	7933
f 7923 	7999 	8011
f 8432 	8426 	7908
f 7694 	7911 	7932
f 8427 	8431 	7908
f 7911 	7910 	7932
f 7934 	8433 	7904
f 7904 	8433 	7908
f 7915 	7935 	7382
f 7901 	7986 	7935
f 7846 	8030 	7852
f 7935 	7986 	7987
f 7012 	7930 	7940
f 7012 	7940 	6948
f 7855 	7794 	5349
f 7852 	8030 	7942
f 7926 	7814 	7937
f 7908 	8431 	8428
f 7942 	7857 	7852
f 7926 	7937 	8090
f 7915 	7949 	7946
f 7064 	7951 	7952
f 7927 	7949 	7915
f 7952 	7953 	7064
f 7946 	7947 	7935
f 7901 	7935 	7947
f 7946 	7935 	7915
f 8090 	7937 	8397
f 7753 	5789 	7936
f 7958 	7991 	5541
f 7795 	7949 	7927
f 7943 	7936 	7937
f 7809 	7901 	7947
f 7947 	7946 	7809
f 3175 	7962 	7965
f 7936 	7943 	7753
f 7733 	7964 	7386
f 5358 	5343 	7958
f 5358 	7958 	5357
f 7962 	7950 	7965
f 8060 	7266 	7964
f 8218 	8060 	7964
f 7956 	7969 	7056
f 7977 	7950 	7962
f 7964 	7733 	7963
f 7966 	7967 	7810
f 7571 	7968 	7572
f 7970 	7064 	7969
f 7966 	7974 	7967
f 7971 	7064 	7970
f 7963 	7972 	7964
f 7955 	7572 	7968
f 7056 	7992 	7956
f 7870 	7810 	7967
f 7056 	7051 	7992
f 7756 	7980 	7571
f 7860 	8384 	7962
f 7980 	7968 	7571
f 3133 	7860 	7962
f 7954 	7950 	7975
f 7950 	8031 	7887
f 7968 	7984 	7955
f 7979 	7961 	7978
f 5658 	7973 	6230
f 7900 	12016 	7922
f 7925 	7924 	12016
f 7874 	7929 	8034
f 7940 	12016 	7900
f 12016 	3551 	7922
f 7874 	8034 	7983
f 12015 	12016 	7944
f 8028 	7955 	7984
f 7928 	12016 	7930
f 7979 	8036 	7961
f 7930 	12016 	7940
f 7955 	7845 	7634
f 7862 	7929 	7874
f 7845 	7955 	8028
f 7944 	7941 	12015
f 7945 	7944 	7924
f 7978 	7819 	7880
f 7902 	7809 	7882
f 7979 	7981 	8036
f 7925 	12016 	7928
f 7924 	7944 	12016
f 7979 	7978 	7981
f 12007 	7970 	12008
f 7981 	7978 	7880
f 7941 	7953 	12015
f 7952 	7951 	12015
f 7970 	12015 	7971
f 7952 	12015 	7953
f 7902 	7882 	7986
f 8035 	7832 	7983
f 7956 	12008 	7969
f 7989 	7914 	7974
f 7951 	7971 	12015
f 7969 	12008 	7970
f 7987 	7986 	7882
f 7902 	7986 	7901
f 7987 	7882 	7985
f 7819 	7978 	7961
f 7051 	7990 	7995
f 7991 	8062 	8051
f 7051 	7995 	7993
f 7991 	7960 	8062
f 7616 	7987 	7985
f 7984 	8029 	8028
f 8062 	7960 	7961
f 12011 	7956 	12019
f 7679 	7616 	7985
f 7992 	12019 	7956
f 8538 	8503 	7990
f 7990 	8503 	7997
f 7993 	12019 	7992
f 7679 	7811 	2647
f 7997 	12019 	7993
f 8450 	7973 	6222
f 7975 	7950 	7977
f 7990 	7997 	7995
f 7995 	7997 	7993
f 7968 	7980 	8084
f 7991 	5609 	5541
f 7984 	7968 	8084
f 7960 	7991 	7958
f 12005 	7997 	11991
f 8084 	7980 	7756
f 7996 	7562 	7563
f 8005 	8011 	7999
f 7999 	8001 	8005
f 8003 	8002 	8004
f 8000 	8006 	8007
f 8003 	8008 	8002
f 1702 	1706 	8006
f 8032 	7989 	7974
f 8005 	7929 	8011
f 7959 	7996 	7563
f 1718 	1709 	8006
f 8005 	8033 	8034
f 8007 	8006 	1708
f 10348 	8006 	10349
f 8034 	7929 	8005
f 8006 	1731 	1718
f 1849 	1850 	8006
f 8008 	8003 	7735
f 1721 	1731 	8006
f 7996 	7959 	8009
f 6222 	6233 	8128
f 8084 	8009 	7984
f 1854 	1849 	8006
f 8078 	8001 	7999
f 8004 	8002 	8010
f 8007 	7849 	8000
f 8333 	10349 	8000
f 1707 	7849 	1708
f 8333 	8000 	7849
f 1708 	7849 	8007
f 8010 	7963 	8004
f 1706 	7849 	1707
f 10570 	8012 	7948
f 7733 	7735 	8003
f 8003 	8004 	7733
f 8018 	8014 	7999
f 7733 	8004 	7963
f 8014 	8078 	7999
f 7816 	7814 	8015
f 8010 	7972 	7963
f 7959 	7563 	7561
f 8078 	8014 	5624
f 7972 	8010 	8002
f 8002 	7998 	7972
f 8015 	7926 	8085
f 7976 	8026 	8022
f 7999 	7923 	8018
f 8032 	7988 	7989
f 2826 	8022 	8026
f 7959 	8025 	8029
f 8025 	8028 	8029
f 7948 	8012 	8016
f 7962 	8050 	7977
f 7846 	7845 	8030
f 7936 	8395 	7937
f 8025 	8100 	8101
f 8022 	2841 	8043
f 8025 	8101 	8030
f 8395 	8397 	7937
f 8189 	7919 	8031
f 8032 	7974 	12402
f 8027 	2825 	8026
f 8082 	8031 	7975
f 8036 	7981 	8035
f 8034 	8035 	7983
f 2830 	2825 	7998
f 8037 	5785 	5629
f 8037 	5775 	5785
f 7998 	2825 	8027
f 8031 	7950 	7954
f 7856 	8037 	5629
f 8031 	7954 	7975
f 2710 	7998 	8002
f 2825 	2826 	8026
f 8030 	7845 	8028
f 8039 	8040 	5476
f 8036 	8041 	7961
f 8022 	2826 	2816
f 2847 	2841 	8022
f 2847 	8022 	2816
f 8009 	8029 	7984
f 7618 	8217 	8255
f 8044 	8022 	8043
f 7618 	8255 	8061
f 8045 	8069 	8390
f 8384 	8057 	8050
f 8028 	8025 	8030
f 7942 	8107 	7857
f 8053 	8386 	8048
f 8383 	8048 	8386
f 5652 	5653 	7120
f 8052 	8054 	8388
f 8052 	8388 	8053
f 7917 	8388 	8054
f 8389 	8388 	7917
f 7120 	5653 	1165
f 8040 	8042 	5482
f 5650 	7101 	7868
f 8042 	8040 	8039
f 7101 	7082 	7868
f 8060 	7161 	7162
f 5482 	8042 	7914
f 7991 	8051 	8055
f 8069 	8056 	8390
f 8383 	8390 	8048
f 7917 	8054 	7916
f 8063 	8064 	8065
f 8065 	8067 	8063
f 7962 	8384 	8050
f 8183 	8193 	8023
f 8066 	8024 	8193
f 8024 	8023 	8193
f 8071 	8065 	8064
f 8063 	5469 	5467
f 8056 	8049 	8390
f 8049 	8048 	8390
f 8472 	8058 	8073
f 8062 	7961 	8051
f 8070 	8472 	8073
f 8072 	7890 	8068
f 7890 	8300 	8068
f 8075 	8074 	8079
f 8079 	8076 	8075
f 7884 	7890 	8072
f 8064 	8063 	5467
f 5624 	5644 	8078
f 8031 	8082 	8081
f 8077 	8076 	8079
f 8078 	5644 	6099
f 8042 	7974 	7914
f 7756 	7782 	8084
f 8060 	7162 	7159
f 7266 	8060 	7269
f 7773 	7618 	8084
f 7782 	7773 	8084
f 7977 	8082 	7975
f 7171 	5765 	8051
f 8009 	7959 	8029
f 8001 	8078 	8086
f 8086 	8005 	8001
f 8086 	8033 	8005
f 8087 	8077 	8079
f 7856 	7864 	8037
f 7618 	8061 	8084
f 5467 	5430 	8064
f 8009 	8084 	8061
f 8115 	8117 	8078
f 8009 	8061 	7996
f 7967 	8042 	8039
f 8117 	8086 	8078
f 8042 	7967 	7974
f 5430 	8088 	8064
f 7967 	8039 	8037
f 7864 	7967 	8037
f 8015 	8085 	8213
f 8055 	8051 	5607
f 5775 	8037 	8039
f 8085 	7926 	8090
f 8095 	7766 	8094
f 5607 	7991 	8055
f 5466 	8065 	8092
f 8096 	8034 	8033
f 8120 	8096 	8118
f 7767 	8097 	7765
f 7766 	8095 	8097
f 8097 	7769 	7765
f 7767 	7766 	8097
f 5479 	8155 	5677
f 8033 	8086 	8096
f 8079 	8089 	8087
f 8435 	8434 	7938
f 7939 	7938 	8434
f 8034 	8096 	8035
f 8434 	8433 	7939
f 8096 	8120 	8113
f 8094 	8106 	8095
f 8041 	8114 	8129
f 8041 	8036 	8114
f 8156 	7961 	8041
f 8106 	7769 	8095
f 8082 	8104 	8081
f 8101 	7942 	8030
f 8109 	8111 	8104
f 8101 	8107 	7942
f 8193 	8110 	8105
f 8051 	5765 	5607
f 8104 	8082 	8109
f 8193 	8105 	8066
f 8855 	8104 	8111
f 8081 	8104 	8856
f 8095 	7769 	8097
f 7892 	8112 	8088
f 8102 	8098 	8108
f 8112 	8064 	8088
f 8099 	8098 	8102
f 8249 	8100 	8025
f 8249 	8101 	8100
f 8142 	7769 	8106
f 8250 	8116 	8060
f 8098 	7950 	8108
f 7887 	8108 	7950
f 7161 	8060 	8116
f 8115 	8118 	8117
f 8098 	8099 	3229
f 8249 	8025 	7959
f 8113 	8120 	8114
f 8120 	8115 	8114
f 8036 	8113 	8114
f 8121 	7899 	8116
f 8036 	8035 	8113
f 8099 	3230 	3229
f 8035 	8096 	8113
f 8096 	8086 	8117
f 3296 	3309 	8102
f 3309 	8099 	8102
f 8116 	8126 	8121
f 8108 	3296 	8102
f 8078 	8136 	8115
f 3229 	3305 	8098
f 8118 	8096 	8117
f 8124 	8172 	8127
f 8118 	8115 	8120
f 3177 	7965 	8098
f 8124 	7910 	7907
f 3177 	8098 	3185
f 7910 	8124 	8130
f 7950 	8098 	7965
f 8124 	8127 	8130
f 8060 	8206 	8250
f 8098 	3305 	3185
f 8176 	3296 	8108
f 490 	8134 	8131
f 7887 	8176 	8108
f 8131 	8125 	490
f 8125 	468 	490
f 8125 	8131 	7638
f 8127 	8195 	8122
f 8156 	8041 	8129
f 10188 	468 	8125
f 8137 	8130 	8127
f 8112 	7899 	8121
f 8131 	8134 	7706
f 8079 	8455 	8456
f 7938 	8123 	8435
f 8089 	8435 	8123
f 8079 	8435 	8089
f 8112 	8121 	8135
f 8126 	8135 	8121
f 8435 	8079 	8456
f 8131 	7706 	7748
f 8127 	8122 	8137
f 490 	7707 	8134
f 7707 	7706 	8134
f 490 	438 	7707
f 7769 	8142 	8143
f 8714 	8715 	8128
f 8135 	8071 	8112
f 1333 	8143 	8142
f 8091 	8204 	5504
f 8091 	8151 	8204
f 8145 	8147 	8146
f 6222 	8128 	8715
f 8071 	8135 	8151
f 8300 	7890 	7841
f 8142 	8106 	8147
f 8071 	8064 	8112
f 8092 	8071 	8151
f 8106 	8146 	8147
f 3026 	3049 	8176
f 8092 	8065 	8071
f 8151 	8091 	8092
f 5463 	2899 	8167
f 8128 	7838 	7837
f 8128 	7837 	7994
f 1334 	1333 	8147
f 8147 	1333 	8142
f 8147 	8145 	1334
f 8153 	7910 	8130
f 8148 	8280 	8150
f 8155 	7915 	5677
f 8106 	700 	8146
f 8154 	8152 	3039
f 5479 	7777 	8155
f 7171 	7961 	8156
f 7171 	8156 	8149
f 8156 	8129 	8114
f 11120 	10659 	8143
f 8156 	8114 	8149
f 8158 	4981 	5007
f 7915 	7892 	5677
f 8153 	8130 	8137
f 9001 	8170 	8136
f 8158 	8160 	7409
f 8163 	8193 	8159
f 8193 	8161 	8159
f 8153 	8137 	7918
f 2899 	8152 	8167
f 7720 	7409 	8160
f 8163 	8165 	8193
f 3039 	3026 	8154
f 8149 	8115 	8136
f 8154 	8230 	8152
f 7535 	8166 	4993
f 8137 	7834 	7918
f 7171 	8051 	7961
f 8079 	8545 	8546
f 8137 	8294 	7834
f 8158 	4995 	8157
f 8170 	8168 	8169
f 8166 	8157 	4995
f 8152 	8230 	8167
f 7720 	8160 	8158
f 7738 	8166 	7535
f 8177 	8169 	8179
f 8171 	8543 	8080
f 8232 	8543 	8171
f 8080 	8543 	8074
f 8187 	7887 	8189
f 8187 	8176 	7887
f 8172 	8214 	8320
f 7741 	8157 	8166
f 7857 	8107 	8173
f 7738 	7741 	8166
f 8164 	8200 	8175
f 8172 	8769 	1250
f 8149 	8177 	7171
f 8172 	8320 	8769
f 8193 	8165 	8180
f 8180 	8209 	8193
f 8168 	8181 	8179
f 8128 	7994 	8182
f 8413 	8450 	6222
f 8300 	7841 	7834
f 3296 	8176 	2950
f 8176 	3049 	2950
f 8122 	8294 	8137
f 8716 	8413 	8715
f 8136 	8170 	8169
f 8721 	8724 	8128
f 8681 	7777 	6955
f 8169 	8168 	8179
f 8681 	7798 	7796
f 8173 	7863 	7857
f 8172 	7863 	8173
f 8149 	8136 	8177
f 8081 	8189 	8031
f 7795 	7777 	8681
f 8214 	8172 	8173
f 8186 	8190 	8188
f 7795 	8681 	7796
f 8177 	8136 	8169
f 8187 	8189 	8081
f 8107 	8262 	8173
f 8114 	8115 	8149
f 8175 	6811 	6722
f 8046 	8535 	8047
f 8184 	8188 	8190
f 8728 	8175 	8200
f 9456 	8182 	7994
f 8199 	8122 	8195
f 8193 	8183 	8196
f 8200 	8164 	8755
f 7920 	8153 	7918
f 8203 	8204 	8202
f 8201 	8202 	8204
f 7920 	7910 	8153
f 8201 	8205 	8202
f 8203 	8202 	8207
f 8206 	8207 	8202
f 8206 	8202 	8208
f 8192 	8199 	8195
f 8210 	8202 	8205
f 8209 	8110 	8193
f 8192 	8198 	8199
f 8194 	8737 	8191
f 8566 	8613 	8193
f 8127 	8172 	8195
f 8207 	8204 	8203
f 8575 	8079 	8550
f 8236 	8203 	8207
f 8204 	8207 	8206
f 8204 	8206 	8205
f 8204 	8205 	8201
f 8205 	8201 	8151
f 8204 	8151 	8201
f 8208 	8210 	8205
f 8208 	8205 	8206
f 8236 	8207 	8208
f 8206 	8208 	8207
f 8151 	8236 	8210
f 8151 	8210 	8205
f 7919 	8189 	7887
f 3026 	8185 	8246
f 8185 	8176 	8246
f 8205 	8135 	8201
f 8207 	8250 	8206
f 8212 	8211 	8218
f 8135 	8236 	8151
f 7884 	8072 	8217
f 8060 	8236 	8208
f 8060 	8208 	8206
f 8236 	8135 	8210
f 8205 	8210 	8135
f 9456 	7994 	7837
f 8218 	7964 	8212
f 8280 	8221 	8150
f 7964 	7972 	8212
f 8307 	8068 	8300
f 8190 	8186 	8711
f 8252 	8226 	8280
f 8220 	8128 	8182
f 8211 	8212 	8223
f 8072 	8068 	8217
f 8223 	8212 	7972
f 8221 	8280 	8222
f 8252 	8608 	8226
f 6414 	8233 	6357
f 8167 	8230 	8234
f 8235 	6006 	5542
f 8202 	8236 	8208
f 8210 	8236 	8202
f 8222 	8280 	8224
f 8224 	8280 	8226
f 8211 	8223 	8236
f 8223 	5504 	8236
f 8061 	8237 	8241
f 8234 	8235 	8167
f 8204 	8203 	5504
f 8230 	8238 	8234
f 8241 	7996 	8061
f 8203 	8236 	5504
f 8238 	8235 	8234
f 8210 	8208 	8236
f 8204 	8201 	8250
f 8135 	8250 	8201
f 8203 	8250 	8207
f 8239 	8242 	8243
f 7982 	8174 	8233
f 8218 	8211 	8236
f 3026 	8240 	8154
f 8233 	6419 	7982
f 8240 	3026 	8246
f 8243 	5482 	8239
f 8241 	8272 	8266
f 8060 	8218 	8236
f 8203 	8204 	8250
f 8243 	5476 	5482
f 7562 	7996 	8241
f 8240 	8245 	8154
f 8241 	8274 	8272
f 6722 	5504 	8223
f 8223 	8164 	8175
f 8230 	8245 	8238
f 8516 	8241 	8726
f 8164 	8223 	7972
f 8230 	8154 	8245
f 7972 	7998 	8164
f 8175 	6722 	8223
f 7914 	10568 	8239
f 8248 	8380 	8197
f 8250 	8126 	8116
f 8250 	8135 	8126
f 8261 	8263 	8249
f 8249 	8263 	8101
f 8197 	8251 	8248
f 8604 	8605 	8265
f 8061 	8274 	8237
f 8022 	8253 	7976
f 8061 	8255 	8274
f 8026 	8257 	8027
f 8247 	8258 	8186
f 1142 	8255 	1118
f 8026 	7976 	8257
f 8164 	8027 	8257
f 8027 	8164 	7998
f 8253 	8257 	7976
f 8321 	8173 	8262
f 8164 	8257 	8254
f 8792 	8216 	8251
f 8253 	8254 	8257
f 8807 	8216 	8792
f 8107 	8101 	8263
f 8107 	8263 	8262
f 8592 	8607 	8265
f 6419 	8636 	7982
f 5444 	8418 	8264
f 8241 	8237 	8274
f 8975 	6486 	8267
f 8259 	8184 	8190
f 9017 	6486 	8994
f 8258 	8247 	8225
f 8592 	8265 	8602
f 8269 	8270 	8268
f 8272 	8274 	8255
f 8255 	8266 	8272
f 8260 	7931 	5444
f 8264 	8260 	5444
f 1118 	8255 	8217
f 8140 	8604 	8141
f 8265 	8141 	8604
f 8278 	8271 	8277
f 9015 	6486 	9018
f 8973 	8994 	6486
f 8148 	8141 	8280
f 8265 	8280 	8141
f 9221 	8186 	8258
f 8281 	8254 	8253
f 8258 	8225 	9221
f 8247 	8551 	8256
f 8264 	8289 	8260
f 8256 	8225 	8247
f 8253 	8022 	8281
f 8290 	8279 	8291
f 8551 	8420 	8256
f 8283 	8279 	8290
f 8281 	8022 	8044
f 8242 	8282 	8243
f 8242 	8239 	8282
f 8285 	8292 	8279
f 8358 	8122 	8199
f 8290 	8291 	8292
f 8290 	8292 	8293
f 8260 	8289 	8288
f 8291 	8296 	8292
f 8291 	8279 	8292
f 8517 	8282 	8287
f 8287 	8288 	8289
f 8296 	8293 	8292
f 8292 	8285 	8293
f 8294 	8791 	8307
f 8293 	8887 	8292
f 8294 	1291 	8791
f 8300 	8294 	8307
f 8290 	8296 	8291
f 8292 	8887 	8291
f 7834 	8294 	8300
f 8295 	8283 	8290
f 8290 	8268 	8295
f 8302 	8271 	8323
f 8283 	8295 	8270
f 8290 	8291 	8132
f 8296 	8290 	8293
f 8612 	8610 	8138
f 8296 	8293 	8303
f 8285 	8303 	8293
f 8193 	8613 	8161
f 8301 	8277 	8271
f 8321 	8320 	8214
f 8162 	8613 	8138
f 8297 	8303 	8285
f 8302 	8301 	8271
f 8629 	8630 	8231
f 8231 	8227 	8629
f 8615 	8629 	8227
f 8306 	8311 	8308
f 8265 	8252 	8280
f 7936 	8626 	8395
f 8314 	8283 	8304
f 8321 	8214 	8173
f 8391 	5843 	5820
f 8314 	8304 	8309
f 8318 	5742 	5744
f 5744 	5821 	8318
f 8313 	8315 	8319
f 8283 	8270 	8269
f 8301 	8302 	8323
f 8269 	9062 	8283
f 8290 	8132 	8268
f 8322 	8319 	8342
f 8295 	8268 	8270
f 8313 	8319 	8322
f 8308 	8311 	8326
f 8323 	8327 	8328
f 8325 	8326 	8311
f 8325 	8311 	8306
f 8417 	8323 	8328
f 8273 	8328 	5029
f 8328 	8327 	5029
f 8271 	8327 	8323
f 8391 	5820 	5737
f 8192 	8357 	8198
f 8279 	8314 	8309
f 8279 	8283 	8314
f 8313 	6055 	8315
f 7754 	7712 	9345
f 6055 	6044 	8315
f 8336 	8285 	8279
f 8279 	8339 	8336
f 8279 	8375 	8339
f 8337 	8122 	8358
f 8342 	8377 	8322
f 8342 	8319 	8377
f 6044 	9065 	6045
f 8294 	8122 	8337
f 8315 	6044 	6045
f 8351 	5560 	6557
f 8335 	8340 	8330
f 1329 	8068 	8307
f 8350 	8352 	8313
f 8353 	5824 	5811
f 8313 	8322 	8350
f 8357 	8192 	8356
f 8198 	8357 	8358
f 8359 	8360 	8361
f 5862 	8360 	8359
f 8362 	8359 	8361
f 8359 	8353 	8364
f 8366 	8359 	8362
f 8359 	8366 	8353
f 8357 	8356 	8358
f 8369 	7888 	8368
f 8335 	8308 	8340
f 8326 	8340 	8308
f 8363 	8368 	7881
f 8407 	8422 	8340
f 8407 	8340 	8326
f 10663 	8786 	6374
f 7917 	7898 	8374
f 8374 	8389 	7917
f 8199 	8198 	8358
f 8366 	8362 	8361
f 8364 	8774 	5816
f 8359 	5816 	5862
f 8359 	8364 	5816
f 8375 	8279 	8309
f 8353 	5867 	5824
f 8373 	9441 	9324
f 8353 	8366 	5867
f 8305 	8375 	8309
f 8361 	8360 	8366
f 8741 	8332 	8298
f 7774 	9698 	7786
f 8422 	8341 	8340
f 8352 	9484 	8313
f 8373 	8331 	8341
f 8373 	8341 	8422
f 5735 	6950 	9271
f 6950 	8379 	9271
f 8379 	5735 	5745
f 8377 	8319 	6045
f 8385 	8387 	8384
f 5745 	5734 	8330
f 8386 	8053 	8388
f 8351 	5680 	5560
f 8046 	8045 	8390
f 8046 	8390 	8392
f 8385 	8384 	7858
f 8248 	3769 	8380
f 3763 	8732 	8394
f 8340 	8341 	8379
f 7858 	8384 	7860
f 8394 	5039 	5030
f 8196 	8535 	8193
f 8341 	8331 	8379
f 8378 	8394 	5030
f 8340 	8379 	5745
f 5745 	8330 	8340
f 8401 	8398 	7812
f 8378 	8403 	8404
f 9286 	8331 	8373
f 8377 	6045 	9065
f 8373 	9297 	9286
f 7812 	8402 	8401
f 8319 	8315 	6045
f 8334 	9134 	9135
f 8394 	8404 	8403
f 7875 	7876 	8396
f 8324 	8308 	8335
f 8394 	8378 	8404
f 8384 	8070 	8073
f 8378 	5031 	8403
f 7835 	8408 	8409
f 8351 	8391 	5737
f 8351 	5719 	5680
f 7080 	8412 	8538
f 5737 	5719 	8351
f 3769 	5031 	8380
f 8463 	8385 	8396
f 3769 	8403 	5031
f 8409 	8410 	7835
f 3763 	8782 	8732
f 8412 	7080 	8411
f 5808 	5843 	8391
f 7990 	7051 	8538
f 8057 	8384 	8058
f 8485 	8429 	8384
f 8391 	8354 	5766
f 5767 	5808 	8391
f 8248 	3848 	3769
f 8414 	8415 	7877
f 8384 	8429 	8070
f 5766 	8354 	5759
f 8415 	8363 	7881
f 5767 	8391 	5766
f 8384 	8073 	8058
f 8472 	8057 	8058
f 8420 	8445 	8421
f 8714 	8128 	8724
f 8419 	7908 	8423
f 8419 	8424 	7908
f 8424 	8425 	7908
f 8407 	8373 	8422
f 8416 	7877 	8425
f 8228 	8420 	8421
f 8326 	8325 	8407
f 8427 	7908 	8426
f 8423 	7908 	8428
f 8070 	8429 	8472
f 8324 	8334 	9135
f 8334 	8324 	8335
f 8432 	7908 	8433
f 7934 	7939 	8433
f 8437 	8441 	8436
f 8995 	7339 	7345
f 7936 	5789 	8626
f 8438 	8463 	8396
f 8448 	8328 	8273
f 8273 	8454 	8448
f 8442 	8418 	8446
f 8446 	8517 	8442
f 8540 	8451 	8079
f 8444 	8079 	8451
f 8664 	8245 	8240
f 8418 	8318 	8446
f 8496 	8664 	8240
f 8318 	8418 	5718
f 8235 	8452 	6006
f 8238 	8452 	8235
f 8318 	8282 	8446
f 8669 	8452 	8238
f 8238 	8245 	8669
f 8444 	8455 	8079
f 6007 	6283 	8438
f 8328 	8448 	8454
f 8457 	8441 	8458
f 6007 	8438 	5478
f 8441 	8459 	8458
f 8454 	8417 	8328
f 8418 	5684 	5718
f 8418 	5444 	5684
f 8286 	9233 	9243
f 8626 	5789 	5678
f 8289 	8264 	8442
f 8387 	8462 	8461
f 8549 	8079 	8546
f 8442 	8264 	8418
f 8385 	8462 	8387
f 8079 	8549 	8550
f 8385 	8463 	8462
f 8438 	8467 	8463
f 8443 	8476 	8475
f 8323 	8417 	8466
f 8466 	8477 	8323
f 8243 	8282 	8318
f 8469 	8184 	8470
f 7977 	8050 	8472
f 8783 	8488 	8449
f 7786 	9698 	7787
f 8483 	8484 	8475
f 8485 	8384 	8387
f 8626 	6362 	6361
f 8612 	8138 	8613
f 8449 	8488 	8476
f 5678 	6362 	8626
f 8227 	8226 	8615
f 8323 	8477 	8301
f 8232 	8231 	8630
f 8476 	8443 	8449
f 8472 	8050 	8057
f 8478 	8391 	8351
f 8348 	8479 	8349
f 8349 	8479 	8365
f 11512 	11515 	8479
f 8365 	8479 	8367
f 8478 	8354 	8391
f 8440 	8478 	8351
f 7587 	9859 	8474
f 8343 	7729 	9363
f 7578 	7317 	9711
f 8413 	8742 	8450
f 8485 	8472 	8429
f 8346 	8374 	8347
f 8368 	8363 	8348
f 8479 	8348 	8363
f 8369 	8368 	8348
f 8471 	8186 	8469
f 8347 	8374 	8348
f 9859 	7587 	7322
f 8450 	8743 	8740
f 8247 	8186 	8471
f 8469 	8188 	8184
f 8345 	8374 	8346
f 8370 	8388 	8371
f 8369 	8348 	8374
f 8389 	8374 	8345
f 8186 	8188 	8469
f 8392 	8390 	8382
f 8382 	8383 	8381
f 8504 	8505 	8470
f 8383 	8386 	8381
f 8386 	8388 	8381
f 8082 	7977 	8472
f 8370 	8381 	8388
f 8472 	8486 	8082
f 8483 	8476 	8488
f 8388 	8389 	8345
f 8345 	8371 	8388
f 8383 	8382 	8390
f 8081 	8856 	8701
f 8504 	8470 	8490
f 7547 	8492 	8487
f 8387 	8461 	8485
f 8299 	8478 	8481
f 8492 	7547 	7548
f 8805 	8480 	8483
f 8483 	8475 	8476
f 8478 	8440 	8481
f 8490 	8493 	8518
f 8402 	8479 	8398
f 8401 	8402 	8398
f 8405 	8479 	8402
f 8496 	8246 	8176
f 3557 	8479 	8405
f 7530 	7578 	9918
f 8496 	8240 	8246
f 8497 	8470 	8184
f 8492 	8495 	8487
f 8497 	8490 	8470
f 8548 	8466 	8511
f 8187 	8496 	8176
f 8318 	5821 	5822
f 5827 	5476 	8243
f 8243 	5833 	5827
f 8187 	8081 	8496
f 8243 	5834 	5833
f 8174 	7982 	8636
f 8494 	8466 	8548
f 8412 	8411 	8503
f 8489 	8498 	8499
f 8408 	8503 	8409
f 8406 	8503 	8408
f 8411 	8409 	8503
f 8318 	5834 	8243
f 8507 	8472 	8485
f 5834 	8318 	5822
f 8477 	8466 	8501
f 8399 	8398 	8479
f 8501 	8466 	8494
f 8400 	8399 	8479
f 8397 	8686 	8688
f 8411 	8410 	8409
f 8765 	8485 	8461
f 8502 	8478 	8299
f 8487 	8495 	7599
f 8469 	8470 	8505
f 8414 	8479 	8415
f 8363 	8415 	8479
f 8492 	7530 	9918
f 8505 	8506 	8471
f 8416 	8425 	8479
f 8471 	8469 	8505
f 8414 	8416 	8479
f 8478 	8502 	8354
f 8663 	8459 	8437
f 8485 	8731 	8507
f 8437 	8459 	8441
f 8419 	8423 	8479
f 8459 	8500 	8458
f 8419 	8479 	8424
f 8425 	8424 	8479
f 8500 	8457 	8458
f 8428 	8479 	8423
f 8433 	8479 	8432
f 8459 	8661 	8500
f 8426 	8432 	8479
f 8427 	8426 	8479
f 8431 	8479 	8428
f 8427 	8479 	8431
f 6047 	8520 	8521
f 8513 	8509 	7561
f 8515 	8628 	2914
f 8446 	8282 	8517
f 8504 	8490 	8518
f 8479 	8433 	8503
f 8406 	8400 	8479
f 7562 	8241 	8516
f 8434 	8503 	8433
f 8406 	8479 	8503
f 8456 	8503 	8435
f 8455 	8503 	8456
f 8451 	8503 	8444
f 8506 	8522 	8471
f 8569 	8043 	8568
f 8442 	8287 	8289
f 8508 	8519 	8523
f 8043 	8569 	8044
f 8442 	8517 	8287
f 8560 	1353 	8514
f 9974 	8523 	8519
f 7859 	8484 	8539
f 7859 	8539 	8565
f 8435 	8503 	8434
f 8444 	8503 	8455
f 7853 	8475 	8484
f 8522 	8247 	8471
f 7859 	7853 	8484
f 8527 	8520 	6112
f 8392 	8535 	8046
f 8526 	8528 	8529
f 8705 	8509 	8516
f 8196 	8047 	8535
f 8528 	8530 	8529
f 8513 	8516 	8509
f 6112 	6120 	8527
f 10187 	8534 	8480
f 8518 	8532 	8579
f 8521 	8536 	8547
f 7562 	8516 	8513
f 8504 	8518 	8579
f 8534 	8484 	8483
f 8521 	8520 	8536
f 8537 	8193 	8535
f 8513 	7561 	7563
f 8483 	8480 	8534
f 7564 	8513 	7563
f 8539 	8534 	8533
f 8506 	8579 	8522
f 8540 	8079 	8575
f 8539 	8484 	8534
f 8079 	8074 	8543
f 8579 	8524 	8522
f 8543 	8545 	8079
f 8322 	8491 	8542
f 8539 	8533 	8565
f 8520 	8527 	8536
f 8630 	8543 	8232
f 8548 	8511 	8510
f 8542 	8548 	8510
f 8493 	8532 	8518
f 8521 	8576 	6117
f 8521 	8547 	8576
f 8542 	8494 	8548
f 8552 	8541 	8544
f 8542 	8491 	8494
f 8527 	8578 	8536
f 8627 	8493 	8490
f 8556 	8552 	8544
f 8551 	8247 	8522
f 8556 	8557 	8552
f 8490 	8497 	8627
f 8514 	8574 	8560
f 8559 	8561 	8552
f 8193 	8537 	8562
f 8562 	8564 	8193
f 8560 	8574 	3523
f 8534 	8565 	8533
f 8555 	8570 	8567
f 8570 	8571 	8572
f 8233 	8795 	10663
f 1353 	8560 	3523
f 8646 	8554 	8676
f 1600 	1353 	3523
f 8572 	8567 	8570
f 8564 	8566 	8193
f 8555 	8563 	8571
f 8162 	8161 	8613
f 3534 	8574 	1346
f 8679 	8554 	8646
f 8514 	1345 	8574
f 8541 	8552 	8561
f 1345 	1346 	8574
f 8555 	8571 	8570
f 8553 	8541 	8561
f 8043 	8577 	8568
f 8259 	8497 	8184
f 8561 	8559 	8558
f 8527 	6120 	8578
f 8043 	2841 	8577
f 8532 	8580 	8579
f 8553 	8561 	8558
f 8554 	8466 	8417
f 6222 	8715 	8413
f 8582 	8558 	8559
f 8579 	8594 	8599
f 8597 	8721 	8128
f 8579 	8584 	8583
f 8565 	8534 	10187
f 8579 	8505 	8504
f 8579 	8506 	8505
f 8579 	8583 	8524
f 8628 	8515 	8565
f 8524 	8583 	8551
f 8109 	8082 	8486
f 8551 	8583 	8584
f 8588 	348 	347
f 8524 	8551 	8522
f 8417 	8454 	8554
f 8855 	8111 	8109
f 8588 	347 	368
f 8252 	8590 	8589
f 8541 	8588 	368
f 8273 	8554 	8454
f 8591 	8590 	8252
f 8580 	8593 	8579
f 404 	8541 	368
f 6585 	8719 	8587
f 8544 	404 	377
f 404 	8544 	8541
f 10187 	8581 	8565
f 8593 	8594 	8579
f 348 	8588 	350
f 350 	8588 	365
f 8128 	8220 	8597
f 8595 	8598 	8579
f 8579 	8599 	8595
f 8582 	365 	8558
f 3599 	1372 	1386
f 8553 	8588 	8541
f 365 	8553 	8558
f 1346 	1354 	3599
f 365 	8588 	8553
f 8602 	8265 	8605
f 3774 	3599 	1386
f 414 	409 	8582
f 8604 	8140 	8610
f 8598 	8584 	8579
f 3592 	3570 	8606
f 6585 	8587 	6557
f 414 	8582 	8649
f 8607 	8591 	8265
f 3570 	1618 	8644
f 8615 	8226 	8608
f 8252 	8589 	8608
f 8252 	8265 	8591
f 8610 	8140 	8139
f 8584 	8609 	8551
f 5988 	8586 	5968
f 8139 	8138 	8610
f 8586 	6558 	5968
f 3522 	8606 	8614
f 8584 	8598 	8609
f 8621 	8618 	8616
f 8609 	8445 	8551
f 8439 	8445 	8609
f 8609 	8598 	8595
f 8596 	8601 	8620
f 8599 	8633 	8631
f 8594 	8633 	8599
f 8620 	8601 	2930
f 8597 	8739 	8721
f 1354 	1372 	3599
f 8722 	8587 	8719
f 8593 	8633 	8594
f 1386 	1370 	3768
f 1386 	3768 	3774
f 8619 	8587 	8722
f 8617 	8623 	8628
f 1413 	3601 	8624
f 3601 	4012 	8624
f 8730 	8619 	8722
f 1418 	1643 	8624
f 1643 	1413 	8624
f 8626 	6361 	8038
f 8627 	8593 	8580
f 8532 	8627 	8580
f 8618 	8556 	8611
f 8585 	8708 	8586
f 8585 	8600 	8708
f 1370 	1418 	4012
f 8565 	8603 	8628
f 8557 	8618 	8552
f 1370 	4012 	3768
f 8531 	8535 	8382
f 8618 	8559 	8552
f 8532 	8493 	8627
f 6591 	6558 	8586
f 8392 	8382 	8535
f 2915 	8601 	8596
f 8557 	8556 	8618
f 2915 	2930 	8601
f 8624 	4012 	1418
f 8537 	8535 	8613
f 8618 	8647 	8582
f 8531 	8613 	8535
f 8631 	8632 	8599
f 8617 	8628 	8603
f 8632 	8609 	8595
f 8503 	8538 	8412
f 8618 	8621 	8654
f 8618 	8582 	8559
f 8451 	8540 	8503
f 8618 	8625 	8634
f 8575 	7997 	8540
f 8623 	2914 	8628
f 8617 	8603 	8581
f 1618 	3570 	3549
f 8603 	8565 	8581
f 8549 	8546 	7997
f 8630 	7997 	8543
f 8595 	8599 	8632
f 8395 	8626 	8686
f 8543 	7997 	8545
f 8545 	7997 	8546
f 8634 	8616 	8618
f 8622 	8616 	8634
f 8564 	8537 	8566
f 8768 	8686 	8626
f 8564 	8562 	8537
f 8635 	2491 	1600
f 8038 	8803 	8626
f 8635 	1600 	3523
f 8542 	8350 	8322
f 8503 	8540 	7997
f 8614 	8635 	3523
f 8550 	8549 	7997
f 8575 	8550 	7997
f 8606 	8635 	8614
f 8635 	1469 	1553
f 1553 	2491 	8635
f 8618 	8611 	8625
f 8615 	8608 	7997
f 8554 	8511 	8466
f 7997 	8589 	8590
f 8590 	8591 	7997
f 8596 	8620 	2750
f 8585 	8638 	8639
f 8610 	8641 	8604
f 8605 	8604 	8641
f 8659 	8593 	8627
f 6340 	6333 	8640
f 8551 	8445 	8420
f 8589 	7997 	8608
f 7997 	8591 	8607
f 8679 	8960 	8573
f 8554 	8969 	8676
f 8531 	8641 	8612
f 8612 	8613 	8531
f 8610 	8612 	8641
f 8566 	8537 	8613
f 8644 	1618 	1469
f 8609 	8650 	8439
f 8648 	8645 	9846
f 7997 	8629 	8615
f 8629 	7997 	8630
f 8644 	1469 	8635
f 8620 	2930 	1220
f 8620 	1220 	2750
f 8649 	8647 	8618
f 3570 	8644 	8635
f 8651 	8633 	8593
f 2750 	2886 	8596
f 8652 	8649 	8618
f 8631 	8633 	8651
f 8635 	8606 	3570
f 8568 	8617 	8581
f 8659 	8651 	8593
f 8650 	8609 	8632
f 8573 	8554 	8679
f 8647 	8649 	8582
f 8652 	8618 	8654
f 8651 	8670 	8631
f 8655 	6148 	6168
f 8621 	8616 	8654
f 8656 	9363 	8657
f 6168 	8640 	8655
f 8497 	8284 	8627
f 8656 	8482 	9363
f 8482 	8343 	9363
f 8577 	8623 	8617
f 8393 	8453 	8651
f 8577 	8617 	8568
f 2841 	8623 	8577
f 8450 	8740 	8636
f 8651 	8659 	8393
f 8684 	8654 	8616
f 8661 	8662 	8663
f 3572 	1621 	8642
f 10887 	8661 	8663
f 1413 	1745 	9934
f 8286 	8627 	8284
f 8286 	8659 	8627
f 8459 	8662 	8661
f 8717 	8736 	8413
f 8286 	9243 	8659
f 7973 	8450 	8636
f 8259 	8284 	8497
f 8393 	8659 	9243
f 8682 	8634 	8625
f 8663 	8662 	8459
f 8643 	8645 	8648
f 5479 	6755 	7777
f 8643 	8648 	6235
f 8725 	8573 	8660
f 8640 	8638 	8655
f 9227 	8420 	8228
f 422 	8668 	8666
f 8689 	8452 	8669
f 8544 	377 	8666
f 377 	548 	8666
f 8667 	8690 	6955
f 8666 	8556 	8544
f 8670 	8650 	8632
f 8640 	8671 	8638
f 8632 	8631 	8670
f 8666 	8611 	8556
f 8652 	8654 	414
f 8038 	8786 	8803
f 414 	8654 	8695
f 6006 	8452 	8689
f 8625 	8611 	8666
f 8675 	8467 	8438
f 8671 	8639 	8638
f 8674 	8670 	8651
f 8640 	5999 	6614
f 6915 	8690 	8667
f 441 	8695 	8654
f 8670 	8447 	8439
f 441 	8654 	518
f 847 	850 	8694
f 8655 	8585 	8586
f 8694 	8672 	847
f 8655 	8638 	8585
f 6333 	5999 	8640
f 8677 	8666 	8668
f 8690 	8680 	8681
f 8668 	422 	8677
f 8670 	8678 	8447
f 8666 	8682 	8625
f 8666 	8677 	8682
f 8690 	8681 	6955
f 8675 	8438 	6283
f 7791 	7790 	9343
f 8678 	8445 	8439
f 8677 	8685 	8684
f 6755 	6955 	7777
f 8439 	8447 	8678
f 8395 	8686 	8397
f 8674 	8687 	8670
f 8677 	8684 	8682
f 8245 	8744 	8669
f 8397 	8688 	8693
f 8669 	8751 	8689
f 8397 	8693 	8090
f 5059 	8684 	8685
f 7771 	9698 	7772
f 8677 	5072 	8685
f 8664 	8665 	8785
f 7774 	7772 	9698
f 8616 	8622 	8684
f 7754 	9698 	7778
f 8785 	8744 	8664
f 8622 	8634 	8682
f 8670 	8439 	8650
f 8622 	8682 	8684
f 8464 	8673 	8674
f 8464 	9278 	8673
f 8677 	421 	5072
f 8677 	422 	421
f 8674 	8453 	8464
f 8684 	5059 	8654
f 8687 	8674 	8673
f 8768 	8525 	8686
f 5085 	5059 	8685
f 8707 	8671 	8640
f 8675 	8776 	8759
f 8674 	8651 	8453
f 8685 	5072 	5085
f 8640 	6614 	8707
f 8691 	8767 	8766
f 8639 	8600 	8585
f 8639 	8671 	8600
f 8652 	414 	8649
f 8675 	8759 	8467
f 8696 	8697 	8698
f 8693 	8213 	8085
f 8689 	6486 	6301
f 8602 	8333 	8592
f 8641 	8333 	8602
f 8641 	8602 	8605
f 8699 	8750 	8700
f 8607 	8592 	8333
f 8766 	856 	855
f 8654 	5059 	518
f 8607 	8333 	7997
f 8757 	7039 	8700
f 8705 	7561 	8509
f 8702 	8213 	8693
f 8085 	8090 	8693
f 8081 	8701 	8496
f 8699 	8696 	8703
f 8698 	8703 	8696
f 7025 	8849 	8703
f 8725 	8350 	8510
f 8703 	6857 	7025
f 6148 	8655 	8586
f 8703 	8698 	6857
f 8717 	8413 	8716
f 8708 	8600 	8671
f 8698 	6858 	6857
f 8698 	8697 	6858
f 8743 	8450 	8742
f 8697 	6856 	6858
f 8660 	8350 	8725
f 8699 	8697 	8696
f 987 	8710 	1001
f 7039 	8697 	8699
f 8710 	970 	1001
f 8699 	8700 	7039
f 8710 	977 	970
f 8706 	2873 	8709
f 8778 	850 	857
f 8712 	8713 	8711
f 9267 	2923 	2528
f 8712 	8738 	8713
f 8690 	8672 	8694
f 8727 	8691 	8766
f 8710 	8519 	8508
f 9979 	931 	8710
f 8510 	8350 	8542
f 8508 	9979 	8710
f 931 	977 	8710
f 8720 	8511 	8554
f 8713 	8723 	8734
f 8720 	8510 	8511
f 8734 	8711 	8713
f 8705 	8249 	7959
f 7959 	7561 	8705
f 8597 	9561 	8739
f 8705 	968 	8249
f 9561 	8899 	8739
f 8664 	8496 	8665
f 8725 	8510 	8720
f 6929 	8727 	6928
f 6704 	8502 	8719
f 8554 	8573 	8720
f 8720 	8573 	8725
f 8719 	6651 	6704
f 8727 	6937 	6928
f 6811 	8175 	8728
f 8728 	8200 	8755
f 8351 	6557 	8587
f 8726 	998 	8705
f 8502 	8299 	8722
f 8711 	8734 	8733
f 8735 	8854 	8853
f 8516 	8726 	8705
f 8727 	6931 	8755
f 8853 	8507 	8735
f 8719 	8502 	8722
f 8735 	8701 	8854
f 6931 	8727 	6929
f 8726 	8241 	8266
f 8731 	8701 	8735
f 8899 	8901 	8739
f 8351 	8587 	8619
f 8619 	8440 	8351
f 8723 	8733 	8734
f 8701 	8731 	8704
f 8731 	8718 	8704
f 8519 	8729 	9974
f 5036 	8278 	8191
f 8619 	8730 	8481
f 8496 	8749 	8665
f 8749 	8785 	8665
f 8481 	8440 	8619
f 8722 	8299 	8481
f 8735 	8507 	8731
f 8722 	8481 	8730
f 8713 	8738 	8723
f 8732 	8197 	5039
f 997 	998 	8726
f 8586 	6614 	6591
f 8705 	998 	1003
f 8737 	5029 	8191
f 8636 	8741 	8857
f 8741 	8636 	8740
f 1003 	968 	8705
f 8485 	8806 	8731
f 8736 	8742 	8413
f 8729 	8519 	8710
f 8749 	8496 	8701
f 8708 	8671 	8707
f 8273 	5029 	8737
f 994 	8729 	987
f 8707 	6614 	8586
f 8729 	8710 	987
f 1104 	1036 	8729
f 2872 	9267 	2528
f 8278 	8194 	8191
f 8738 	8745 	8723
f 8708 	8707 	8586
f 5036 	5029 	8327
f 1069 	8726 	8266
f 8746 	8747 	8748
f 5036 	8327 	8271
f 8745 	8733 	8723
f 8271 	8278 	5036
f 2918 	9363 	7689
f 8701 	8704 	8749
f 8263 	1243 	8262
f 1240 	8262 	1243
f 8704 	10638 	8749
f 8263 	1013 	1243
f 8812 	8733 	8815
f 6374 	8786 	8038
f 968 	8263 	8261
f 8245 	8664 	8744
f 8749 	10618 	8785
f 1144 	8255 	1142
f 1144 	1104 	8255
f 8752 	8699 	8700
f 8261 	8249 	968
f 8699 	8752 	8750
f 1069 	997 	8726
f 8750 	8745 	8738
f 6931 	8728 	8755
f 8700 	8753 	8752
f 1118 	8217 	1329
f 8669 	8794 	8751
f 8672 	6716 	847
f 8757 	8750 	8760
f 8689 	8751 	8794
f 8760 	8750 	8758
f 8753 	8750 	8752
f 10456 	10455 	8744
f 8753 	8758 	8750
f 2189 	8754 	2948
f 8068 	1329 	8217
f 8750 	8752 	8745
f 8753 	8752 	8971
f 5184 	8727 	8766
f 8971 	8752 	8750
f 8729 	994 	1104
f 8758 	8753 	8757
f 8700 	8757 	8753
f 8759 	8462 	8463
f 8700 	8750 	8757
f 8849 	8757 	8700
f 8755 	8254 	8281
f 8675 	6283 	8980
f 8757 	8760 	8758
f 8266 	8255 	1069
f 8849 	8872 	8757
f 8755 	8691 	8763
f 8755 	8164 	8254
f 1104 	1069 	8255
f 8463 	8467 	8759
f 8727 	8755 	8763
f 8762 	11131 	8761
f 8762 	8748 	8747
f 8747 	11131 	8762
f 8194 	8278 	8277
f 8691 	8755 	8281
f 8691 	8727 	8763
f 8779 	8172 	1251
f 1339 	1251 	8172
f 8461 	8462 	8765
f 8793 	8732 	8844
f 8737 	8834 	8273
f 8262 	1240 	8321
f 1240 	8320 	8321
f 1250 	8769 	1240
f 8767 	872 	8766
f 10623 	10624 	8765
f 7039 	8757 	8760
f 10498 	8765 	8462
f 8753 	8851 	8752
f 1339 	8172 	1250
f 10498 	8462 	8759
f 10505 	10509 	8759
f 8971 	7039 	8760
f 8971 	8760 	8758
f 8971 	8758 	8753
f 8699 	8849 	8700
f 8747 	8771 	11142
f 8758 	8851 	8753
f 10760 	8771 	8772
f 3215 	3216 	8770
f 8773 	5802 	5816
f 8774 	8773 	5816
f 8746 	8748 	8775
f 8774 	1251 	1339
f 3021 	8770 	3216
f 8747 	8746 	8777
f 1251 	8774 	8780
f 8775 	8777 	8746
f 8767 	8778 	890
f 8337 	8358 	8779
f 8353 	8774 	8364
f 10505 	8759 	10504
f 8767 	890 	872
f 8197 	8732 	8793
f 8353 	8780 	8774
f 856 	8766 	872
f 8784 	8781 	2938
f 8783 	8778 	8767
f 2890 	2938 	8781
f 1339 	8773 	8774
f 8356 	8192 	8779
f 8781 	8799 	2941
f 8195 	8779 	8192
f 8779 	8358 	8356
f 8449 	8778 	8783
f 8811 	8737 	8194
f 1251 	8787 	8779
f 8195 	8172 	8779
f 8784 	8797 	8781
f 8780 	8353 	5811
f 8194 	8277 	8216
f 8443 	8680 	8690
f 1324 	8787 	8780
f 8681 	8443 	7798
f 2938 	2948 	8784
f 8780 	5811 	1324
f 6376 	10663 	6374
f 8779 	8787 	8337
f 8886 	8251 	8216
f 1324 	8294 	8787
f 8777 	8771 	8747
f 8971 	8738 	8712
f 8787 	8294 	8337
f 6376 	8233 	10663
f 8197 	8793 	8792
f 8443 	8681 	8680
f 8197 	8792 	8251
f 8865 	8233 	8174
f 8443 	8694 	8449
f 8691 	8783 	8767
f 8307 	1288 	1329
f 8781 	9423 	9310
f 1288 	8307 	8791
f 8764 	8788 	8761
f 8781 	9306 	9423
f 8781 	8797 	9306
f 8775 	8796 	8777
f 8799 	8781 	9310
f 8691 	8281 	8783
f 8865 	8795 	8233
f 8794 	10838 	8689
f 8777 	8772 	8771
f 8778 	8694 	850
f 8796 	8772 	8777
f 10838 	6486 	8689
f 8778 	8449 	8694
f 8443 	8690 	8694
f 8480 	8805 	8804
f 8890 	8802 	8891
f 8865 	8174 	8636
f 8793 	8807 	8792
f 8783 	8044 	8569
f 8783 	8281 	8044
f 8796 	8775 	8842
f 8793 	8811 	8807
f 8796 	8842 	8800
f 8783 	8805 	8488
f 10498 	8759 	10509
f 8569 	8568 	8804
f 8807 	8194 	8216
f 8768 	8803 	10412
f 8768 	8626 	8803
f 8793 	8843 	8811
f 8194 	8807 	8811
f 8805 	8569 	8804
f 8483 	8488 	8805
f 8867 	8808 	8866
f 8805 	8783 	8569
f 8485 	10624 	8806
f 9199 	8812 	8815
f 8473 	9766 	8229
f 8782 	8825 	8732
f 8842 	8775 	8748
f 10668 	10671 	10654
f 8806 	8820 	8731
f 8802 	8822 	8798
f 8821 	8822 	8802
f 8821 	8818 	8822
f 8761 	8819 	8762
f 8788 	8789 	8819
f 8797 	8784 	8817
f 8824 	8731 	8820
f 8718 	8731 	8824
f 8861 	3188 	8829
f 3188 	3170 	8829
f 8829 	3166 	11379
f 11379 	3166 	8826
f 2948 	8858 	8784
f 8828 	8832 	8827
f 8845 	8858 	2948
f 8808 	8802 	8831
f 3170 	3166 	8829
f 3166 	3164 	8826
f 8835 	8833 	8818
f 8835 	8818 	8821
f 8806 	10643 	8820
f 8821 	8802 	8835
f 8838 	8814 	8837
f 8832 	8839 	8827
f 8827 	8839 	8841
f 8802 	8809 	8835
f 8843 	8834 	8737
f 8737 	8811 	8843
f 8809 	8833 	8835
f 8832 	8842 	8839
f 8784 	8858 	8817
f 8748 	8762 	8842
f 8809 	8802 	8810
f 8802 	8808 	8810
f 8832 	8800 	8842
f 1476 	1766 	6449
f 1478 	6449 	6117
f 8841 	8842 	8762
f 6117 	8576 	1478
f 8841 	8839 	8842
f 8845 	8754 	8840
f 8869 	8850 	8849
f 8850 	8851 	8849
f 8848 	8849 	8851
f 8714 	9766 	8715
f 8716 	8715 	9766
f 1478 	1476 	6449
f 2948 	8754 	8845
f 8841 	8762 	8827
f 1538 	1478 	8576
f 8849 	8848 	8852
f 1827 	8578 	6120
f 8714 	8724 	9766
f 8332 	8741 	8740
f 8740 	8743 	8332
f 8851 	8871 	8848
f 1827 	1489 	8578
f 8742 	8332 	8743
f 8871 	8852 	8848
f 8536 	1439 	8547
f 8536 	8578 	1439
f 8851 	8758 	8848
f 8828 	8827 	8819
f 8547 	1538 	8576
f 8848 	8852 	9131
f 1538 	8547 	1439
f 8827 	8762 	8819
f 8578 	1489 	1439
f 8934 	8917 	8808
f 8920 	8809 	8810
f 8486 	8853 	8109
f 3831 	3837 	8801
f 8853 	8854 	8855
f 8917 	8920 	8810
f 8721 	8739 	8901
f 8104 	8855 	8856
f 8810 	8808 	8917
f 8721 	8901 	8902
f 8853 	8855 	8109
f 8724 	8721 	8902
f 8866 	8847 	8867
f 8819 	8761 	8788
f 8858 	9405 	9407
f 8859 	8819 	8789
f 8828 	8819 	8859
f 8847 	8860 	8831
f 8859 	9029 	8828
f 8847 	8866 	8860
f 9405 	8858 	8845
f 8637 	8636 	8908
f 8908 	8905 	8637
f 3176 	3183 	8846
f 8840 	9407 	9405
f 8912 	10663 	8911
f 8801 	3837 	8799
f 3837 	2941 	8799
f 8854 	8856 	8855
f 8830 	8813 	8863
f 8830 	8863 	8864
f 8808 	8831 	8860
f 8864 	8816 	8830
f 8871 	8851 	8850
f 8733 	8745 	8850
f 8851 	8850 	8745
f 8869 	8849 	8870
f 8870 	8850 	8869
f 8853 	8486 	8472
f 8861 	3183 	3187
f 8850 	8869 	8733
f 8472 	8507 	8853
f 8870 	8815 	8869
f 8733 	8869 	8815
f 8808 	8860 	8866
f 11192 	3164 	3373
f 8869 	8851 	9131
f 8850 	8851 	8869
f 8848 	9131 	8851
f 8944 	8868 	8941
f 8847 	8831 	8802
f 8869 	9131 	8870
f 8701 	8856 	8854
f 8636 	8637 	8865
f 8132 	8291 	8887
f 8890 	9148 	8847
f 8703 	8849 	8699
f 8815 	8871 	9131
f 10381 	8836 	8297
f 8934 	8808 	8942
f 8872 	8849 	8852
f 8872 	8871 	8849
f 8760 	8757 	8872
f 8303 	8297 	8836
f 8844 	8843 	8793
f 3240 	3246 	8873
f 8870 	8849 	8871
f 8852 	8871 	8872
f 3240 	8873 	8838
f 8844 	8825 	8843
f 8852 	8758 	8872
f 8848 	8758 	8852
f 8852 	8872 	9131
f 8847 	8802 	8890
f 3240 	8838 	8837
f 8871 	8850 	8870
f 8870 	8871 	8815
f 8875 	8879 	8862
f 8879 	8704 	8718
f 8637 	8905 	8865
f 10638 	8704 	8879
f 8879 	8718 	8862
f 8874 	8881 	8930
f 8877 	8883 	8878
f 8845 	8840 	9405
f 8889 	8893 	8884
f 8822 	8883 	8798
f 8298 	10654 	8912
f 8870 	9131 	8871
f 8889 	8884 	8882
f 8843 	8825 	8834
f 8825 	8844 	8732
f 8884 	8874 	8882
f 8818 	8883 	8822
f 3922 	10542 	10027
f 8874 	8876 	8881
f 9469 	10542 	3922
f 8874 	8888 	8876
f 8880 	3291 	3351
f 8880 	3351 	3329
f 8798 	8883 	8877
f 8887 	10973 	8914
f 8902 	8901 	8724
f 8890 	8891 	8892
f 8891 	8877 	8878
f 8741 	8298 	8857
f 8908 	8857 	8905
f 10372 	8285 	10368
f 8772 	8796 	8889
f 8760 	8872 	8758
f 8745 	8752 	8851
f 8892 	8891 	8878
f 11127 	8375 	8305
f 8893 	8888 	8874
f 9732 	9733 	4022
f 8889 	8876 	8888
f 10372 	8297 	8285
f 8874 	8884 	8893
f 4008 	9734 	4006
f 8893 	8889 	8888
f 4022 	9733 	9735
f 8892 	9148 	8890
f 10278 	10973 	8887
f 8886 	8933 	10510
f 3329 	3263 	8894
f 8296 	8887 	8293
f 3329 	8894 	8880
f 8891 	8802 	8877
f 8886 	8248 	8251
f 8836 	8887 	8303
f 8894 	8885 	8880
f 8798 	8877 	8802
f 9728 	9734 	4008
f 4008 	4006 	9728
f 8796 	8897 	8889
f 8296 	8303 	8887
f 8894 	8895 	11465
f 8889 	8897 	8921
f 8742 	8736 	8332
f 8473 	8332 	8736
f 8847 	9148 	8910
f 4006 	9730 	9729
f 8717 	8473 	8736
f 8716 	8473 	8717
f 9730 	4006 	9734
f 8898 	8847 	8910
f 8847 	8942 	8867
f 3595 	8894 	3593
f 3595 	8895 	8894
f 8909 	8859 	8789
f 3595 	3594 	8895
f 8847 	8898 	8942
f 8909 	9029 	8859
f 8355 	8372 	8900
f 3804 	3862 	8903
f 8909 	8789 	8788
f 8808 	8867 	8942
f 8916 	8865 	8905
f 8908 	8636 	8857
f 10116 	8903 	10115
f 8887 	8329 	9636
f 8897 	8796 	8800
f 8795 	8913 	8911
f 8372 	8329 	8887
f 8800 	8832 	8897
f 8887 	8914 	8372
f 8865 	8913 	8795
f 8913 	8865 	8915
f 8900 	8372 	8914
f 10887 	8663 	8437
f 8916 	8915 	8865
f 8909 	11194 	8904
f 8862 	8718 	8824
f 8872 	8849 	7025
f 8919 	8920 	8917
f 3549 	3572 	1618
f 8642 	1618 	3572
f 9938 	1681 	8658
f 8832 	8921 	8897
f 1681 	9938 	1698
f 8922 	8923 	8959
f 8818 	8923 	8922
f 8922 	8883 	8818
f 8501 	8925 	8477
f 8925 	8277 	8301
f 1681 	1683 	8642
f 8216 	8277 	8925
f 8905 	8857 	8298
f 1683 	1979 	8642
f 8301 	8477 	8925
f 8909 	11168 	11194
f 1621 	1681 	8642
f 8642 	1979 	1618
f 8899 	9770 	8724
f 8901 	8899 	8724
f 8825 	8969 	8834
f 8935 	8917 	8934
f 8930 	8931 	8874
f 8930 	8881 	8876
f 8917 	8935 	8919
f 8935 	8937 	8919
f 1829 	9752 	4054
f 8886 	9231 	9220
f 8903 	9744 	9739
f 8886 	9220 	8933
f 2875 	2868 	8939
f 10115 	8906 	10114
f 8940 	10114 	8906
f 8555 	8567 	8931
f 8939 	2901 	2875
f 10116 	9802 	8903
f 7046 	6820 	8927
f 2891 	2901 	8939
f 8906 	10115 	8903
f 8931 	8868 	8944
f 8941 	8947 	8944
f 8944 	8555 	8931
f 3861 	2131 	8989
f 8939 	8938 	2891
f 8970 	8992 	8945
f 8944 	8948 	8555
f 8946 	8948 	8944
f 10025 	2891 	8938
f 8926 	8949 	8950
f 8951 	8944 	10084
f 8925 	9231 	8886
f 8926 	8927 	8949
f 8942 	8898 	8954
f 8944 	8951 	8946
f 4273 	4120 	8984
f 8951 	8563 	8948
f 8563 	8555 	8948
f 8951 	8948 	8946
f 8955 	8950 	8949
f 8898 	9201 	8954
f 8953 	8956 	3756
f 8945 	8992 	8936
f 8886 	8216 	8925
f 8868 	8931 	8930
f 9046 	8957 	8952
f 8983 	8958 	8927
f 8952 	1114 	9046
f 8834 	8554 	8273
f 8959 	8923 	8818
f 8919 	8959 	8920
f 8958 	8955 	8949
f 8959 	8818 	8833
f 8809 	8920 	8959
f 6053 	8984 	4276
f 8984 	4119 	4276
f 8919 	8937 	8959
f 8969 	8554 	8834
f 8809 	8959 	8833
f 8958 	8949 	8927
f 10495 	8984 	10494
f 8937 	8964 	8959
f 9164 	8922 	8959
f 8956 	9046 	8961
f 8957 	8953 	8952
f 8957 	8956 	8953
f 8957 	9046 	8956
f 8573 	8960 	8660
f 9210 	8954 	9212
f 8915 	8298 	8913
f 8912 	8911 	8298
f 8911 	8913 	8298
f 8969 	8825 	8962
f 10341 	8868 	8930
f 8915 	8916 	8298
f 8646 	8676 	8960
f 8916 	8905 	8298
f 8960 	8679 	8646
f 9121 	8909 	9080
f 8940 	8989 	10425
f 8934 	8968 	8935
f 8970 	8945 	8943
f 8969 	8962 	8960
f 8935 	9287 	9283
f 8676 	8969 	8960
f 8738 	8971 	8750
f 9007 	3755 	8966
f 8973 	6486 	8975
f 8976 	8973 	8975
f 6820 	8971 	8977
f 8982 	8675 	8981
f 8960 	8962 	8825
f 3755 	3756 	8966
f 8985 	4273 	8984
f 8987 	8988 	6498
f 6309 	6498 	8988
f 9016 	8987 	6498
f 6309 	8988 	8978
f 8921 	8816 	9000
f 6820 	8977 	8790
f 8993 	8994 	8973
f 8790 	8927 	6820
f 7039 	8971 	7052
f 8973 	8976 	8993
f 8975 	8298 	8976
f 8267 	8298 	8975
f 8987 	10306 	8988
f 7339 	8995 	8974
f 8960 	8825 	10524
f 8978 	10306 	8980
f 8995 	7356 	8997
f 8298 	8994 	8993
f 7345 	7356 	8995
f 10389 	10385 	8990
f 8995 	8979 	8974
f 8993 	8976 	8298
f 8974 	8979 	9041
f 8998 	9000 	8999
f 8930 	8998 	10014
f 8997 	9041 	8979
f 9024 	8168 	9001
f 9001 	8168 	8170
f 8998 	8930 	8876
f 9024 	9049 	8168
f 8956 	8961 	8966
f 8995 	8997 	8979
f 8998 	8876 	8889
f 8956 	8966 	3756
f 9001 	8136 	7288
f 8889 	9000 	8998
f 8168 	9049 	8181
f 8986 	8972 	9009
f 4134 	4120 	8989
f 8816 	12076 	9000
f 8989 	4120 	4273
f 9013 	6326 	9014
f 9014 	6312 	9015
f 9010 	9011 	8907
f 6498 	9013 	9019
f 8966 	9176 	9007
f 8983 	8927 	8790
f 9007 	9023 	9012
f 9019 	9020 	6498
f 8907 	10117 	9010
f 7288 	9024 	9001
f 9020 	9021 	6498
f 9016 	6498 	9021
f 10293 	8332 	10286
f 8918 	8907 	9011
f 8989 	8985 	10425
f 9049 	9061 	8181
f 8179 	8181 	9061
f 9047 	9011 	9039
f 9011 	9047 	9050
f 9069 	9025 	9011
f 8813 	8830 	9026
f 9620 	8430 	7389
f 9025 	8918 	9011
f 9020 	10293 	9021
f 9013 	8332 	10293
f 10490 	8985 	8984
f 7349 	9031 	7351
f 9029 	8832 	8828
f 7355 	9031 	7349
f 9013 	9014 	8332
f 9014 	9015 	8332
f 8332 	9015 	9018
f 9010 	10112 	9006
f 7282 	7286 	9028
f 9032 	9059 	9031
f 8985 	8989 	4273
f 9030 	9033 	7356
f 8832 	9029 	8921
f 7355 	7351 	9031
f 7356 	8465 	9030
f 9031 	7355 	7391
f 7282 	9028 	9034
f 9031 	9024 	7355
f 7391 	7349 	9036
f 9013 	10293 	9019
f 9019 	10293 	9020
f 8816 	9038 	8830
f 9039 	8996 	9040
f 8987 	9016 	10306
f 9036 	9037 	7391
f 8974 	9041 	7340
f 9107 	4936 	4916
f 9021 	10306 	9016
f 9018 	9017 	8332
f 9017 	8994 	8332
f 9157 	7391 	9037
f 8298 	8332 	8994
f 9031 	7391 	9032
f 9632 	9163 	3208
f 3208 	9163 	9090
f 8177 	9032 	7171
f 8177 	8179 	9032
f 9043 	9044 	9045
f 9024 	9031 	9049
f 9059 	9032 	8179
f 7282 	9034 	9046
f 9048 	9043 	9045
f 7282 	9046 	1114
f 9044 	9050 	9045
f 8943 	8945 	9045
f 9049 	9031 	9059
f 9002 	9102 	9051
f 9052 	9055 	9037
f 9045 	9050 	8943
f 9054 	9055 	9052
f 9048 	9045 	8945
f 9052 	9037 	9036
f 9063 	10176 	8992
f 8983 	8790 	9057
f 9022 	7340 	9041
f 8840 	8754 	9056
f 9227 	9057 	8790
f 9227 	9005 	9057
f 10176 	8936 	8992
f 9034 	9028 	9053
f 8756 	9056 	8754
f 9003 	9058 	9057
f 9059 	9061 	9049
f 9053 	8283 	9062
f 9003 	9051 	9058
f 9061 	9059 	8179
f 9063 	8992 	8970
f 9056 	3215 	8770
f 9005 	9003 	9057
f 3081 	3215 	9056
f 9034 	9053 	9062
f 8756 	3081 	9056
f 8770 	3021 	9060
f 8945 	10887 	9043
f 9043 	9048 	8945
f 9011 	9010 	8996
f 9065 	9064 	8377
f 9065 	7420 	9064
f 8996 	9039 	9011
f 9030 	9066 	9033
f 3922 	10027 	9068
f 8332 	8473 	10286
f 9066 	8997 	7356
f 9068 	4323 	3922
f 7356 	9033 	9066
f 9010 	10962 	8996
f 7422 	9070 	9230
f 9026 	8830 	9038
f 9069 	9011 	9044
f 9000 	8889 	8921
f 9050 	9044 	9011
f 9121 	9038 	9073
f 7451 	7455 	9070
f 8921 	9073 	9038
f 7455 	7546 	9070
f 9075 	9072 	9074
f 9070 	9931 	9921
f 8921 	9038 	8816
f 8921 	9029 	9073
f 8909 	9073 	9029
f 9121 	9073 	8909
f 7422 	7451 	9070
f 7848 	9382 	7847
f 10962 	9010 	9006
f 9058 	9067 	9078
f 7540 	9123 	9079
f 4329 	4323 	9068
f 8501 	9074 	9072
f 9058 	9078 	9077
f 8904 	9080 	8909
f 8983 	9057 	8958
f 11212 	9086 	9080
f 9057 	9058 	8958
f 9042 	9673 	9071
f 8494 	9074 	8501
f 8494 	8491 	9074
f 8309 	9053 	9028
f 9071 	9673 	9686
f 9089 	9064 	7420
f 8377 	9064 	9089
f 9100 	9034 	9098
f 9098 	9034 	9062
f 8972 	9071 	9009
f 9041 	8997 	9066
f 9095 	9094 	9113
f 9081 	9082 	9087
f 9093 	9106 	9107
f 9646 	9041 	9066
f 9081 	9087 	10209
f 9672 	9646 	9066
f 9060 	9706 	9088
f 9075 	9074 	9095
f 9077 	9091 	9700
f 9156 	9091 	9077
f 9095 	9113 	9075
f 9042 	9071 	8972
f 9084 	9136 	9177
f 9156 	9077 	9078
f 9042 	9124 	9129
f 9095 	9089 	9094
f 9093 	9090 	9163
f 9095 	9074 	9089
f 9706 	9060 	9106
f 9071 	9139 	9126
f 9089 	9092 	9094
f 10266 	11109 	9087
f 9067 	9076 	9078
f 9096 	9085 	9162
f 9706 	9106 	9093
f 9009 	9071 	9126
f 6710 	6916 	9084
f 3208 	9068 	10027
f 10151 	8660 	8960
f 9089 	8322 	8377
f 10027 	9632 	3208
f 10720 	9060 	9088
f 8491 	8322 	9089
f 8491 	9089 	9074
f 3208 	9090 	4736
f 9099 	9103 	9097
f 9090 	9035 	4736
f 9090 	9093 	9035
f 9094 	9092 	9101
f 8132 	9132 	9098
f 9112 	9101 	9105
f 9112 	9122 	9101
f 9106 	9060 	3021
f 6916 	9079 	9084
f 9103 	9076 	9102
f 9079 	9136 	9084
f 9110 	9108 	9104
f 9266 	9123 	7540
f 9115 	9117 	9116
f 9101 	9075 	9113
f 9118 	9119 	9101
f 9181 	9162 	9085
f 9118 	9109 	9119
f 9102 	9285 	9103
f 9105 	9119 	9109
f 9115 	9120 	9117
f 9118 	9101 	9092
f 9101 	9113 	9094
f 9051 	9102 	9058
f 9111 	9121 	9080
f 9642 	7540 	9639
f 9111 	9080 	9086
f 9086 	9114 	9111
f 9086 	11212 	8963
f 9119 	9105 	9101
f 7559 	9085 	9096
f 9086 	8963 	9114
f 9203 	9117 	9120
f 9121 	9111 	9114
f 9121 	9114 	12447
f 9092 	9089 	9118
f 9155 	2566 	2607
f 9115 	9108 	9110
f 9067 	9102 	9076
f 9118 	9089 	9109
f 9120 	9115 	9110
f 9038 	9121 	9026
f 9103 	9099 	9076
f 9102 	9067 	9058
f 9805 	9803 	9071
f 9106 	3021 	4936
f 4936 	9107 	9106
f 9122 	9072 	9075
f 10426 	9114 	8963
f 9101 	9122 	9075
f 9114 	10426 	12444
f 9131 	9180 	9128
f 9137 	6519 	6826
f 9100 	9098 	9132
f 8872 	7025 	9131
f 5511 	6535 	9137
f 9131 	6952 	7121
f 8966 	9100 	9132
f 9180 	9131 	7121
f 9098 	8269 	8268
f 9131 	9128 	8823
f 9098 	9062 	8269
f 8268 	8132 	9098
f 8966 	8961 	9100
f 9127 	8965 	9125
f 9133 	9147 	9626
f 9042 	8972 	9124
f 9046 	9034 	9100
f 9135 	9144 	8308
f 8972 	9559 	9124
f 8961 	9046 	9100
f 8324 	9135 	8308
f 8823 	9128 	9127
f 9559 	8972 	8986
f 9130 	9129 	9124
f 10193 	9089 	7420
f 9052 	9036 	9138
f 9136 	9079 	9123
f 9027 	9159 	9152
f 9126 	9559 	8986
f 9166 	9172 	9132
f 9139 	9140 	9126
f 9077 	8950 	8955
f 8986 	9009 	9126
f 9143 	9144 	9135
f 9724 	9257 	9142
f 9146 	9145 	8892
f 9058 	8955 	8958
f 8966 	9132 	9176
f 9058 	9077 	8955
f 9132 	9172 	9176
f 8892 	8878 	9146
f 9135 	9134 	9143
f 8306 	8308 	9144
f 7699 	9404 	7314
f 9145 	9148 	8892
f 7314 	9404 	7315
f 9149 	9052 	9138
f 9133 	9724 	9142
f 9772 	9626 	9147
f 9151 	9404 	9388
f 9404 	9151 	7315
f 8883 	9146 	8878
f 9151 	7286 	7315
f 9147 	9173 	9772
f 9028 	7286 	9151
f 9153 	9146 	8883
f 9151 	9388 	9028
f 7699 	9694 	9404
f 9153 	9150 	9146
f 9125 	8967 	9027
f 8306 	9144 	9143
f 9460 	8306 	9143
f 8898 	8910 	9201
f 9158 	9152 	9156
f 9152 	9159 	9156
f 9156 	9159 	9169
f 9145 	9206 	9148
f 9146 	9206 	9145
f 9157 	9037 	9205
f 8910 	9239 	9384
f 9155 	9162 	9323
f 9158 	9099 	9152
f 9083 	9181 	9085
f 9099 	9158 	9076
f 9165 	9166 	9161
f 9156 	9078 	9158
f 9158 	9078 	9076
f 9169 	9586 	9577
f 9169 	9577 	9091
f 9156 	9169 	9091
f 9147 	9133 	9252
f 9084 	9181 	9083
f 9155 	2607 	9174
f 2607 	7559 	9174
f 9007 	9175 	9023
f 9155 	9174 	9096
f 9182 	8922 	9167
f 9096 	9174 	7559
f 8967 	9159 	9027
f 9172 	9166 	9176
f 11337 	9147 	9252
f 9176 	9166 	9165
f 9171 	9170 	9193
f 9155 	9096 	9162
f 9192 	9204 	9170
f 1833 	11352 	9173
f 9171 	9178 	9179
f 9175 	9176 	9165
f 9136 	9123 	9177
f 9177 	9263 	9264
f 9170 	9171 	9179
f 9175 	9007 	9176
f 9182 	9153 	8922
f 9180 	8965 	9127
f 9164 	8964 	8937
f 9170 	9179 	9143
f 8965 	9180 	9183
f 9182 	9150 	9153
f 9500 	9143 	9179
f 9183 	4716 	8965
f 9154 	9178 	9171
f 9166 	9625 	9161
f 9185 	9179 	9178
f 9178 	9154 	9185
f 9166 	9132 	9625
f 9183 	7077 	4716
f 9630 	9625 	9132
f 9188 	9110 	9104
f 9127 	9128 	9180
f 9191 	9186 	9184
f 8883 	8922 	9153
f 9104 	9656 	9188
f 10078 	9193 	9197
f 9131 	7068 	6952
f 8896 	9161 	11214
f 9164 	8959 	8964
f 9199 	9200 	8190
f 7542 	9195 	9213
f 8711 	9199 	8190
f 9197 	9202 	9198
f 8712 	8711 	8186
f 9004 	9217 	7458
f 6826 	6841 	9137
f 9202 	9204 	9203
f 9205 	9037 	9055
f 8954 	9201 	9212
f 8812 	9199 	8733
f 9203 	9192 	9117
f 9137 	6841 	6848
f 9203 	9204 	9192
f 9199 	8711 	8733
f 8259 	8190 	9200
f 7458 	3755 	9007
f 5511 	9137 	6848
f 9193 	9204 	9202
f 9202 	9120 	9110
f 9203 	9120 	9202
f 9199 	9215 	9200
f 9213 	7529 	7542
f 9206 	9234 	9148
f 9254 	9234 	9206
f 9149 	12136 	9052
f 9197 	9193 	9202
f 8259 	8823 	8284
f 9055 	9054 	9205
f 8942 	8954 	9209
f 9035 	5517 	4911
f 9202 	9110 	9198
f 8823 	8286 	8284
f 9188 	9198 	9110
f 9209 	8954 	9210
f 4912 	9035 	4911
f 9170 	9204 	9193
f 9093 	9107 	5517
f 9194 	9196 	9190
f 8286 	8823 	9127
f 9211 	9242 	9105
f 9200 	9215 	8259
f 8334 	8335 	9214
f 9214 	8330 	5734
f 9199 	8815 	9215
f 9213 	9207 	7529
f 9141 	9724 	9194
f 8334 	9214 	9229
f 7458 	9217 	9219
f 8225 	8977 	8971
f 9214 	8335 	8330
f 8932 	8933 	9220
f 9217 	9004 	9219
f 9221 	8225 	8971
f 9218 	9212 	9201
f 7458 	9007 	9012
f 9224 	8932 	9220
f 8815 	9131 	9215
f 9004 	7458 	9012
f 9245 	9219 	9012
f 9177 	9181 	9084
f 9004 	9012 	9219
f 9215 	9131 	8259
f 7458 	9219 	9195
f 9266 	9263 	9177
f 8823 	8259 	9131
f 8910 	9218 	9201
f 5517 	9035 	9093
f 9221 	8712 	8186
f 9177 	9123 	9266
f 8934 	8942 	9209
f 9213 	9208 	9207
f 8971 	8712 	9221
f 9107 	4916 	5517
f 9244 	9212 	9218
f 9190 	9196 	9222
f 9243 	8453 	8393
f 8934 	9209 	8968
f 8225 	8256 	8790
f 8256 	8420 	8790
f 9214 	5734 	9912
f 9227 	8790 	8420
f 8225 	8790 	8977
f 8910 	9148 	9239
f 9390 	9070 	9921
f 9937 	9229 	9214
f 7422 	9230 	9228
f 9384 	9244 	8910
f 9226 	9161 	9274
f 9003 	9005 	9247
f 9247 	9005 	9227
f 9218 	8910 	9244
f 9220 	9231 	9072
f 8501 	9072 	9231
f 9227 	8228 	9247
f 9230 	9070 	9390
f 8932 	9224 	9223
f 9182 	9250 	9150
f 8925 	8501 	9231
f 9232 	8334 	9229
f 9224 	9220 	9122
f 9912 	9937 	9214
f 9220 	9072 	9122
f 7452 	7422 	9228
f 9229 	9937 	9236
f 9027 	8286 	9125
f 6842 	9184 	9186
f 9192 	9236 	9346
f 9184 	6842 	9191
f 9239 	9234 	9254
f 9191 	6842 	9240
f 5447 	9240 	6842
f 9229 	9236 	9232
f 9148 	9234 	9239
f 9189 	9222 	9187
f 9196 	9187 	9222
f 9238 	9216 	9225
f 9265 	9225 	9216
f 9233 	9255 	9243
f 9225 	9265 	9276
f 9195 	9274 	9213
f 9112 	9105 	9242
f 9012 	9023 	9245
f 6811 	5524 	9890
f 9175 	9165 	9226
f 9023 	9175 	9226
f 8678 	9261 	9247
f 9143 	9134 	9236
f 9246 	9248 	9242
f 9247 	8228 	8421
f 8421 	8445 	9247
f 7848 	7799 	9382
f 9249 	9242 	9248
f 9051 	9003 	9247
f 9236 	9192 	9170
f 9247 	8445 	8678
f 9250 	9146 	9150
f 9250 	9206 	9146
f 9255 	9233 	9235
f 7577 	9251 	10001
f 9206 	9256 	9254
f 9249 	9248 	9253
f 9890 	9240 	6811
f 9250 	9256 	9206
f 9252 	9133 	9257
f 9133 	9142 	9257
f 6931 	5421 	8728
f 8728 	5524 	6811
f 6928 	5421 	6931
f 9254 	9256 	9483
f 9253 	9241 	9249
f 9241 	9242 	9249
f 9258 	7581 	9168
f 9483 	9487 	9254
f 9223 	9224 	9241
f 9002 	9051 	9247
f 9002 	9247 	9261
f 9122 	9242 	9241
f 9224 	9122 	9241
f 9261 	9284 	9002
f 9122 	9112 	9242
f 9253 	9223 	9241
f 9262 	9222 	9189
f 9261 	8678 	9284
f 9190 	9222 	9141
f 9194 	9190 	9141
f 9222 	9262 	9141
f 9279 	9267 	2870
f 9327 	9167 	8922
f 9946 	9265 	9141
f 9282 	9270 	9164
f 9260 	9235 	9259
f 9260 	9255 	9235
f 9023 	9226 	9245
f 9274 	9219 	9245
f 9099 	9235 	9152
f 9273 	9272 	9268
f 6515 	5735 	9271
f 9272 	9269 	9268
f 9233 	9027 	9235
f 9282 	9164 	8937
f 8379 	9286 	9271
f 8286 	9127 	9125
f 9027 	9233 	8286
f 9212 	9277 	9275
f 9027 	9152 	9235
f 8453 	9243 	8464
f 9213 	9274 	9208
f 9243 	9255 	8464
f 9212 	9344 	9277
f 9255 	9278 	8464
f 9210 	9212 	9275
f 9195 	9219 	9274
f 9226 	9165 	9161
f 9279 	2870 	3770
f 9275 	9209 	9210
f 9226 	9274 	9245
f 9279 	9343 	9267
f 9260 	9259 	8687
f 9260 	8687 	9278
f 9255 	9260 	9278
f 9267 	2872 	2870
f 9278 	8687 	8673
f 9284 	8678 	8670
f 1940 	9257 	9724
f 9141 	1940 	9724
f 9267 	9343 	9393
f 9274 	9161 	9366
f 9378 	8706 	8709
f 9285 	9002 	9284
f 9280 	9311 	9340
f 9285 	9102 	9002
f 9340 	9366 	9280
f 9103 	9285 	9284
f 8687 	9284 	8670
f 1991 	9216 	2562
f 9097 	9284 	8687
f 9270 	9289 	9164
f 11432 	9265 	9216
f 9639 	7423 	9228
f 9270 	9282 	9289
f 9290 	9097 	8687
f 9259 	9290 	8687
f 9640 	9266 	7540
f 1991 	11432 	9216
f 9223 	9269 	8932
f 7540 	9642 	9640
f 9259 	9099 	9097
f 8379 	8331 	9286
f 9276 	1995 	9225
f 9259 	9097 	9290
f 9235 	9099 	9259
f 9097 	9103 	9284
f 2573 	9238 	2571
f 8935 	9283 	9282
f 8937 	8935 	9282
f 9238 	2573 	9216
f 8968 	9287 	8935
f 8990 	8991 	9292
f 9999 	10000 	9291
f 10000 	10001 	9251
f 7577 	10001 	10011
f 9294 	9385 	9400
f 9168 	3795 	9258
f 9258 	9304 	7581
f 9305 	7581 	9304
f 9295 	9268 	9302
f 9273 	9268 	9295
f 9308 	9785 	9300
f 9258 	3795 	9723
f 9182 	9167 	9303
f 9297 	6515 	9271
f 9303 	9167 	9327
f 9298 	9273 	9295
f 9308 	9320 	9321
f 9307 	9208 	9309
f 9182 	9303 	9237
f 9258 	9375 	9304
f 9459 	9458 	9310
f 9251 	9305 	9291
f 9251 	7577 	9305
f 9223 	9253 	9269
f 9305 	7577 	7594
f 7594 	7581 	9305
f 9316 	9268 	9269
f 9244 	9355 	9212
f 9286 	9297 	9271
f 9420 	3610 	9155
f 9319 	9250 	9182
f 9318 	9321 	9313
f 9317 	9377 	5121
f 9413 	9412 	9317
f 9317 	9412 	9427
f 9317 	9427 	9377
f 9318 	9308 	9321
f 7550 	9207 	9307
f 9337 	9315 	9326
f 9237 	9303 	9319
f 8797 	9425 	9306
f 9319 	9182 	9237
f 9907 	9908 	9310
f 9908 	9909 	9310
f 9369 	9293 	9312
f 9208 	9340 	9309
f 9325 	9322 	9326
f 9310 	9909 	9924
f 9207 	9208 	9307
f 9293 	9313 	9312
f 9327 	8922 	9164
f 9308 	9300 	9320
f 9327 	9444 	9303
f 9309 	9328 	9288
f 9328 	9348 	9288
f 9328 	9329 	9348
f 9293 	9813 	9313
f 9361 	9283 	9287
f 9813 	9318 	9313
f 9329 	9280 	9348
f 9330 	9289 	9282
f 8706 	9378 	9345
f 9312 	9331 	9332
f 9311 	9280 	9329
f 9331 	9313 	9341
f 10578 	9268 	9316
f 9331 	9312 	9313
f 10578 	5717 	9268
f 9319 	9303 	9333
f 8801 	8799 	9310
f 9269 	9253 	9248
f 9310 	9458 	8801
f 9337 	9326 	9334
f 9459 	3831 	8801
f 9334 	9342 	9337
f 8373 	9296 	9297
f 9309 	9288 	9307
f 9335 	9339 	9336
f 9339 	9335 	9338
f 8373 	9324 	9296
f 9341 	9339 	9338
f 8817 	8858 	9467
f 9338 	9331 	9341
f 9328 	9309 	9340
f 9332 	9331 	9338
f 9467 	9425 	8817
f 9320 	9339 	9341
f 9340 	9311 	9329
f 8797 	8817 	9425
f 9317 	5121 	5104
f 9320 	9336 	9339
f 9297 	9296 	9317
f 9341 	9321 	9320
f 9297 	9317 	6515
f 9313 	9321 	9341
f 9317 	9296 	9324
f 9162 	9181 	9323
f 9603 	8683 	9343
f 9328 	9340 	9329
f 9320 	9416 	9336
f 9108 	9814 	9104
f 9277 	9344 	9391
f 9208 	9274 	9340
f 9366 	9340 	9274
f 9117 	9192 	9346
f 9295 	10400 	9292
f 9295 	10582 	10400
f 9375 	10039 	9305
f 6539 	9115 	9116
f 9293 	9349 	9813
f 9293 	9354 	9349
f 10458 	10585 	9358
f 9355 	9356 	9212
f 9356 	9344 	9212
f 6541 	6539 	9116
f 9242 	9352 	9246
f 9563 	9379 	9353
f 9563 	9353 	9351
f 9346 	9236 	6541
f 9352 	9248 	9246
f 9349 	9369 	6179
f 9369 	9827 	6179
f 9314 	10458 	9358
f 9316 	9269 	9352
f 9326 	9322 	9353
f 9316 	9352 	9314
f 9353 	9322 	9351
f 9164 	9289 	12145
f 9370 	9371 	9347
f 9352 	9269 	9248
f 9244 	9384 	9355
f 9347 	9280 	9370
f 9352 	9242 	9360
f 9280 	9347 	9348
f 9509 	9508 	9345
f 9366 	9370 	9280
f 9242 	9211 	9360
f 2918 	8706 	9345
f 3773 	5811 	9364
f 5811 	5867 	9364
f 9364 	5867 	5912
f 7739 	9777 	7699
f 9599 	9598 	9343
f 9347 	9371 	9455
f 5893 	1477 	9364
f 1477 	3773 	9364
f 5912 	5908 	9364
f 9366 	9161 	9160
f 9117 	9346 	9116
f 1477 	5898 	9368
f 9312 	9408 	9369
f 9236 	9937 	6541
f 9380 	9381 	9369
f 9287 	8968 	9361
f 8968 	9350 	9361
f 9524 	9520 	9279
f 9372 	9361 	9350
f 6547 	9108 	6539
f 9108 	9115 	6539
f 9366 	9160 	9371
f 9346 	6541 	9116
f 9372 	9367 	9361
f 9354 	9293 	9369
f 9349 	9354 	9369
f 9370 	9366 	9371
f 6547 	9814 	9108
f 9305 	9304 	9375
f 2918 	9507 	9363
f 7709 	9359 	9363
f 6867 	9377 	9427
f 9348 	7815 	9288
f 9721 	9375 	9258
f 9368 	3844 	3773
f 9348 	9347 	7815
f 9384 	9239 	9414
f 6726 	9980 	9977
f 9381 	9380 	9357
f 9977 	6810 	6726
f 3773 	1477 	9368
f 6865 	6814 	10121
f 9368 	5898 	9418
f 9378 	8709 	2925
f 9418 	5898 	5928
f 9373 	9351 	9322
f 9322 	9325 	9373
f 9053 	8304 	8283
f 9385 	9351 	9373
f 8309 	8304 	9053
f 9373 	9301 	9400
f 9373 	9400 	9385
f 9920 	9390 	9921
f 9827 	9369 	9357
f 9388 	8309 	9028
f 9369 	9381 	9357
f 9060 	9392 	8770
f 5898 	3787 	9389
f 9394 	9395 	9376
f 9164 	12145 	9327
f 2923 	9267 	9393
f 9395 	9396 	9376
f 9397 	9398 	3844
f 9301 	9373 	9325
f 3844 	9368 	9397
f 9513 	9376 	9396
f 9299 	9294 	9400
f 2925 	2924 	9393
f 9378 	2925 	9393
f 2924 	2923 	9393
f 9396 	9395 	9832
f 9333 	9303 	9444
f 9060 	10720 	9392
f 9422 	9319 	9333
f 9394 	9503 	9457
f 9299 	9400 	9301
f 9422 	9424 	9319
f 9824 	9395 	9394
f 5928 	5898 	9389
f 9389 	9401 	9439
f 9450 	9389 	9439
f 9379 	9402 	9399
f 9450 	5928 	9389
f 9410 	9399 	9402
f 4296 	9528 	9389
f 9369 	9408 	9406
f 9389 	3787 	4296
f 12234 	9444 	9327
f 9399 	9410 	9362
f 9399 	9374 	9379
f 9406 	9380 	9369
f 9399 	9362 	9374
f 9406 	9488 	9380
f 9480 	9250 	9319
f 9398 	9452 	9434
f 9317 	9587 	9413
f 9442 	9263 	9429
f 9254 	9414 	9239
f 9452 	9398 	9397
f 9056 	9615 	9407
f 9407 	8840 	9056
f 9417 	9383 	9386
f 9392 	9615 	9056
f 9056 	8770 	9392
f 9414 	9254 	9487
f 1198 	9417 	9386
f 9418 	5928 	9421
f 9423 	9306 	9425
f 9155 	9449 	9420
f 9417 	1196 	6867
f 9442 	9323 	9181
f 1198 	1196 	9417
f 9697 	9420 	9445
f 9904 	9905 	9467
f 6867 	9427 	9417
f 9419 	9417 	9427
f 8530 	9494 	9428
f 9427 	9411 	9419
f 9694 	7699 	9478
f 9412 	9411 	9427
f 9429 	9263 	9654
f 9266 	9658 	9263
f 9439 	9401 	9426
f 9430 	9408 	9312
f 9430 	9432 	9408
f 9654 	9263 	9658
f 9312 	9332 	9430
f 9232 	9134 	8334
f 9236 	9170 	9143
f 9236 	9134 	9232
f 9436 	9437 	9438
f 9421 	9439 	9435
f 3989 	9420 	9695
f 9695 	9685 	3989
f 9325 	9443 	9428
f 7699 	9403 	9433
f 9431 	9428 	9443
f 9445 	9420 	9449
f 9444 	9422 	9333
f 9446 	9449 	9323
f 9155 	9323 	9449
f 9441 	8373 	9440
f 9678 	9323 	9442
f 9440 	8373 	8407
f 9442 	9181 	9177
f 9437 	9436 	9416
f 9264 	9442 	9177
f 9264 	9263 	9442
f 9448 	9338 	9335
f 9448 	9332 	9338
f 9678 	9446 	9323
f 9430 	9332 	9448
f 9432 	9430 	9448
f 9277 	9391 	12178
f 9423 	9911 	9907
f 9423 	9907 	9310
f 9448 	9453 	9432
f 9923 	9911 	9425
f 9423 	9425 	9911
f 9473 	9448 	9472
f 9425 	9905 	9923
f 9421 	9435 	9452
f 9448 	9476 	9477
f 9435 	9434 	9452
f 9448 	9473 	9476
f 9368 	9452 	9397
f 9368 	9418 	9452
f 9453 	9448 	9477
f 9445 	9449 	9446
f 9454 	9436 	9438
f 9426 	9435 	9439
f 12234 	9422 	9444
f 7394 	3989 	9685
f 9418 	9421 	9452
f 9437 	9454 	9438
f 9432 	9453 	9406
f 9453 	9477 	9406
f 9432 	9406 	9408
f 9421 	9450 	9439
f 9437 	9457 	9454
f 9666 	9371 	9160
f 9450 	9421 	5928
f 9161 	9666 	9160
f 9457 	9448 	9454
f 9469 	3831 	9459
f 9458 	9459 	8801
f 9440 	9460 	9441
f 9416 	9457 	9437
f 9456 	7779 	7850
f 8858 	9407 	10157
f 10088 	9443 	9325
f 9455 	9461 	9462
f 9555 	9462 	9461
f 9448 	9335 	9336
f 9336 	9436 	9454
f 10157 	9467 	8858
f 9336 	9416 	9436
f 9555 	9466 	9462
f 9465 	9462 	9466
f 9448 	9336 	9454
f 10135 	9904 	9467
f 9471 	9466 	9465
f 9455 	9662 	9653
f 3498 	9468 	8526
f 9456 	8220 	8182
f 9455 	9653 	9465
f 9455 	9465 	9466
f 9455 	9466 	9461
f 9464 	9462 	9465
f 9463 	8526 	9468
f 9459 	10154 	10163
f 9463 	8528 	8526
f 7837 	7779 	9456
f 9344 	12264 	12276
f 9472 	9448 	9475
f 9460 	8407 	8325
f 9431 	8530 	9428
f 7699 	9433 	9478
f 9494 	8528 	9463
f 9476 	9488 	9477
f 8530 	9431 	9443
f 9658 	9266 	9640
f 9481 	9250 	9480
f 9473 	9488 	9476
f 9481 	9256 	9250
f 9185 	9451 	9486
f 9185 	9154 	9451
f 9482 	6055 	8313
f 9481 	9483 	9256
f 8686 	8525 	9485
f 9480 	9319 	9519
f 9519 	9491 	9480
f 9472 	9475 	9513
f 8688 	8686 	9485
f 9470 	9510 	9447
f 9447 	9463 	9470
f 9481 	9480 	9487
f 9470 	9463 	9468
f 9491 	9487 	9480
f 9409 	9692 	9433
f 9409 	9566 	9604
f 9483 	9481 	9487
f 9384 	9414 	9491
f 9406 	9477 	9488
f 9414 	9487 	9491
f 8338 	9345 	7721
f 7721 	9345 	7711
f 8338 	8653 	9345
f 9345 	9493 	9492
f 8528 	9494 	8530
f 9448 	9503 	9495
f 9486 	9500 	9179
f 9484 	9501 	9482
f 9299 	9301 	9428
f 9501 	9834 	9482
f 9301 	9325 	9428
f 9486 	9179 	9185
f 9357 	9488 	9473
f 9494 	9299 	9428
f 9502 	9479 	9500
f 8693 	8688 	9485
f 9357 	9380 	9488
f 9502 	9500 	9486
f 9498 	9294 	9299
f 9504 	9505 	9506
f 9484 	9482 	8313
f 9463 	9498 	9494
f 9502 	9486 	9451
f 9494 	9498 	9299
f 9493 	9345 	8653
f 9463 	9447 	9498
f 9416 	9804 	9394
f 9394 	9457 	9416
f 9506 	9499 	9504
f 9490 	9499 	9506
f 9490 	9497 	9499
f 9508 	9507 	9345
f 2918 	9345 	9507
f 9345 	9492 	9509
f 9561 	8597 	9456
f 9565 	9561 	9456
f 9505 	9490 	9506
f 9363 	9507 	8657
f 9542 	9510 	9470
f 9448 	9457 	9503
f 9456 	9550 	9565
f 9394 	9376 	9503
f 9294 	9498 	9510
f 9495 	9376 	9513
f 9447 	9510 	9498
f 9503 	9376 	9495
f 9448 	9495 	9513
f 9396 	9534 	9513
f 8015 	9514 	7799
f 9692 	9562 	9433
f 9513 	9475 	9448
f 9143 	9500 	9460
f 9500 	9479 	9460
f 9562 	9478 	9433
f 9518 	9533 	9357
f 9473 	9472 	9518
f 9514 	9382 	7799
f 9525 	4325 	4492
f 9523 	9518 	9472
f 9472 	9513 	9523
f 12264 	9356 	9355
f 4325 	9527 	4303
f 9512 	9526 	9496
f 4293 	9527 	9528
f 8325 	8306 	9460
f 9512 	9511 	9526
f 9499 	12240 	9575
f 4325 	9525 	9527
f 8015 	8213 	9514
f 9534 	9523 	9513
f 9540 	9479 	9502
f 9525 	9530 	9529
f 9355 	9384 	12264
f 9533 	9518 	9523
f 9491 	9519 	9497
f 9426 	9527 	9529
f 8597 	8220 	9456
f 9441 	9460 	9479
f 9357 	9473 	9518
f 9440 	8407 	9460
f 9529 	9530 	9426
f 9387 	9533 	9523
f 9499 	9497 	9519
f 9534 	9387 	9523
f 9536 	9533 	9387
f 9534 	9536 	9387
f 9426 	9401 	9528
f 9528 	9401 	9389
f 9441 	9479 	9317
f 9441 	9317 	9324
f 9357 	9533 	9842
f 9533 	9536 	9842
f 9515 	9538 	9884
f 9462 	9539 	9531
f 9490 	3173 	9497
f 9365 	9534 	9396
f 10102 	10124 	9540
f 9534 	9365 	9536
f 9526 	9532 	9544
f 9544 	9496 	9526
f 9464 	9466 	9539
f 9516 	9343 	9517
f 8927 	8926 	4328
f 9343 	9279 	9517
f 8926 	9541 	4328
f 9539 	9462 	9464
f 9539 	9471 	9464
f 9582 	9504 	9499
f 9539 	9464 	9653
f 9465 	9653 	9464
f 9884 	9995 	9279
f 9499 	9575 	9582
f 9514 	9585 	9382
f 9527 	9426 	9528
f 9525 	9529 	9527
f 9531 	9471 	9539
f 4293 	4303 	9527
f 9585 	9570 	9382
f 9546 	9550 	9545
f 9471 	9544 	9532
f 9398 	9547 	3844
f 9544 	9531 	9496
f 9471 	9531 	9544
f 9465 	9464 	9471
f 9456 	9569 	9550
f 2253 	9553 	285
f 9521 	9279 	9995
f 9524 	9279 	9521
f 9569 	9545 	9550
f 9531 	9539 	9653
f 9547 	4507 	3844
f 9461 	9531 	9555
f 9531 	9461 	9455
f 9539 	9555 	9531
f 8950 	9541 	8926
f 9553 	286 	285
f 9531 	9455 	9462
f 9546 	9768 	9550
f 9461 	9555 	9799
f 9461 	9799 	9455
f 9556 	9700 	4669
f 9466 	9555 	9539
f 9465 	9466 	9464
f 9556 	8950 	9077
f 9456 	7850 	9569
f 9554 	9552 	9551
f 9560 	9548 	9559
f 9556 	9541 	8950
f 9559 	9548 	9124
f 9565 	9771 	9561
f 9126 	9560 	9559
f 9557 	9558 	9573
f 9565 	9550 	9776
f 9466 	9471 	9555
f 9548 	2272 	260
f 9461 	9466 	9555
f 9556 	9077 	9700
f 9560 	2272 	9548
f 9548 	9129 	9130
f 9542 	9554 	9551
f 260 	9129 	9548
f 9548 	9130 	9124
f 9126 	2272 	9560
f 9567 	9383 	9568
f 9531 	9838 	9566
f 9563 	9767 	9680
f 9624 	9572 	9570
f 9569 	9570 	9572
f 9609 	9563 	9385
f 9496 	9531 	9566
f 9512 	9496 	9566
f 9609 	9510 	9563
f 9571 	9525 	4492
f 9566 	9409 	9511
f 9568 	9573 	9567
f 9680 	9402 	9563
f 9511 	9512 	9566
f 9574 	9569 	9572
f 9563 	9351 	9385
f 9545 	9569 	9574
f 9542 	9563 	9510
f 7850 	7847 	9570
f 7847 	9382 	9570
f 9741 	4507 	9576
f 9537 	9411 	9540
f 9569 	7850 	9570
f 9580 	9577 	9578
f 9563 	9402 	9379
f 9563 	9542 	9767
f 9580 	9091 	9577
f 9582 	9505 	9504
f 9505 	3171 	9490
f 9583 	9578 	9577
f 9554 	9542 	9584
f 10191 	9411 	9537
f 9577 	9586 	9583
f 9514 	9489 	9585
f 9540 	9411 	9412
f 9582 	3171 	9505
f 9169 	9564 	9586
f 9412 	9413 	9587
f 9576 	4507 	9588
f 4507 	9589 	9588
f 9587 	9540 	9412
f 2668 	2682 	9590
f 9419 	9568 	9417
f 2682 	2654 	9590
f 4507 	9547 	9589
f 9583 	9586 	9564
f 9419 	9411 	9568
f 2656 	9590 	2654
f 8702 	8693 	9485
f 9571 	9600 	9525
f 9525 	9600 	9530
f 2656 	9592 	9590
f 8702 	9485 	9489
f 9580 	9543 	9091
f 10191 	9573 	9411
f 9590 	9593 	2668
f 10191 	9557 	9573
f 9514 	8213 	8702
f 9568 	9411 	9573
f 9700 	9091 	9543
f 9317 	9540 	9587
f 9591 	9343 	9535
f 9520 	9517 	9279
f 9514 	8702 	9489
f 2341 	9592 	2340
f 9535 	9343 	9516
f 9549 	9595 	9596
f 9597 	9228 	9474
f 9639 	9228 	9597
f 9601 	2253 	2252
f 9584 	10234 	9602
f 9601 	9553 	2253
f 9549 	9601 	9595
f 9554 	9584 	9602
f 9409 	9604 	9692
f 9554 	9602 	9552
f 9603 	9343 	9598
f 9607 	9606 	9600
f 9608 	9719 	9604
f 9610 	9489 	9726
f 9553 	9601 	9549
f 9317 	9479 	9540
f 9343 	9591 	9599
f 9596 	2340 	286
f 9383 	9417 	9568
f 9605 	9606 	9607
f 9596 	9592 	2341
f 9765 	9607 	9600
f 9590 	9592 	9596
f 9393 	7787 	9698
f 9605 	9614 	9606
f 9553 	9596 	286
f 9681 	9709 	9594
f 9553 	9549 	9596
f 9590 	9595 	9593
f 8683 	8376 	9343
f 8376 	7791 	9343
f 9590 	9596 	9595
f 9593 	9595 	9601
f 9606 	9530 	9600
f 9612 	9594 	9709
f 9601 	2252 	9593
f 9585 	9489 	9610
f 7754 	9378 	9393
f 9378 	7754 	9345
f 9570 	9585 	9610
f 9765 	9576 	9607
f 9605 	9613 	9614
f 9699 	9748 	8468
f 9583 	9594 	9612
f 8468 	7368 	9699
f 9510 	9609 	9294
f 9385 	9294 	9609
f 9748 	9711 	8468
f 9607 	9616 	9605
f 9610 	9726 	9629
f 7340 	9022 	9620
f 9426 	9606 	9435
f 9415 	9619 	9402
f 9426 	9530 	9606
f 9610 	9617 	9570
f 8967 	9621 	9622
f 7389 	7362 	9620
f 9617 	9618 	9623
f 9570 	9617 	9624
f 9623 	9624 	9617
f 9410 	9402 	9619
f 9616 	9613 	9605
f 10174 	10157 	9407
f 9576 	9588 	9607
f 7389 	9699 	7368
f 9616 	9607 	9588
f 9589 	9616 	9588
f 9469 	3922 	3831
f 9613 	9616 	9589
f 9547 	9613 	9589
f 9724 	9133 	9334
f 9547 	9398 	9613
f 9434 	9613 	9398
f 9388 	8305 	8309
f 9650 	8430 	9620
f 9627 	9334 	9133
f 9613 	9435 	9614
f 10174 	9407 	10175
f 9434 	9435 	9613
f 10175 	9407 	9615
f 9606 	9614 	9435
f 4636 	9628 	12227
f 7340 	9620 	7362
f 9628 	4636 	6581
f 6581 	12227 	9628
f 9022 	9041 	9620
f 9627 	10030 	9342
f 8132 	8887 	9636
f 6581 	9631 	12227
f 9636 	9132 	8132
f 8460 	7399 	9634
f 9649 	9648 	9629
f 9617 	9610 	9629
f 6581 	6627 	9631
f 9634 	9761 	8460
f 9636 	9635 	9630
f 9674 	9649 	9629
f 9163 	9632 	9643
f 9633 	8474 	9762
f 9670 	9675 	9629
f 9762 	9634 	9633
f 6732 	9631 	6701
f 6732 	6870 	9637
f 9644 	9133 	9626
f 9132 	9636 	9630
f 6732 	9637 	9631
f 9635 	9625 	9630
f 9814 	9641 	9104
f 9637 	9647 	9631
f 9634 	7399 	9633
f 8344 	8305 	9388
f 9404 	8344 	9388
f 9654 	9655 	9429
f 6846 	6850 	9637
f 9635 	9638 	9625
f 6870 	6846 	9637
f 9342 	9334 	9627
f 9645 	9631 	9647
f 9622 	9159 	8967
f 12225 	3482 	4636
f 9620 	9041 	9646
f 9699 	7389 	8430
f 8355 	8900 	9638
f 9631 	9645 	12227
f 9638 	9636 	8329
f 8372 	8355 	9638
f 9626 	10268 	9644
f 8329 	8372 	9638
f 9646 	9668 	9661
f 9648 	9618 	9617
f 9636 	9638 	9635
f 9617 	9629 	9648
f 9661 	9620 	9646
f 9675 	9429 	9652
f 9647 	9637 	6850
f 9647 	6850 	9657
f 9652 	9429 	9655
f 9647 	9657 	9687
f 10112 	9188 	9656
f 9645 	9647 	9687
f 9670 	9683 	9442
f 9670 	9442 	9429
f 6850 	9687 	9657
f 9660 	9659 	9611
f 9659 	9641 	9611
f 9661 	9650 	9620
f 9661 	9651 	9650
f 9687 	12208 	9645
f 10003 	9663 	9659
f 9724 	9334 	9326
f 9629 	9665 	9670
f 9677 	6850 	6938
f 9627 	10035 	10030
f 9042 	9651 	9673
f 9724 	9326 	9353
f 9371 	9666 	9662
f 9622 	9681 	9594
f 9622 	4732 	4750
f 9661 	9668 	9651
f 9665 	9683 	9670
f 9653 	9662 	9666
f 9675 	9676 	9629
f 9622 	9169 	9159
f 9651 	9672 	9673
f 9674 	9629 	9676
f 9653 	9666 	9664
f 12278 	9669 	11973
f 9670 	9429 	9675
f 9660 	10020 	9659
f 6925 	9669 	9677
f 9625 	9638 	9161
f 9677 	6938 	6925
f 9651 	9668 	9672
f 9161 	8896 	9664
f 9677 	9687 	6850
f 9683 	7379 	9693
f 9706 	10065 	9671
f 9161 	9664 	9666
f 9685 	9695 	9684
f 9672 	9679 	9686
f 9673 	9672 	9686
f 4716 	8967 	9125
f 9088 	10708 	10720
f 9681 	4699 	4669
f 9664 	9705 	9688
f 9681 	9622 	4750
f 9681 	4750 	4699
f 4716 	9621 	8967
f 9672 	9066 	9679
f 9684 	9695 	9696
f 9478 	9562 	9694
f 9420 	9697 	9695
f 9694 	10227 	9404
f 4716 	9622 	9621
f 9695 	9697 	9696
f 10227 	8344 	9404
f 9669 	6894 	11973
f 9694 	10228 	10227
f 9691 	9678 	9442
f 9672 	9668 	9646
f 8965 	4716 	9125
f 9683 	9693 	9691
f 9683 	9691 	9442
f 9622 	9594 	9564
f 9562 	9692 	9694
f 9594 	9583 	9564
f 9169 	9622 	9564
f 9703 	9650 	9651
f 9703 	9651 	9042
f 9129 	9703 	9042
f 9650 	9699 	8430
f 9683 	9665 	7379
f 9703 	9699 	9650
f 7771 	7778 	9698
f 7754 	9393 	9698
f 9700 	9681 	4669
f 12279 	9677 	9669
f 9706 	9671 	9088
f 9871 	9699 	9703
f 9682 	9693 	7379
f 9708 	9706 	9093
f 9643 	9708 	9093
f 9093 	9163 	9643
f 9704 	4695 	4724
f 9643 	10066 	9708
f 9708 	10066 	9706
f 9682 	7379 	9712
f 9104 	9641 	9656
f 10228 	9694 	9692
f 12279 	12278 	9713
f 7466 	7379 	9665
f 10982 	11041 	9653
f 9704 	9738 	9702
f 10984 	10982 	9705
f 9688 	9653 	9664
f 9718 	9716 	9717
f 9688 	9705 	9653
f 9726 	9489 	9485
f 9515 	11674 	9715
f 9704 	9702 	4695
f 9362 	9196 	9710
f 9715 	9538 	9515
f 9604 	9719 	9692
f 4677 	4695 	9702
f 9375 	9721 	9720
f 9362 	9710 	9374
f 9721 	9258 	9723
f 7322 	7543 	9859
f 9769 	9709 	9700
f 4006 	9729 	9731
f 9653 	12222 	9722
f 7532 	8495 	9859
f 9681 	9700 	9709
f 9732 	4006 	9731
f 9644 	9627 	9133
f 9709 	9583 	9612
f 9485 	8525 	9727
f 9709 	9769 	9583
f 9710 	9724 	9374
f 9485 	9727 	9726
f 9727 	8525 	8768
f 9742 	9571 	4492
f 9700 	9543 	9743
f 9746 	9769 	9743
f 9608 	12229 	9719
f 9759 	9750 	9741
f 4054 	9752 	5978
f 9750 	9747 	9741
f 9752 	5913 	9820
f 9726 	9727 	9754
f 9740 	9755 	9736
f 9749 	9711 	9753
f 9756 	9751 	9738
f 9629 	9726 	9754
f 9724 	9379 	9374
f 9665 	9629 	9754
f 7466 	9665 	9754
f 9748 	9753 	9711
f 9738 	9704 	9756
f 7578 	9711 	9749
f 7578 	9749 	9707
f 9760 	9756 	9757
f 9760 	9764 	9756
f 9756 	9764 	9751
f 9760 	9757 	9764
f 9762 	9835 	9761
f 9759 	9741 	9742
f 9353 	9379 	9724
f 9576 	9765 	9742
f 9765 	9571 	9742
f 9762 	9761 	9634
f 9600 	9571 	9765
f 10003 	10241 	9663
f 9576 	9742 	9741
f 9736 	9755 	9718
f 9770 	8899 	9561
f 9764 	5043 	9751
f 9780 	9750 	9759
f 9756 	9764 	9757
f 9766 	8473 	8716
f 9743 	9769 	9700
f 9776 	9550 	9768
f 9746 	9743 	9543
f 9758 	9780 	9759
f 9747 	9750 	9782
f 9775 	9771 	9565
f 9770 	9561 	9771
f 8460 	9761 	9784
f 9415 	9402 	9680
f 9766 	8724 	9770
f 9771 	9766 	9770
f 8465 	7347 	9784
f 9704 	4956 	9756
f 9716 	9718 	9755
f 9759 	9774 	9758
f 9752 	9820 	5978
f 9775 	9565 	9776
f 9774 	9759 	4946
f 9776 	9766 	9775
f 7699 	9777 	9403
f 9771 	9775 	9766
f 9746 	9543 	9580
f 9746 	9580 	9578
f 9746 	9583 	9769
f 9755 	9773 	9716
f 9746 	9578 	9583
f 9779 	8229 	9766
f 9751 	5034 	9738
f 9784 	9030 	8465
f 5034 	9702 	9738
f 9716 	9611 	9717
f 5043 	5034 	9751
f 9611 	9716 	9660
f 9777 	7739 	9409
f 9777 	9409 	9433
f 5043 	9764 	5033
f 9756 	5033 	9764
f 4956 	5033 	9756
f 9318 	9783 	9308
f 9780 	9781 	9782
f 9780 	9782 	9750
f 9785 	6089 	9300
f 9780 	2457 	9781
f 9773 	9755 	9740
f 9716 	9773 	9660
f 5913 	10375 	9778
f 9766 	9546 	9545
f 9766 	9545 	9779
f 8460 	9784 	7377
f 9785 	6048 	5911
f 7377 	9784 	7347
f 5911 	6089 	9785
f 9574 	9572 	9779
f 9433 	9403 	9777
f 9308 	6048 	9785
f 9798 	9800 	9763
f 3995 	5913 	9752
f 9752 	1829 	3632
f 9798 	9763 	9347
f 6048 	9308 	9783
f 3632 	3855 	9752
f 9572 	9624 	9779
f 9783 	6114 	6063
f 9662 	9455 	9371
f 9791 	9788 	9790
f 9318 	9813 	9783
f 9783 	6052 	6048
f 9545 	9574 	9779
f 10401 	9778 	10374
f 9347 	9455 	9798
f 9623 	9779 	9624
f 9799 	9798 	9455
f 9030 	9784 	9066
f 6052 	9783 	6063
f 9768 	9546 	9766
f 9799 	9532 	9526
f 9071 	9793 	9792
f 9783 	6013 	6114
f 9799 	9471 	9532
f 9526 	9511 	9823
f 10114 	8940 	10118
f 10380 	10118 	8940
f 9799 	9526 	9823
f 9795 	9799 	9823
f 8940 	10383 	10380
f 9173 	9801 	9772
f 9320 	9300 	6089
f 9416 	9320 	6089
f 9798 	9799 	9795
f 9788 	9806 	6044
f 9799 	9555 	9471
f 7420 	6044 	9806
f 9804 	9416 	6089
f 9798 	9795 	9800
f 9805 	9071 	9809
f 9808 	6125 	6073
f 9809 	9071 	9792
f 6179 	6125 	9808
f 7843 	9812 	9810
f 9066 	9784 	9796
f 9815 	9641 	9814
f 10268 	9626 	9772
f 9822 	7842 	9807
f 9766 	9776 	9768
f 9816 	9801 	9173
f 9817 	9763 	9810
f 9818 	9783 	9813
f 9971 	9814 	6547
f 9783 	9818 	6013
f 9173 	11341 	9816
f 9808 	9818 	9349
f 6073 	9818 	9808
f 9794 	9066 	9796
f 9347 	9763 	9817
f 9817 	7815 	9347
f 9810 	9812 	9817
f 9818 	9813 	9349
f 9794 	9686 	9679
f 9682 	9684 	9696
f 9667 	9797 	9930
f 9763 	9800 	9810
f 9686 	9794 	9793
f 9810 	9800 	9795
f 6089 	6308 	9804
f 9797 	9667 	9789
f 9804 	6308 	9824
f 9071 	9686 	9793
f 7851 	9817 	9812
f 9446 	9678 	9445
f 9696 	9697 	9682
f 9693 	9682 	9691
f 7851 	9812 	4287
f 9818 	6073 	6013
f 9679 	9066 	9794
f 9812 	7840 	4287
f 6308 	6123 	9824
f 9697 	9445 	9682
f 9691 	9682 	9678
f 9682 	9445 	9678
f 7840 	9812 	7843
f 9767 	9946 	9680
f 9927 	9815 	9819
f 9817 	7851 	7815
f 9803 	9805 	9828
f 9394 	9804 	9824
f 9822 	9807 	9821
f 9823 	7842 	9822
f 9828 	9793 	9794
f 6179 	9808 	9349
f 6053 	5978 	9820
f 7739 	7842 	9823
f 9814 	9958 	9960
f 9794 	9796 	9828
f 5913 	9778 	9820
f 9712 	9684 	9682
f 9796 	9784 	9828
f 7739 	9823 	9409
f 9824 	6123 	9862
f 9814 	9819 	9815
f 9828 	9805 	9809
f 9823 	9511 	9409
f 9815 	9927 	9787
f 7392 	9685 	9712
f 5146 	1198 	9825
f 9684 	9712 	9685
f 9821 	9833 	9822
f 9779 	9618 	9474
f 9795 	9833 	9810
f 9829 	9482 	9834
f 6055 	9482 	9829
f 9792 	9793 	9828
f 9791 	9829 	9872
f 9792 	9828 	9809
f 9790 	6055 	9829
f 9784 	9761 	9828
f 9840 	9841 	6191
f 10287 	9830 	6070
f 9829 	9791 	9790
f 9790 	9788 	6044
f 9623 	9618 	9779
f 10282 	10250 	6616
f 6044 	6055 	9790
f 6616 	10253 	6070
f 9828 	9761 	9835
f 9648 	9597 	9618
f 9566 	9831 	9604
f 9829 	9834 	10107
f 9639 	9597 	9648
f 9474 	9618 	9597
f 9836 	9837 	9831
f 1198 	9386 	9825
f 9831 	9838 	9836
f 9395 	9862 	9832
f 9566 	9838 	9831
f 9824 	9862 	9395
f 9642 	9658 	9640
f 9942 	5307 	9856
f 9642 	9639 	9648
f 9826 	9863 	9856
f 9820 	10496 	6053
f 9642 	9648 	9649
f 9649 	9674 	9642
f 9604 	9831 	9608
f 9676 	9655 	9674
f 9501 	9484 	9834
f 6179 	9827 	9840
f 9653 	9722 	9838
f 9654 	9674 	9655
f 9840 	6191 	6179
f 10432 	10436 	8985
f 9357 	9841 	9827
f 9531 	9653 	9838
f 9642 	9674 	9658
f 9658 	9674 	9654
f 9357 	9842 	9841
f 6053 	10494 	8984
f 12230 	9836 	9838
f 9841 	6180 	6191
f 9842 	6180 	9841
f 9823 	9833 	9795
f 8352 	9834 	9484
f 9281 	9767 	9551
f 9845 	9843 	9844
f 9536 	9846 	9842
f 9829 	10107 	9811
f 9847 	9846 	9536
f 9829 	9811 	9872
f 9833 	9823 	9822
f 7843 	9821 	9807
f 7843 	9810 	9821
f 9251 	9291 	10000
f 8984 	10495 	10490
f 10494 	6053 	10496
f 9833 	9821 	9810
f 9365 	9847 	9536
f 7546 	10011 	10009
f 9847 	9365 	9850
f 6519 	9137 	9870
f 9788 	9791 	9849
f 9854 	9850 	9832
f 9844 	9762 	8474
f 9386 	9826 	9825
f 9906 	9835 	9844
f 9832 	9850 	9396
f 9850 	9365 	9396
f 9835 	9762 	9844
f 9858 	9853 	9852
f 9827 	9841 	9840
f 9926 	9474 	9228
f 9228 	9964 	9855
f 9854 	6238 	9847
f 9970 	9964 	9230
f 6239 	9847 	6238
f 9851 	9858 	7002
f 6778 	6519 	10128
f 9860 	9863 	9383
f 9854 	9847 	9850
f 9842 	9846 	8643
f 9844 	8474 	9859
f 10009 	9070 	7546
f 9859 	9845 	9844
f 9137 	9861 	10128
f 9925 	9779 	9926
f 9845 	140 	9843
f 9842 	8643 	6180
f 9186 	1396 	9861
f 9779 	9474 	9926
f 9137 	6535 	9861
f 9925 	9961 	9779
f 9858 	9851 	10126
f 9862 	6220 	6221
f 9860 	9856 	9863
f 9675 	9652 	9676
f 6535 	9186 	9861
f 9676 	9652 	9655
f 9854 	6221 	6238
f 9386 	9383 	9863
f 6123 	6209 	9862
f 9386 	9863 	9826
f 1396 	9865 	1391
f 7420 	9806 	9788
f 7420 	9788 	9849
f 9862 	6221 	9832
f 9137 	10128 	9870
f 6209 	6220 	9862
f 6221 	9854 	9832
f 10136 	9919 	9791
f 9791 	9872 	9811
f 9703 	9129 	9871
f 9129 	9889 	9871
f 9857 	9789 	9864
f 8530 	9873 	8529
f 9129 	260 	9889
f 10128 	6519 	9870
f 10199 	9875 	10201
f 9879 	3501 	3503
f 9868 	277 	6998
f 10128 	1352 	6778
f 10233 	9875 	10219
f 9877 	9828 	9878
f 3457 	10064 	3455
f 9884 	7335 	9880
f 3457 	3451 	10064
f 9983 	9875 	10233
f 9879 	3451 	3501
f 9803 	9828 	9877
f 9875 	9982 	9882
f 9930 	9797 	9848
f 9881 	9880 	7482
f 9875 	9983 	9982
f 9797 	9857 	9848
f 9877 	9140 	9139
f 2272 	9126 	9140
f 9857 	9797 	9789
f 9873 	3498 	8526
f 6074 	3498 	9876
f 9876 	9879 	6074
f 9884 	7476 	7335
f 9186 	9191 	9865
f 9885 	9886 	9883
f 9140 	9877 	2272
f 9071 	9877 	9139
f 9876 	3498 	9873
f 9803 	9877 	9071
f 9279 	3770 	9884
f 9887 	153 	9748
f 9873 	8526 	8529
f 8728 	5421 	5524
f 9887 	9699 	9871
f 10105 	9873 	8530
f 9871 	9889 	9887
f 3498 	6074 	9468
f 2813 	325 	9889
f 9887 	325 	153
f 7536 	7539 	9891
f 11191 	9881 	7606
f 9887 	9889 	325
f 1452 	9890 	1479
f 6740 	9881 	7482
f 9887 	9748 	9699
f 9890 	5524 	1479
f 6740 	7606 	9881
f 2813 	9889 	320
f 1452 	9240 	9890
f 4042 	4043 	9915
f 4928 	9947 	9949
f 9753 	153 	127
f 9893 	7545 	7609
f 9753 	9748 	153
f 9895 	3897 	3872
f 7545 	9893 	9894
f 9848 	2288 	11474
f 7545 	9894 	7544
f 9889 	260 	320
f 2100 	2097 	9877
f 7544 	9894 	12311
f 9899 	9898 	9900
f 9240 	1452 	9191
f 9291 	9896 	9999
f 9997 	9999 	9896
f 9878 	2100 	9877
f 1621 	3572 	4002
f 9901 	9902 	9898
f 9898 	9902 	9903
f 9917 	9900 	9903
f 9898 	9903 	9900
f 2104 	2100 	9878
f 9425 	9467 	9905
f 9906 	2104 	9878
f 9828 	9906 	9878
f 1681 	1621 	4002
f 9891 	7544 	12311
f 9835 	9906 	9828
f 9891 	7539 	7544
f 1681 	4002 	8658
f 9906 	9844 	2119
f 2119 	2104 	9906
f 10047 	10044 	9892
f 9844 	9843 	2119
f 9902 	9899 	9903
f 9912 	9903 	9902
f 9896 	9291 	9892
f 9901 	9899 	9902
f 9291 	9305 	9892
f 4041 	4042 	9910
f 9912 	9902 	9901
f 4042 	9915 	9910
f 9900 	9916 	9899
f 4043 	9897 	9915
f 9903 	9899 	9917
f 9916 	9917 	9899
f 9848 	9552 	9602
f 9900 	9917 	9916
f 3872 	3601 	1413
f 9551 	9552 	9848
f 9848 	9602 	9914
f 9898 	4522 	9900
f 1413 	9934 	3872
f 9915 	9897 	9910
f 9903 	9917 	9902
f 9936 	9901 	9917
f 9936 	9917 	9916
f 5041 	5044 	9898
f 9922 	5040 	5041
f 9898 	9922 	5041
f 9926 	9228 	9925
f 10134 	9310 	9924
f 9916 	9922 	9900
f 9898 	9900 	9922
f 9903 	9912 	9922
f 9903 	9922 	9917
f 9917 	9922 	9916
f 9707 	9918 	7578
f 5027 	5023 	9898
f 9927 	10067 	9786
f 9551 	9848 	11474
f 9230 	9390 	9970
f 5027 	9898 	5044
f 9930 	9848 	9914
f 9787 	9927 	9786
f 4522 	9945 	9916
f 9916 	9900 	4522
f 10427 	10430 	9930
f 9912 	5040 	9922
f 9919 	9849 	9791
f 9390 	9920 	9932
f 9390 	9932 	9933
f 9912 	5089 	5040
f 8658 	4002 	9929
f 9919 	10217 	9849
f 9930 	10442 	10427
f 9839 	9918 	9707
f 9910 	9928 	3951
f 9902 	9917 	9901
f 9912 	5734 	5735
f 9914 	10442 	9930
f 9934 	9895 	3872
f 5735 	5089 	9912
f 9310 	10134 	9459
f 10154 	9459 	10134
f 9929 	9941 	9935
f 9898 	9899 	9945
f 9901 	9898 	9936
f 9945 	9936 	9898
f 10137 	9459 	10163
f 8658 	9929 	9935
f 9938 	8658 	9935
f 9767 	9542 	9551
f 9935 	9941 	9940
f 9940 	9943 	9935
f 9187 	9410 	9619
f 9189 	9619 	9680
f 9187 	9619 	9189
f 9899 	9901 	9936
f 9189 	9680 	9262
f 9937 	9912 	9936
f 9901 	9936 	9912
f 9680 	9946 	9262
f 1738 	9935 	9943
f 9680 	9619 	9415
f 6515 	5089 	5735
f 8495 	8492 	9918
f 10047 	9892 	10049
f 9710 	9196 	9194
f 1741 	9943 	9940
f 9913 	8498 	9939
f 8498 	9913 	8499
f 9944 	12343 	10201
f 9945 	4522 	4935
f 9262 	9946 	9141
f 9945 	9899 	9936
f 11599 	10022 	9932
f 9194 	9724 	9710
f 9936 	9945 	9937
f 9936 	9916 	9945
f 9941 	9929 	9934
f 9187 	9196 	9362
f 9918 	9839 	8495
f 9925 	9228 	9961
f 9187 	9362 	9410
f 1745 	9940 	9941
f 6547 	9947 	9971
f 1745 	9941 	9934
f 9946 	9276 	9265
f 9947 	9948 	9971
f 235 	9893 	7609
f 4928 	4927 	9947
f 7607 	235 	7609
f 235 	7607 	12318
f 6541 	9950 	9949
f 9390 	9933 	9973
f 9950 	4928 	9949
f 9944 	9875 	9951
f 11474 	9281 	9551
f 9921 	11599 	9920
f 9949 	6539 	6541
f 6547 	6539 	9949
f 9931 	11599 	9921
f 9947 	6547 	9949
f 1745 	1655 	9940
f 9939 	8498 	9954
f 9932 	9920 	11599
f 9937 	9945 	6541
f 1741 	9940 	1655
f 9959 	9961 	9855
f 9228 	9855 	9961
f 9945 	4935 	6541
f 9942 	10004 	5307
f 9910 	9897 	9928
f 9942 	9867 	10004
f 9934 	9929 	9928
f 9819 	6678 	9927
f 9934 	9928 	9897
f 9950 	4935 	4928
f 9390 	9972 	9970
f 9950 	6541 	4935
f 9895 	9934 	9897
f 8495 	9839 	9859
f 9866 	9927 	6678
f 9957 	9968 	9955
f 9883 	9955 	9956
f 9855 	9965 	9959
f 9717 	9962 	10067
f 9786 	10067 	9962
f 9717 	9611 	9962
f 9963 	9957 	6813
f 9965 	9855 	9964
f 9957 	9955 	9966
f 9228 	9230 	9964
f 9953 	10259 	9969
f 8489 	10029 	10031
f 9966 	9968 	9957
f 9611 	9815 	9787
f 9973 	9972 	9390
f 9787 	9786 	9611
f 9963 	9977 	9957
f 6812 	9963 	6813
f 9611 	9786 	9962
f 9814 	9971 	9976
f 9959 	9779 	9961
f 9959 	9965 	8229
f 9959 	8229 	9779
f 9958 	9976 	5257
f 9976 	9958 	9814
f 9977 	9963 	6810
f 9970 	8229 	9964
f 9970 	9972 	8229
f 9971 	9948 	9976
f 9965 	9964 	8229
f 9972 	10022 	8229
f 10540 	10542 	9469
f 6812 	6810 	9963
f 9973 	10022 	9972
f 9952 	9982 	10026
f 8523 	9979 	8508
f 9976 	9948 	9947
f 10137 	10150 	9469
f 9459 	10137 	9469
f 9947 	4927 	9976
f 9988 	9980 	9883
f 9814 	9960 	9984
f 9980 	9885 	9883
f 10012 	8929 	9980
f 5284 	9985 	9958
f 9467 	10157 	10159
f 9957 	9977 	9980
f 9958 	5257 	5255
f 9573 	9558 	9978
f 5255 	5284 	9958
f 9956 	9989 	9955
f 9988 	9989 	9956
f 9989 	9990 	9955
f 9987 	9955 	9990
f 11661 	9880 	9881
f 9987 	9966 	9955
f 9968 	9988 	9956
f 9956 	9955 	9968
f 9955 	10007 	9956
f 9956 	9988 	9883
f 6678 	9819 	9991
f 7606 	9869 	11191
f 9988 	9968 	9989
f 9984 	9991 	9819
f 9986 	9942 	9856
f 9989 	9968 	9990
f 9819 	9814 	9984
f 129 	9749 	127
f 9988 	10007 	9989
f 10074 	9867 	9986
f 10006 	9960 	9985
f 9968 	9966 	9987
f 9990 	9968 	9987
f 9826 	9856 	5307
f 9989 	10007 	9990
f 9538 	9995 	9884
f 9957 	9966 	6814
f 6814 	9966 	9987
f 10126 	10012 	9980
f 9749 	9753 	127
f 9975 	11275 	9996
f 9896 	9892 	10044
f 5307 	5284 	9826
f 10483 	9996 	9969
f 9989 	9980 	9988
f 9860 	9986 	9856
f 9989 	9990 	9980
f 9985 	9960 	9958
f 9815 	9611 	9641
f 9987 	9966 	9980
f 9867 	9866 	10002
f 9990 	9987 	9980
f 10002 	10004 	9867
f 10002 	10005 	10004
f 9957 	9980 	9966
f 10005 	10006 	10004
f 9707 	9913 	9998
f 5307 	10004 	10006
f 9951 	9875 	9882
f 9985 	5307 	10006
f 9951 	10021 	1492
f 9070 	10009 	10008
f 9951 	9981 	10021
f 6678 	10006 	10005
f 10006 	9991 	9984
f 9951 	9882 	9981
f 10006 	6678 	9991
f 10006 	9984 	9960
f 9070 	10008 	9931
f 9952 	9882 	9982
f 9939 	9998 	9913
f 129 	155 	9749
f 10005 	10002 	6678
f 9882 	9952 	9981
f 140 	2119 	9843
f 9992 	9522 	9995
f 9522 	9521 	9995
f 10002 	9866 	6678
f 2182 	9944 	9951
f 9951 	2102 	2182
f 10075 	5749 	3033
f 9859 	140 	9845
f 10544 	10184 	10048
f 10020 	10003 	9659
f 1492 	2102 	9951
f 10080 	5749 	10019
f 10177 	10175 	9615
f 9933 	9932 	10022
f 10022 	9973 	9933
f 9886 	10025 	9883
f 9615 	10048 	10177
f 5749 	10080 	5813
f 9997 	11580 	10000
f 9999 	9997 	10000
f 9886 	9885 	10025
f 10000 	11580 	10001
f 140 	9859 	9839
f 10008 	10009 	11580
f 6101 	10024 	6103
f 10018 	140 	9839
f 10011 	11580 	10009
f 10018 	9839 	9998
f 10001 	11580 	10011
f 9839 	9707 	9998
f 9375 	10051 	10016
f 6101 	6092 	10024
f 10053 	10054 	10016
f 8499 	10029 	8489
f 10039 	10016 	10056
f 9337 	9342 	10030
f 9315 	9337 	10030
f 10033 	8729 	1036
f 10033 	9974 	8729
f 10030 	10034 	9315
f 9880 	11662 	9884
f 10543 	10539 	10027
f 10071 	931 	9979
f 9088 	9671 	10708
f 9653 	9705 	10982
f 9664 	8896 	9705
f 10086 	9974 	10033
f 10035 	10034 	10030
f 9896 	10044 	10036
f 9896 	10036 	9997
f 8896 	10984 	9705
f 10037 	10018 	9998
f 10021 	9981 	9952
f 10035 	10038 	10186
f 9939 	10037 	9998
f 10039 	10049 	9892
f 10052 	10050 	10039
f 10037 	9954 	8498
f 9982 	9983 	239
f 8498 	8489 	10037
f 9939 	9954 	10037
f 9660 	9773 	10020
f 10042 	10023 	10032
f 9375 	10016 	10039
f 9557 	10023 	10042
f 9557 	10042 	9558
f 9892 	9305 	10039
f 239 	10026 	9982
f 10036 	11580 	9997
f 9978 	9558 	10042
f 10020 	10045 	9986
f 10039 	10050 	10049
f 10043 	10186 	10046
f 10057 	10029 	9913
f 10046 	10131 	10075
f 10020 	9773 	10045
f 10029 	8499 	9913
f 276 	10040 	9874
f 8489 	10031 	10037
f 276 	11601 	10040
f 10053 	10016 	10051
f 10031 	10098 	10037
f 10056 	10016 	10055
f 10055 	10016 	10054
f 6998 	277 	276
f 10704 	9632 	10027
f 10058 	9978 	9860
f 9860 	9383 	9567
f 10056 	10072 	10060
f 9860 	9567 	10058
f 10039 	10056 	10052
f 10060 	10052 	10056
f 9573 	9978 	10058
f 10184 	10177 	10048
f 10042 	9860 	9978
f 10041 	10040 	11601
f 8868 	10061 	8941
f 10032 	9860 	10042
f 9643 	9632 	10732
f 9567 	9573 	10058
f 3455 	10064 	10062
f 10020 	9986 	9860
f 10037 	10101 	10017
f 10063 	10062 	10064
f 10037 	10098 	10101
f 10020 	9860 	10032
f 10037 	10017 	10018
f 9913 	9707 	10057
f 9707 	9749 	10057
f 8941 	10061 	10068
f 9717 	10067 	9718
f 155 	233 	10057
f 9866 	9736 	10067
f 10057 	9749 	155
f 9866 	9867 	9740
f 10069 	10068 	10061
f 6029 	10043 	10046
f 1698 	9938 	1738
f 233 	173 	10057
f 9866 	9740 	9736
f 9938 	9935 	1738
f 9736 	9718 	10067
f 3083 	1738 	9943
f 10056 	10055 	10072
f 10071 	173 	1155
f 3083 	9943 	1741
f 8938 	10007 	9883
f 10054 	9714 	10073
f 3455 	10062 	6029
f 10054 	10053 	9714
f 10070 	10062 	10063
f 10051 	9714 	10053
f 9986 	10045 	9740
f 10327 	239 	9983
f 10051 	9375 	9720
f 9986 	9740 	10074
f 9671 	10065 	10664
f 9927 	9866 	10067
f 10044 	10047 	11580
f 10036 	10044 	11580
f 9740 	9867 	10074
f 9867 	9942 	9986
f 10049 	11659 	10047
f 10069 	10076 	10068
f 10073 	11673 	10052
f 10052 	11673 	10050
f 10050 	11673 	10049
f 10075 	3033 	6029
f 9740 	10045 	9773
f 10062 	10043 	6029
f 10060 	10072 	10073
f 10054 	10073 	10055
f 10052 	10060 	10073
f 10055 	10073 	10072
f 10090 	10091 	239
f 6029 	10046 	10075
f 10051 	9720 	9714
f 9885 	9980 	8929
f 10062 	10070 	10043
f 10022 	11770 	8229
f 10025 	8938 	9883
f 10081 	9154 	10078
f 10048 	10575 	10544
f 9154 	9171 	10078
f 10079 	8947 	8941
f 10082 	5943 	5881
f 10078 	10083 	10081
f 10327 	10090 	239
f 5881 	10279 	10082
f 6091 	5813 	10085
f 10029 	10086 	10031
f 10024 	6092 	10085
f 6216 	5943 	10082
f 10085 	5813 	10080
f 9643 	10870 	10066
f 9885 	8929 	10025
f 1036 	10086 	10033
f 8436 	8441 	10081
f 10085 	6092 	6091
f 1159 	1158 	10086
f 10085 	10080 	10024
f 1036 	1159 	10086
f 9723 	10103 	9721
f 9720 	9721 	9714
f 8947 	10084 	8944
f 9725 	9735 	10103
f 9732 	9739 	10103
f 8929 	10012 	10041
f 9325 	9326 	10088
f 9730 	9728 	9729
f 9731 	9729 	9745
f 9745 	9739 	9731
f 9728 	9737 	9729
f 9737 	9745 	9729
f 10103 	9733 	9732
f 9730 	9734 	9728
f 3077 	3079 	10104
f 9735 	9733 	10103
f 1158 	10031 	10086
f 9744 	10103 	9739
f 3077 	10104 	10087
f 10086 	10029 	10057
f 10094 	9974 	10086
f 10079 	10084 	8947
f 8523 	10094 	9979
f 10071 	9979 	10094
f 10081 	10083 	8437
f 3596 	9747 	7319
f 8523 	9974 	10094
f 10089 	10084 	10079
f 10092 	10088 	10093
f 9747 	2450 	2873
f 8951 	10084 	10089
f 10089 	8563 	8951
f 10086 	10057 	10094
f 8436 	10081 	8437
f 7319 	9747 	2873
f 10063 	10064 	10088
f 9747 	2454 	2450
f 9953 	11255 	10089
f 1158 	10098 	10031
f 3596 	4925 	9747
f 10088 	10092 	10063
f 10077 	9953 	10089
f 2457 	9782 	9781
f 3426 	10098 	1157
f 10088 	10097 	10093
f 8572 	8571 	10089
f 10057 	173 	10094
f 8571 	8563 	10089
f 8441 	8457 	9154
f 10043 	10092 	10093
f 10101 	149 	10017
f 2457 	2454 	9782
f 8441 	9154 	10081
f 9780 	2456 	2457
f 9732 	9731 	9739
f 9315 	10034 	10088
f 2456 	9780 	9758
f 10098 	1158 	1157
f 10099 	8457 	8500
f 10093 	10097 	10043
f 2454 	9747 	9782
f 9723 	9725 	10103
f 9744 	9802 	10103
f 9154 	8457 	9451
f 10101 	10100 	149
f 8350 	10132 	8352
f 9924 	9714 	10103
f 1827 	3106 	10087
f 9714 	9721 	10103
f 10101 	10098 	10100
f 10092 	10043 	10070
f 10098 	2191 	10100
f 10097 	10186 	10043
f 9811 	10136 	9791
f 8530 	9443 	10105
f 9908 	9907 	9714
f 9714 	9907 	9911
f 10102 	10106 	10099
f 9908 	9714 	9909
f 9909 	9714 	9924
f 8457 	10099 	10106
f 9923 	9715 	9911
f 9923 	9905 	9715
f 9714 	9911 	9715
f 10064 	3451 	10088
f 9538 	9715 	9905
f 2191 	10098 	3426
f 8457 	10106 	9451
f 9904 	9994 	9905
f 10109 	10110 	9873
f 9193 	10078 	9171
f 9993 	9905 	9994
f 10325 	10095 	10332
f 9995 	9538 	9905
f 9993 	9992 	9905
f 9995 	9905 	9992
f 10095 	10325 	3079
f 10106 	10102 	9451
f 10105 	10109 	9873
f 9502 	9451 	10102
f 10095 	10265 	10332
f 10109 	10088 	10110
f 9443 	10088 	10109
f 10304 	6452 	1773
f 10117 	8918 	10113
f 10078 	10117 	10113
f 10105 	9443 	10109
f 6451 	6452 	10304
f 9744 	8903 	9802
f 9873 	10110 	9876
f 9879 	3503 	6074
f 10078 	9197 	10117
f 8941 	10068 	10079
f 10112 	10119 	9006
f 10119 	9008 	9006
f 9879 	9876 	10110
f 2912 	7076 	345
f 9198 	10112 	9010
f 3451 	9879 	10088
f 9198 	10117 	9197
f 9198 	9010 	10117
f 6120 	3106 	1827
f 10079 	10120 	10089
f 7274 	7275 	9830
f 9198 	9188 	10112
f 10197 	10195 	10122
f 7348 	7649 	11183
f 9811 	10107 	10136
f 11146 	7348 	11183
f 10122 	9470 	9468
f 11183 	7649 	7689
f 9778 	10401 	9820
f 10121 	7076 	10123
f 9468 	6074 	10122
f 9542 	9470 	10122
f 10068 	10120 	10079
f 10125 	10120 	10068
f 9879 	10110 	10088
f 9988 	9956 	10007
f 9955 	9883 	10007
f 10007 	6814 	9987
f 9987 	9990 	10007
f 11584 	10149 	10102
f 9853 	9858 	9980
f 10102 	10149 	10124
f 10092 	10070 	10063
f 10126 	10041 	10012
f 9109 	9089 	10193
f 9980 	9858 	10126
f 9186 	9865 	1396
f 10887 	8437 	10083
f 10007 	10121 	6814
f 10099 	10130 	10102
f 10125 	10068 	10076
f 8924 	10099 	8500
f 8924 	8936 	10130
f 9868 	408 	309
f 10125 	10160 	10120
f 10127 	10019 	10131
f 10132 	8350 	10151
f 333 	9868 	309
f 10130 	10099 	8924
f 9868 	7182 	408
f 10083 	10078 	8918
f 9874 	6998 	276
f 10040 	10041 	9851
f 10125 	10076 	10133
f 9874 	10040 	9851
f 10038 	10131 	10046
f 10130 	10176 	10102
f 10107 	10132 	10136
f 9851 	10041 	10126
f 9467 	10159 	10135
f 10113 	8918 	10078
f 9834 	10132 	10107
f 10117 	8907 	8918
f 10132 	9834 	8352
f 10080 	10019 	10127
f 10019 	10075 	10131
f 9868 	333 	11763
f 9919 	10136 	10139
f 11763 	277 	9868
f 10136 	10132 	10139
f 10077 	10089 	10120
f 10144 	6083 	6084
f 10142 	10140 	4949
f 10076 	10059 	10133
f 10142 	6211 	10251
f 10027 	10542 	10543
f 10251 	6211 	10147
f 10166 	10129 	10139
f 9469 	10150 	10146
f 10124 	10149 	10145
f 5786 	6083 	10211
f 10139 	10151 	10155
f 10139 	10155 	10173
f 4221 	7123 	10147
f 10121 	10028 	7076
f 10147 	7123 	10148
f 10144 	6084 	10153
f 8350 	8660 	10151
f 10160 	10133 	10158
f 417 	10185 	364
f 10176 	10130 	8936
f 10158 	10152 	10156
f 345 	10028 	10121
f 10166 	10169 	10161
f 10143 	367 	364
f 10169 	10171 	10161
f 10028 	345 	7076
f 10353 	10024 	10080
f 10156 	10160 	10158
f 10173 	10171 	10169
f 10156 	10120 	10160
f 9315 	10088 	9326
f 6211 	4221 	10147
f 10173 	10155 	10171
f 10179 	10088 	10034
f 4949 	4238 	10142
f 8125 	7132 	10188
f 4238 	6211 	10142
f 10188 	417 	468
f 10097 	10088 	10179
f 10178 	10158 	10180
f 10183 	7132 	7093
f 10143 	364 	10185
f 10034 	10035 	10179
f 10166 	10161 	10162
f 10139 	10173 	10169
f 10178 	10152 	10158
f 10183 	10185 	10188
f 8480 	8804 	10187
f 10160 	10125 	10133
f 7092 	10185 	10183
f 10186 	10179 	10035
f 7093 	7092 	10183
f 10166 	10139 	10169
f 8568 	10187 	8804
f 10188 	7132 	10183
f 8568 	8581 	10187
f 10158 	10133 	10299
f 10143 	7092 	7098
f 10180 	10158 	10299
f 7098 	7076 	10143
f 10190 	10141 	10138
f 10145 	10141 	10190
f 10139 	10132 	10151
f 10185 	7092 	10143
f 10065 	10735 	10664
f 9557 	10190 	10023
f 10189 	10131 	10038
f 417 	10188 	10185
f 9105 	10192 	9211
f 10186 	10038 	10046
f 10191 	10145 	10190
f 9392 	10716 	9615
f 7076 	367 	10143
f 10189 	10127 	10131
f 2912 	367 	7076
f 9557 	10191 	10190
f 10097 	10179 	10186
f 10124 	10145 	10191
f 9849 	10210 	7420
f 10124 	10191 	9537
f 10193 	7420 	10210
f 9615 	10717 	10048
f 10122 	10195 	9584
f 10124 	9537 	9540
f 10192 	9109 	10193
f 4160 	11751 	10182
f 10234 	9584 	10195
f 9109 	10192 	9105
f 9542 	10122 	9584
f 9540 	9502 	10102
f 10182 	7128 	4160
f 10182 	10181 	7128
f 10198 	10222 	10197
f 10198 	6057 	10222
f 9944 	10201 	9875
f 10148 	7123 	10205
f 10112 	9656 	10209
f 10223 	9849 	10217
f 8963 	10196 	10203
f 10182 	10205 	10181
f 10163 	10154 	10116
f 10118 	10146 	10114
f 10299 	10224 	10226
f 10207 	10206 	10208
f 10210 	9849 	10199
f 10209 	10119 	10112
f 10209 	9008 	10119
f 10204 	10206 	10207
f 11739 	11729 	10205
f 9081 	9659 	9663
f 10299 	10226 	10180
f 9656 	9641 	10209
f 4949 	10140 	7867
f 10103 	10154 	10134
f 10201 	10247 	10210
f 10135 	10159 	10165
f 10168 	10165 	10159
f 10103 	10134 	9924
f 10206 	10211 	10144
f 10209 	9659 	9081
f 10199 	10201 	10210
f 10144 	10208 	10206
f 10218 	10214 	10241
f 10215 	10216 	10231
f 6083 	10144 	10211
f 10150 	10137 	10115
f 10116 	10115 	10137
f 10137 	10163 	10116
f 10154 	10103 	10116
f 10215 	10231 	11085
f 10220 	10214 	10218
f 9875 	10223 	10219
f 10115 	10114 	10150
f 10146 	10150 	10114
f 10215 	11085 	10225
f 10174 	10168 	10157
f 7889 	10232 	10216
f 10206 	10204 	10235
f 9802 	10116 	10103
f 10235 	10222 	10206
f 10222 	10211 	10206
f 10196 	10226 	10224
f 10219 	10223 	10217
f 10032 	10262 	10220
f 10217 	10233 	10219
f 10220 	10262 	10221
f 10164 	10135 	10165
f 9904 	10135 	10164
f 9904 	10164 	10167
f 9904 	10167 	9994
f 10170 	10168 	10174
f 10222 	10234 	10195
f 10174 	10175 	10170
f 10235 	9602 	10222
f 10212 	10230 	10196
f 10159 	10157 	10168
f 9692 	10213 	10228
f 10177 	10172 	10175
f 10172 	10170 	10175
f 10222 	9602 	10234
f 10233 	10217 	10311
f 10184 	10172 	10177
f 10195 	10197 	10222
f 11171 	11170 	8344
f 10020 	10218 	10003
f 10311 	9983 	10233
f 10230 	10180 	10226
f 10287 	10481 	9830
f 10199 	10223 	9875
f 10223 	10199 	9849
f 10218 	10032 	10220
f 10020 	10032 	10218
f 10203 	10224 	10194
f 9641 	9659 	10209
f 9914 	9602 	10235
f 10231 	10216 	10232
f 10212 	10196 	10108
f 10239 	10240 	10241
f 10242 	10243 	10241
f 10139 	10129 	10237
f 10230 	10226 	10196
f 10241 	10243 	10239
f 7889 	10229 	10232
f 10241 	10214 	10242
f 10247 	2176 	9211
f 10232 	10229 	10140
f 10243 	10242 	10214
f 10196 	10224 	10203
f 10246 	10415 	10411
f 10192 	10247 	9211
f 10220 	10221 	10243
f 6617 	6194 	10270
f 10214 	10220 	10243
f 10244 	10246 	10411
f 10244 	10245 	10246
f 10153 	6103 	10245
f 6103 	10024 	10245
f 10245 	10024 	10248
f 10218 	10241 	10003
f 10241 	10240 	9663
f 10246 	10245 	10249
f 10193 	10210 	10247
f 10260 	10239 	10243
f 10192 	10193 	10247
f 10128 	9861 	1646
f 1649 	1646 	9861
f 10236 	10297 	10238
f 10260 	11138 	10239
f 10245 	10248 	10249
f 10240 	9081 	9663
f 9211 	2176 	4438
f 10251 	10147 	10148
f 10178 	10180 	10230
f 9360 	9211 	301
f 10194 	10224 	10433
f 10288 	10287 	6070
f 10140 	10251 	10598
f 10142 	10251 	10140
f 10254 	10243 	10221
f 10148 	10503 	10251
f 10254 	10260 	10243
f 10489 	10492 	10251
f 8336 	10368 	8285
f 10190 	10138 	10262
f 10251 	10500 	10489
f 9953 	10077 	10259
f 10273 	10272 	8887
f 9081 	10240 	11135
f 9772 	9801 	10267
f 6070 	10258 	10288
f 9801 	9816 	10267
f 10236 	10289 	10290
f 10282 	10283 	10250
f 10267 	10268 	9772
f 10254 	11137 	10260
f 9627 	9644 	10035
f 10038 	10035 	9644
f 9644 	10268 	10038
f 10239 	11138 	10240
f 10270 	10282 	6617
f 10189 	10038 	10268
f 10266 	9087 	9082
f 10276 	10277 	10270
f 10254 	10221 	10266
f 10265 	10325 	10332
f 6194 	6670 	10270
f 10777 	10271 	10272
f 10221 	10262 	10266
f 10274 	10773 	10273
f 10263 	10255 	10369
f 10484 	10096 	6214
f 6617 	10282 	6616
f 10369 	10255 	10362
f 10161 	10263 	10162
f 10484 	6214 	6216
f 10189 	10268 	10267
f 10319 	10291 	10285
f 10253 	6616 	10250
f 10263 	10237 	10129
f 10257 	10256 	10478
f 10257 	10478 	10259
f 10166 	10263 	10129
f 10279 	5881 	10293
f 10263 	10166 	10162
f 10282 	10277 	10283
f 10267 	10261 	10189
f 10478 	9969 	10259
f 10255 	10263 	10161
f 10408 	10255 	10161
f 10270 	10277 	10282
f 10471 	10264 	9967
f 10272 	10271 	8887
f 10271 	10278 	8887
f 10281 	10275 	10284
f 6480 	6482 	10317
f 9816 	10285 	10267
f 8887 	8836 	10273
f 8978 	8988 	10306
f 10286 	10279 	10293
f 10285 	10261 	10267
f 1389 	1352 	10128
f 10275 	10280 	10284
f 11567 	10281 	10284
f 10291 	10292 	10261
f 10032 	10190 	10262
f 10290 	10294 	10236
f 10190 	10032 	10023
f 10306 	9021 	10293
f 10120 	10295 	10077
f 10402 	8336 	10289
f 10290 	8336 	10294
f 10261 	10292 	10252
f 10285 	10291 	10261
f 10300 	303 	370
f 1646 	1647 	10128
f 10269 	10238 	10297
f 10292 	10291 	10446
f 10178 	10320 	10152
f 10294 	10297 	10236
f 1396 	1649 	9861
f 10178 	10230 	10320
f 4438 	301 	9211
f 8336 	10297 	10294
f 305 	303 	10300
f 10250 	10283 	10344
f 10253 	10250 	10344
f 10300 	9360 	301
f 10283 	10277 	10344
f 10299 	10318 	10508
f 305 	10300 	301
f 10276 	10344 	10277
f 10300 	370 	9352
f 9360 	10300 	9352
f 10303 	10302 	10298
f 10287 	10288 	10344
f 6139 	10293 	5897
f 10258 	10253 	10344
f 10288 	10258 	10344
f 10319 	9816 	10305
f 1026 	10333 	10307
f 10306 	6504 	10304
f 10331 	10276 	10270
f 6504 	6033 	10304
f 10320 	10295 	10152
f 10295 	10256 	10257
f 10311 	10217 	9919
f 8981 	8980 	10306
f 6504 	10306 	10293
f 10295 	10156 	10152
f 6504 	10293 	6139
f 10120 	10156 	10295
f 10314 	6670 	10313
f 10330 	6670 	10314
f 8982 	8981 	10304
f 10306 	10304 	8981
f 10257 	10259 	10295
f 10259 	10077 	10295
f 1773 	10834 	10304
f 10304 	10830 	8982
f 10293 	5881 	5897
f 10342 	10139 	10237
f 10296 	10329 	10309
f 10324 	10325 	10326
f 10360 	10325 	10324
f 10265 	10324 	10326
f 10333 	10309 	10307
f 10320 	10230 	10212
f 10252 	10529 	10312
f 1639 	1344 	10344
f 10529 	10252 	10292
f 10327 	10311 	9919
f 10316 	1649 	10313
f 10315 	10328 	10342
f 10323 	10772 	10317
f 10237 	10315 	10342
f 10296 	1222 	1217
f 10320 	10256 	10295
f 10296 	10418 	10329
f 10336 	10090 	10327
f 10313 	1649 	10314
f 9919 	10139 	10327
f 1649 	1651 	10344
f 9816 	10319 	10285
f 10265 	10326 	10325
f 10299 	10133 	10322
f 1026 	10307 	10337
f 3079 	10325 	10360
f 10330 	10344 	10331
f 10331 	10344 	10276
f 10322 	10318 	10299
f 10296 	10333 	1222
f 10314 	10344 	10330
f 10309 	10333 	10296
f 10236 	10238 	10447
f 10320 	10479 	10256
f 10447 	10429 	10236
f 10139 	10342 	10327
f 10311 	10327 	9983
f 1056 	1026 	10337
f 1344 	10335 	10344
f 10328 	10336 	10342
f 10341 	10015 	10351
f 10327 	10342 	10336
f 10340 	9789 	9667
f 1512 	10334 	1820
f 10506 	10312 	10302
f 10334 	10345 	10347
f 10305 	10346 	10319
f 10310 	10301 	10657
f 1512 	1827 	10334
f 10660 	10310 	10657
f 10349 	10859 	10348
f 10577 	1215 	6169
f 10308 	10346 	10305
f 1217 	1215 	10577
f 10345 	2570 	2569
f 10298 	10312 	10529
f 10298 	10302 	10312
f 10346 	10338 	10339
f 10356 	10357 	10348
f 10355 	10356 	10348
f 10346 	10340 	10319
f 10412 	10301 	10310
f 8000 	10349 	8006
f 10346 	10339 	10340
f 9864 	9789 	10340
f 338 	2187 	10328
f 1925 	10340 	10339
f 10328 	341 	338
f 10314 	1649 	10344
f 8868 	10341 	10351
f 10328 	271 	10091
f 10335 	10348 	10357
f 267 	271 	10328
f 10353 	10080 	10127
f 10328 	10091 	10090
f 2569 	2568 	10345
f 10335 	10357 	10344
f 10328 	10090 	10336
f 10357 	10356 	10344
f 10104 	10352 	10371
f 10355 	10344 	10356
f 267 	10328 	2187
f 10087 	10104 	10371
f 10104 	3079 	10360
f 341 	10328 	10369
f 10352 	10104 	10360
f 341 	10362 	3081
f 10061 	8868 	10351
f 10310 	10660 	10681
f 10010 	10351 	10015
f 10387 	10360 	10324
f 10362 	10379 	4499
f 10351 	10013 	10364
f 10681 	10713 	10310
f 10353 	10365 	10366
f 10362 	4499 	4881
f 10713 	10715 	10310
f 10368 	10402 	10310
f 10347 	1820 	10334
f 10369 	10362 	341
f 10252 	10312 	10370
f 10334 	1827 	10371
f 10353 	10370 	10365
f 10368 	10310 	10372
f 10353 	10127 	10370
f 10351 	10069 	10061
f 10263 	10369 	10315
f 10351 	10364 	10423
f 5913 	10361 	10375
f 10369 	10328 	10315
f 10315 	10237 	10263
f 10376 	9778 	10375
f 10076 	10069 	10351
f 10374 	9778 	10376
f 10372 	10310 	10378
f 10359 	10373 	10377
f 10423 	10076 	10351
f 10255 	10379 	10362
f 8297 	10372 	10378
f 10370 	10127 	10261
f 10378 	10310 	10381
f 401 	4499 	10379
f 10378 	10381 	8297
f 8998 	8999 	10014
f 10151 	8960 	10155
f 10367 	327 	10373
f 1827 	10087 	10371
f 10261 	10252 	10370
f 10373 	10354 	10528
f 10014 	10015 	10341
f 10371 	10352 	10334
f 10373 	10359 	10354
f 10487 	10249 	10248
f 10341 	8930 	10014
f 8836 	10381 	10384
f 10386 	10337 	10307
f 10345 	10334 	10387
f 9000 	10014 	8999
f 10334 	10352 	10387
f 8990 	10398 	10389
f 10307 	10309 	10386
f 10506 	10391 	10366
f 10155 	8960 	10385
f 10386 	10281 	1188
f 10402 	10236 	10310
f 1188 	1032 	10386
f 10351 	10010 	10013
f 10386 	1032 	10337
f 10365 	10370 	10506
f 10429 	10310 	10236
f 10275 	10281 	10386
f 10374 	10363 	10401
f 10506 	10366 	10365
f 10386 	10431 	10435
f 10437 	10386 	10435
f 10171 	10155 	10389
f 10274 	10394 	10392
f 10248 	10393 	10487
f 10275 	10386 	10280
f 10155 	10385 	10389
f 10273 	10394 	10274
f 10383 	8940 	10390
f 10366 	10393 	10353
f 10589 	10382 	10425
f 10366 	10391 	10393
f 10394 	10395 	10392
f 10506 	10370 	10312
f 10358 	10393 	10248
f 10393 	10358 	10353
f 10396 	10296 	10577
f 10394 	8836 	10395
f 10403 	9820 	10401
f 10402 	10289 	10236
f 10389 	10161 	10171
f 10296 	1217 	10577
f 10406 	12459 	10399
f 10352 	10360 	10387
f 10153 	10407 	10144
f 10245 	10244 	10411
f 10405 	10408 	10161
f 10245 	10411 	10407
f 8836 	10394 	10273
f 10412 	11840 	8768
f 10414 	10400 	10413
f 10329 	10386 	10309
f 8786 	10301 	10412
f 10404 	10410 	10396
f 10397 	10406 	10399
f 10418 	10396 	10410
f 10414 	10417 	10400
f 10345 	10387 	10416
f 10410 	10373 	10329
f 10419 	10324 	10265
f 10415 	10407 	10411
f 10296 	10396 	10418
f 10286 	10692 	10279
f 10153 	10245 	10407
f 10414 	10413 	10405
f 10409 	10403 	10401
f 10409 	10401 	7129
f 1183 	1188 	10439
f 10420 	10414 	10405
f 10423 	10059 	10076
f 10358 	10024 	10353
f 10420 	10421 	10417
f 10417 	10414 	10420
f 10421 	10420 	10405
f 10412 	10310 	10429
f 10358 	10248 	10024
f 10324 	10419 	10387
f 10421 	10398 	10424
f 10424 	10400 	10421
f 10398 	10400 	10424
f 10421 	10400 	10417
f 10521 	10059 	10423
f 10405 	10413 	10408
f 7129 	7152 	10409
f 10410 	10329 	10418
f 10261 	10127 	10189
f 10405 	10389 	10421
f 10389 	10398 	10421
f 10428 	10426 	8963
f 10405 	10161 	10389
f 10441 	10430 	10527
f 10428 	10397 	10426
f 10441 	10527 	9667
f 10582 	10434 	10400
f 10203 	10428 	8963
f 10406 	10299 	10508
f 10425 	8985 	10436
f 10431 	10280 	10435
f 10428 	10194 	10433
f 11569 	10280 	10431
f 10428 	10203 	10194
f 531 	10450 	10439
f 10589 	10425 	10440
f 10440 	10425 	10436
f 10441 	9930 	10430
f 10403 	10438 	9820
f 12148 	9114 	12443
f 9114 	12444 	12443
f 10280 	10386 	10437
f 10439 	1188 	10281
f 9727 	8768 	11840
f 10281 	11567 	10439
f 9930 	10441 	9667
f 10390 	8940 	10425
f 10390 	10425 	10382
f 10280 	10437 	10435
f 10398 	8990 	9292
f 10433 	10406 	10428
f 10400 	10398 	9292
f 10406 	10224 	10299
f 10488 	10485 	8985
f 10443 	10442 	9914
f 8985 	10490 	10488
f 10428 	10406 	10397
f 10224 	10406 	10433
f 10449 	10427 	10442
f 10251 	10492 	10486
f 299 	10431 	327
f 10059 	10521 	10445
f 10377 	10373 	10410
f 10445 	10448 	10059
f 10373 	327 	10431
f 10329 	10373 	10386
f 10373 	10431 	10386
f 10442 	10453 	10449
f 10255 	10408 	10451
f 10379 	10255 	10451
f 10448 	10133 	10059
f 10274 	10392 	10650
f 10449 	10453 	10446
f 10451 	10413 	10400
f 8669 	8744 	10455
f 10408 	10413 	10451
f 8785 	10618 	10617
f 10451 	10400 	10379
f 10457 	10503 	10148
f 1183 	10422 	10626
f 10182 	11730 	10205
f 10465 	10453 	10442
f 10439 	10450 	10461
f 10322 	10133 	10448
f 10501 	10458 	9314
f 8785 	10617 	10620
f 10461 	1183 	10439
f 9314 	370 	10501
f 10456 	8744 	10460
f 10459 	10460 	8744
f 9352 	370 	9314
f 10235 	10443 	9914
f 485 	10461 	10450
f 10620 	10621 	8785
f 8744 	8785 	10621
f 10407 	10415 	10467
f 10448 	10445 	10452
f 10501 	379 	10458
f 8669 	10455 	10463
f 10463 	10826 	8669
f 10445 	10454 	10452
f 10434 	10464 	10477
f 10415 	10502 	10467
f 10465 	10467 	10453
f 10468 	10470 	10320
f 10204 	10465 	10235
f 8980 	8981 	8675
f 10438 	10409 	7154
f 10834 	8776 	10833
f 10845 	8776 	10834
f 8675 	10833 	8776
f 10322 	10469 	10318
f 10465 	10442 	10443
f 10466 	10464 	10434
f 10438 	10403 	10409
f 10642 	1183 	10461
f 7152 	7154 	10409
f 10462 	10095 	10096
f 10387 	10419 	10462
f 10477 	10379 	10400
f 10831 	10833 	8675
f 10264 	10471 	10320
f 10235 	10465 	10443
f 9967 	9975 	10471
f 9975 	9996 	10471
f 10480 	10204 	10207
f 10474 	10472 	10473
f 10320 	10471 	10468
f 10432 	10440 	10436
f 10471 	10470 	10468
f 10265 	10462 	10419
f 10466 	10593 	10464
f 8765 	10475 	10476
f 10471 	9996 	10483
f 10204 	10467 	10465
f 10318 	10469 	10444
f 10462 	10096 	10484
f 10208 	10480 	10207
f 10478 	10256 	10479
f 10095 	10462 	10265
f 10479 	10483 	10478
f 10482 	7274 	9830
f 10400 	10434 	10477
f 10479 	10470 	10483
f 10482 	9830 	10481
f 10467 	10204 	10480
f 401 	10379 	10477
f 10500 	10251 	10503
f 10407 	10467 	10480
f 10208 	10144 	10480
f 10593 	382 	380
f 10144 	10407 	10480
f 10496 	9820 	10438
f 10479 	10320 	10470
f 10485 	10432 	8985
f 10483 	9969 	10478
f 10470 	10471 	10483
f 392 	382 	10597
f 10249 	10493 	10246
f 10469 	10452 	10454
f 10487 	10493 	10249
f 392 	10597 	10458
f 8765 	10498 	10475
f 392 	10458 	379
f 10497 	10298 	10499
f 10559 	10574 	8806
f 10501 	370 	379
f 10448 	10452 	10469
f 594 	602 	10491
f 10845 	10848 	8776
f 12371 	10469 	10454
f 10491 	602 	601
f 10469 	10322 	10448
f 10492 	10489 	10486
f 10393 	10391 	10487
f 10444 	10508 	10318
f 10489 	11000 	8229
f 10391 	10506 	10487
f 8229 	10486 	10489
f 11000 	10489 	10500
f 10504 	8759 	10511
f 10848 	10511 	8759
f 4810 	3965 	10510
f 10931 	11000 	10503
f 10931 	10503 	10457
f 10500 	10503 	11000
f 8248 	8886 	10510
f 10513 	10246 	10493
f 10469 	10508 	10444
f 10482 	10438 	7274
f 10514 	10832 	10515
f 10510 	4324 	8248
f 10513 	10415 	10246
f 8782 	3763 	4007
f 10481 	10494 	10482
f 10344 	10490 	10481
f 10513 	10497 	10415
f 7154 	7263 	10438
f 10510 	3920 	4324
f 10507 	10520 	10519
f 4067 	10510 	3965
f 4067 	3920 	10510
f 10502 	10415 	10497
f 8248 	3923 	3848
f 10502 	10497 	10499
f 10515 	10894 	10514
f 4831 	8932 	5008
f 10302 	10303 	10506
f 10497 	10303 	10298
f 10894 	10931 	10514
f 10517 	10516 	10931
f 4810 	10510 	8933
f 10520 	10522 	10519
f 10506 	10493 	10487
f 10516 	10514 	10931
f 10506 	10303 	10493
f 4831 	8933 	8932
f 10517 	10931 	10518
f 10303 	10497 	10513
f 10303 	10513 	10493
f 10427 	10449 	10527
f 8782 	4007 	4317
f 10459 	10525 	10460
f 10460 	10525 	10526
f 10527 	10430 	10427
f 10476 	10475 	1476
f 10475 	10498 	1476
f 10498 	10509 	1476
f 8782 	4317 	10524
f 10340 	9667 	10527
f 10520 	10528 	10354
f 8825 	8782 	10524
f 10496 	10438 	10482
f 10319 	10340 	10527
f 10548 	10528 	10547
f 10529 	10499 	10298
f 10367 	10373 	10528
f 10291 	10319 	10527
f 4007 	3821 	10524
f 10527 	10446 	10291
f 4317 	4007 	10524
f 10527 	10449 	10446
f 10359 	10520 	10354
f 8960 	10524 	4952
f 10528 	10520 	10507
f 10541 	8990 	4952
f 10488 	10344 	10485
f 10446 	10529 	10292
f 10385 	4952 	8990
f 10529 	10446 	10453
f 10385 	8960 	4952
f 10529 	10453 	10467
f 5008 	8932 	9269
f 10529 	10502 	10499
f 10496 	10482 	10494
f 10467 	10502 	10529
f 10495 	10481 	10490
f 10531 	10532 	8260
f 10522 	10520 	10359
f 10494 	10481 	10495
f 10565 	8749 	10564
f 10536 	5091 	5087
f 10359 	10377 	10522
f 4965 	5091 	10536
f 10344 	10481 	10287
f 10519 	10522 	10377
f 5651 	10536 	5087
f 10519 	10377 	10410
f 8260 	10538 	10531
f 10027 	10539 	10537
f 10146 	10540 	9469
f 10519 	10410 	10404
f 10571 	10572 	8806
f 10571 	8806 	10574
f 4979 	10541 	4955
f 688 	10491 	10507
f 10523 	10532 	10531
f 10547 	10528 	10507
f 5037 	10536 	10541
f 10533 	10534 	3797
f 10547 	10507 	10491
f 3797 	10535 	10533
f 10538 	8260 	8288
f 10656 	10862 	10525
f 638 	597 	10491
f 9671 	10707 	10708
f 597 	594 	10491
f 10547 	10491 	10548
f 10526 	10455 	10456
f 10526 	10456 	10460
f 10526 	10463 	10455
f 9671 	10711 	10707
f 5008 	9269 	9272
f 10491 	601 	10548
f 1766 	1476 	10504
f 10666 	10832 	10552
f 10557 	10523 	10531
f 9292 	10536 	10558
f 10509 	10505 	1476
f 10711 	9671 	10714
f 10558 	10536 	5651
f 10523 	10570 	10532
f 10367 	10548 	601
f 10536 	9292 	8991
f 10554 	10553 	10549
f 10504 	10511 	1766
f 10536 	8990 	10541
f 11260 	10554 	10549
f 10367 	10528 	10548
f 10536 	8991 	8990
f 10717 	9615 	10716
f 10799 	10553 	10800
f 10832 	11009 	10553
f 10473 	680 	10556
f 10523 	10557 	8282
f 10558 	9295 	9292
f 10557 	8287 	8282
f 10582 	9295 	9302
f 10554 	11258 	10553
f 10476 	10623 	8765
f 10473 	10556 	10474
f 10557 	8288 	8287
f 10048 	10717 	10722
f 8282 	10530 	10523
f 10556 	10507 	10472
f 8485 	8765 	10624
f 10232 	11732 	10231
f 688 	10507 	10556
f 10538 	8288 	10557
f 9298 	10558 	5696
f 10556 	10472 	10474
f 10557 	10531 	10538
f 8806 	10560 	10559
f 10705 	10704 	10027
f 10537 	10705 	10027
f 10567 	8749 	10566
f 10565 	10566 	8749
f 9295 	10558 	9298
f 10602 	10603 	10140
f 680 	10473 	10561
f 10555 	8749 	10567
f 10558 	5646 	5696
f 10558 	5651 	5646
f 10588 	2386 	10561
f 10570 	10568 	7989
f 2386 	2399 	10561
f 10777 	10779 	8879
f 10568 	7914 	7989
f 7988 	10570 	7989
f 9273 	9298 	5696
f 9392 	10720 	10716
f 10343 	10473 	10472
f 5783 	9272 	9273
f 10572 	10573 	8806
f 10643 	8806 	10573
f 10570 	7988 	8012
f 5783 	5643 	9272
f 10343 	10592 	10473
f 10523 	10569 	10568
f 8862 	10775 	8875
f 5717 	5726 	9302
f 10569 	8239 	10568
f 10577 	10472 	10507
f 11086 	11081 	2855
f 8875 	10777 	8879
f 7914 	8239 	5482
f 3011 	11087 	2855
f 11086 	2855 	11087
f 10343 	10472 	10577
f 10343 	10577 	6169
f 3011 	11117 	11087
f 10396 	10577 	10519
f 5793 	10578 	9316
f 10577 	10507 	10519
f 10404 	10396 	10519
f 10565 	10564 	10579
f 10565 	10579 	10581
f 4458 	4462 	624
f 4462 	4466 	1113
f 10580 	10232 	10583
f 10603 	10583 	10232
f 1113 	624 	4462
f 8749 	10638 	10636
f 10523 	10568 	10570
f 9302 	9268 	5717
f 10523 	10530 	10569
f 10582 	9302 	5726
f 8282 	10569 	10530
f 10569 	8282 	8239
f 1146 	1150 	10584
f 5726 	5723 	10582
f 9643 	10732 	10733
f 5793 	9314 	9358
f 7931 	8260 	12389
f 10626 	1091 	1186
f 1146 	10584 	4491
f 10586 	5837 	10585
f 10570 	7948 	10532
f 1146 	4491 	10587
f 5793 	9358 	10585
f 10753 	2520 	10588
f 12389 	8260 	10532
f 10585 	10458 	10586
f 10592 	10561 	10473
f 4590 	4491 	10584
f 10566 	10565 	10581
f 10585 	5837 	5793
f 1542 	1534 	10571
f 1542 	10571 	10574
f 10066 	10870 	10871
f 719 	4377 	757
f 10589 	10590 	10591
f 5793 	9316 	9314
f 10564 	8749 	10636
f 10251 	10486 	10598
f 10343 	10350 	10592
f 10602 	10140 	10598
f 10477 	10593 	380
f 4377 	10594 	757
f 10589 	10591 	10595
f 10561 	10592 	10588
f 10643 	10644 	8820
f 4522 	1136 	757
f 10434 	10582 	10596
f 10595 	10600 	10589
f 10600 	10545 	10589
f 10594 	4522 	757
f 5837 	10586 	10597
f 4927 	4380 	10587
f 10546 	10589 	10545
f 4380 	4377 	10587
f 10776 	10777 	8875
f 5837 	382 	5845
f 10587 	4494 	4927
f 10779 	10645 	8879
f 382 	5837 	10597
f 10582 	5723 	10596
f 10587 	4491 	4494
f 10388 	10589 	10546
f 8875 	10775 	10776
f 10388 	10382 	10589
f 1119 	1136 	4522
f 6146 	10596 	5723
f 10458 	10597 	10586
f 10564 	10650 	10579
f 10636 	10650 	10564
f 10232 	10140 	10603
f 4590 	1150 	983
f 11000 	8473 	8229
f 10576 	10601 	1177
f 10584 	1150 	4590
f 8229 	10598 	10486
f 10605 	10589 	10440
f 10609 	10633 	2981
f 10606 	10590 	10589
f 485 	737 	10461
f 10605 	10606 	10589
f 10466 	6146 	10593
f 768 	10461 	737
f 1975 	10675 	2371
f 10559 	10560 	1542
f 10574 	10559 	1542
f 10600 	10608 	10545
f 3033 	11117 	3011
f 10593 	10477 	10464
f 10555 	10567 	10581
f 10567 	10566 	10581
f 6146 	10466 	10596
f 10600 	10610 	10608
f 10609 	2981 	1010
f 10466 	10434 	10596
f 1476 	1542 	10560
f 10615 	10607 	10576
f 1213 	10609 	1010
f 8749 	10555 	10619
f 10618 	8749 	10619
f 10615 	10702 	10607
f 10702 	10688 	10607
f 1177 	1179 	10622
f 10459 	8744 	10621
f 8094 	10604 	8106
f 10622 	10576 	1177
f 8106 	10609 	1213
f 10576 	10622 	10615
f 8806 	10625 	10560
f 8806 	10624 	10625
f 10622 	10626 	10615
f 10655 	10609 	8106
f 10613 	10616 	10648
f 10621 	10525 	10459
f 10626 	10647 	10615
f 9671 	10664 	10714
f 10525 	10620 	10581
f 10617 	10581 	10620
f 10642 	10626 	10422
f 1183 	10626 	1186
f 10618 	10619 	10581
f 10617 	10618 	10581
f 10555 	10581 	10619
f 10723 	10575 	10048
f 3328 	1975 	10631
f 10620 	10525 	10621
f 10635 	785 	779
f 10623 	10476 	1476
f 10633 	10655 	10562
f 10610 	10737 	10608
f 10623 	1476 	10624
f 10633 	2983 	2981
f 10624 	1476 	10625
f 10560 	10625 	1476
f 10629 	10630 	10627
f 10702 	10615 	10635
f 10600 	10595 	10610
f 10595 	10591 	10610
f 10591 	10590 	10610
f 10590 	10606 	10610
f 10629 	10627 	10662
f 10627 	10634 	10672
f 10606 	10605 	10610
f 10440 	10432 	10605
f 1975 	11017 	10631
f 10610 	10605 	10432
f 10655 	10633 	10609
f 10627 	10612 	10637
f 10638 	8879 	10641
f 10637 	10634 	10627
f 10633 	10632 	2983
f 10774 	8820 	10644
f 10642 	10640 	10626
f 10632 	10633 	10886
f 10641 	8879 	10645
f 10886 	10646 	10632
f 10627 	10672 	10628
f 10612 	10627 	10611
f 2960 	10632 	10646
f 10614 	10627 	10613
f 10632 	3833 	2983
f 10627 	10616 	10613
f 10603 	10602 	8229
f 10632 	3829 	3833
f 10627 	10630 	10648
f 10627 	10648 	10616
f 10735 	10065 	10731
f 9706 	10731 	10065
f 10647 	10652 	10639
f 5749 	3340 	11158
f 785 	10635 	10649
f 11158 	3024 	5749
f 10643 	1534 	10644
f 10614 	10611 	10627
f 2444 	3423 	2446
f 2444 	3323 	6009
f 10653 	10639 	10652
f 10563 	10633 	10562
f 10638 	10650 	10636
f 10611 	10614 	10709
f 10461 	10652 	10651
f 10638 	10641 	10650
f 10613 	10709 	10614
f 8106 	10604 	10655
f 2444 	10694 	3323
f 10641 	10645 	10650
f 764 	10649 	768
f 10639 	10653 	10649
f 10752 	10633 	10563
f 10604 	10563 	10655
f 10610 	10485 	10344
f 10611 	10709 	10710
f 10488 	10490 	10344
f 4842 	2234 	2233
f 10563 	10562 	10655
f 4842 	1141 	4844
f 10432 	10485 	10610
f 10740 	10610 	10741
f 10649 	10653 	768
f 10741 	10610 	10742
f 10879 	10862 	10301
f 10656 	10657 	10301
f 10615 	10647 	10649
f 4842 	4853 	2234
f 10610 	10740 	10745
f 10883 	10301 	10882
f 10610 	10745 	10746
f 4853 	4855 	2142
f 10663 	10668 	10301
f 1966 	2142 	4855
f 10610 	10747 	10748
f 2142 	2234 	4853
f 10710 	10706 	10611
f 10610 	10748 	10750
f 10610 	10750 	10739
f 10628 	10661 	10627
f 10301 	10883 	10879
f 10627 	10661 	10662
f 10662 	10661 	10867
f 983 	1966 	4590
f 10615 	10649 	10635
f 1966 	4872 	4590
f 10602 	10598 	8229
f 10647 	10639 	10649
f 10640 	10647 	10626
f 8786 	10663 	10301
f 10642 	10647 	10640
f 10669 	10301 	10668
f 10651 	10647 	10642
f 10666 	10851 	10667
f 10663 	10671 	10668
f 10647 	10651 	10652
f 10851 	10666 	10552
f 10512 	10667 	10851
f 10671 	10663 	8912
f 8795 	8911 	10663
f 10461 	10651 	10642
f 11142 	10670 	10674
f 10461 	768 	10653
f 10851 	10552 	10788
f 10551 	10788 	10552
f 10461 	10653 	10652
f 10678 	10680 	10599
f 3328 	10679 	10676
f 10680 	10601 	10599
f 9632 	10703 	10732
f 3135 	2429 	10680
f 10676 	10679 	10682
f 10599 	10607 	10678
f 10599 	10601 	10607
f 10634 	10673 	10672
f 10583 	10603 	8229
f 10392 	10395 	10687
f 10395 	10693 	10687
f 10601 	10576 	10607
f 10637 	10673 	10634
f 10678 	10607 	10688
f 10683 	10310 	10684
f 10851 	10894 	10512
f 10686 	10687 	10693
f 10683 	10686 	10693
f 10680 	10689 	3135
f 6216 	10082 	10484
f 8473 	10484 	10692
f 10693 	10384 	10683
f 10688 	10691 	10680
f 10692 	10484 	10082
f 10676 	10682 	10675
f 10679 	10694 	10682
f 10604 	10690 	10563
f 10082 	10279 	10692
f 10395 	8836 	10693
f 10692 	10286 	8473
f 8094 	10685 	10690
f 10604 	8094 	10690
f 10689 	10680 	10691
f 10310 	10683 	10381
f 10384 	10381 	10683
f 1974 	10682 	10665
f 10678 	10688 	10680
f 2083 	2020 	10696
f 10673 	10637 	10698
f 10665 	10694 	2444
f 10693 	8836 	10384
f 10700 	10698 	10749
f 10688 	10702 	10691
f 10665 	11262 	1974
f 10697 	7766 	7765
f 9632 	10704 	10703
f 10691 	10702 	10689
f 10698 	10700 	10673
f 10689 	10702 	779
f 10682 	10694 	10665
f 7765 	10842 	10697
f 10635 	779 	10702
f 10676 	1975 	3328
f 10697 	10685 	7766
f 1911 	1921 	10338
f 1974 	2371 	10675
f 10684 	10310 	10715
f 10709 	10754 	10710
f 1975 	10676 	10675
f 2435 	10712 	2434
f 10675 	10682 	1974
f 10718 	1276 	1275
f 10718 	6329 	1276
f 10670 	10695 	10674
f 1399 	1631 	643
f 10723 	10048 	10722
f 10670 	10677 	10695
f 10712 	10718 	2437
f 643 	10721 	645
f 10718 	10712 	1238
f 1238 	6329 	10718
f 10724 	10725 	9643
f 10733 	10724 	9643
f 10729 	10066 	10728
f 10728 	10066 	10872
f 10730 	10731 	10066
f 9706 	10066 	10731
f 10669 	10668 	10654
f 2019 	2022 	10696
f 10734 	10701 	10699
f 10699 	10784 	10734
f 10671 	8912 	10654
f 10343 	1238 	10350
f 10727 	717 	10751
f 10727 	11036 	11030
f 10687 	10686 	10650
f 10729 	10730 	10066
f 10350 	1238 	10712
f 10392 	10687 	10650
f 10630 	10759 	10648
f 717 	10793 	10751
f 10759 	10630 	10901
f 10734 	10696 	2025
f 2022 	2025 	10696
f 10680 	2452 	1285
f 10686 	10683 	10650
f 10736 	10737 	10610
f 10345 	10416 	10960
f 10736 	10610 	10738
f 10650 	10683 	10579
f 10768 	10958 	10416
f 10610 	10739 	10738
f 10579 	10683 	10684
f 2083 	10696 	2098
f 10612 	10611 	10706
f 10742 	10610 	10744
f 711 	790 	10765
f 10718 	1275 	1256
f 10718 	1256 	1274
f 10747 	10610 	10746
f 10718 	1274 	2437
f 10685 	10743 	10690
f 10727 	958 	959
f 7560 	7135 	10361
f 10592 	10350 	10712
f 11036 	10727 	10751
f 10752 	10563 	10690
f 6981 	7135 	7560
f 10752 	10690 	10743
f 10684 	10581 	10579
f 1177 	10601 	1285
f 10778 	10749 	10706
f 10581 	10684 	10715
f 10754 	10756 	10710
f 10712 	2435 	10753
f 10734 	10825 	10755
f 1958 	925 	10727
f 10712 	10753 	10592
f 959 	717 	10727
f 10588 	10592 	10753
f 10873 	10696 	10755
f 10681 	10660 	10525
f 10778 	10706 	10756
f 10363 	10374 	10376
f 11057 	1958 	11030
f 10660 	10657 	10525
f 10656 	10525 	10657
f 1285 	10601 	10680
f 10754 	10803 	10780
f 10766 	10726 	10765
f 10757 	10874 	10755
f 10754 	10709 	10613
f 10361 	10363 	10375
f 10375 	10363 	10376
f 10338 	1921 	10339
f 10743 	10771 	10752
f 10725 	10724 	10744
f 1921 	1925 	10339
f 10758 	10744 	10724
f 10765 	10726 	711
f 10728 	8641 	10729
f 10730 	10729 	8641
f 10741 	10742 	10758
f 10754 	10648 	10759
f 10766 	10767 	10726
f 10744 	10758 	10742
f 1911 	10338 	10346
f 10715 	10713 	10581
f 10754 	10613 	10648
f 9643 	10869 	10870
f 10525 	10581 	10681
f 10713 	10681 	10581
f 10612 	10706 	10749
f 10766 	10765 	10721
f 10767 	10766 	10721
f 796 	10721 	10765
f 10749 	10698 	10637
f 10612 	10749 	10637
f 10696 	10734 	10755
f 10778 	10769 	10749
f 10271 	10777 	10776
f 10721 	10719 	10767
f 796 	645 	10721
f 10271 	10776 	10278
f 10770 	10749 	10769
f 10771 	10761 	10760
f 10273 	10773 	10272
f 10743 	10761 	10771
f 10706 	10710 	10756
f 10610 	10344 	10880
f 10355 	10880 	10344
f 10172 	10184 	8692
f 8772 	8889 	10760
f 10670 	10760 	10761
f 10677 	10670 	10761
f 10768 	10416 	10387
f 10778 	10780 	10781
f 10761 	10743 	10677
f 10756 	10754 	10780
f 8862 	8824 	10775
f 10783 	10798 	10775
f 10778 	10770 	10769
f 8820 	10774 	10783
f 8820 	10783 	10775
f 10380 	10383 	10388
f 10388 	10546 	10380
f 8824 	8820 	10775
f 10773 	10789 	10777
f 10779 	10777 	10789
f 10829 	10786 	10828
f 11076 	10770 	10778
f 10677 	10796 	10695
f 712 	711 	10793
f 10781 	10782 	10778
f 712 	10793 	717
f 10799 	10801 	10553
f 10801 	10550 	10553
f 10780 	10778 	10756
f 10787 	10786 	10814
f 10550 	10549 	10553
f 10382 	10388 	10383
f 10774 	1534 	10783
f 10390 	10382 	10383
f 10779 	10789 	10645
f 10787 	10814 	10726
f 10644 	1534 	10774
f 10806 	10781 	10816
f 10843 	10787 	10726
f 10545 	10608 	10546
f 10539 	10546 	10537
f 10537 	10546 	10608
f 10780 	10816 	10781
f 10539 	10543 	10546
f 10650 	10645 	10789
f 10146 	10118 	10540
f 10380 	10540 	10118
f 10546 	10542 	10380
f 10542 	10546 	10543
f 2891 	10783 	1534
f 8692 	10184 	8531
f 10860 	10814 	10786
f 10544 	8531 	10184
f 10800 	10553 	11002
f 10806 	10782 	10781
f 10544 	10575 	8531
f 10540 	10380 	10542
f 10793 	711 	10814
f 10798 	2891 	11383
f 10789 	10773 	10650
f 10813 	10816 	10812
f 10814 	711 	10726
f 10777 	10272 	10773
f 10860 	10793 	10814
f 10796 	10677 	10743
f 10274 	10650 	10773
f 7069 	10860 	10786
f 10806 	10816 	10813
f 10697 	10807 	10685
f 10816 	10818 	10812
f 10807 	10796 	10743
f 10723 	10711 	10575
f 11530 	10808 	11529
f 8267 	10654 	8298
f 7097 	10786 	10820
f 10819 	10820 	10786
f 10743 	10685 	10807
f 10803 	10818 	10816
f 10822 	10786 	10821
f 10804 	10809 	10755
f 10805 	10804 	10755
f 10811 	10755 	10809
f 10654 	8267 	10817
f 10823 	8794 	10824
f 8669 	10824 	8794
f 10803 	10816 	10780
f 10726 	10846 	10843
f 10784 	10825 	10734
f 10805 	10755 	10825
f 10726 	10841 	10846
f 10812 	10818 	10847
f 10821 	10772 	10822
f 10818 	10852 	10847
f 10755 	10811 	10757
f 10826 	10827 	8669
f 8669 	10827 	10824
f 10705 	10737 	10704
f 10608 	10737 	10705
f 10537 	10608 	10705
f 10703 	10704 	10737
f 10853 	10786 	10822
f 10787 	10821 	10786
f 10819 	10786 	10829
f 10830 	8675 	8982
f 10757 	10811 	10810
f 10831 	8675 	10830
f 10772 	10829 	10828
f 10737 	10732 	10703
f 10787 	10835 	10836
f 10821 	10787 	10836
f 8794 	10837 	10838
f 10841 	10726 	10767
f 8794 	10823 	10837
f 10807 	10697 	10842
f 10808 	11530 	11215
f 6486 	10838 	10839
f 9008 	10209 	10808
f 10835 	10787 	10840
f 10843 	10844 	10787
f 6486 	10839 	10817
f 8267 	6486 	10817
f 10707 	10711 	10722
f 10717 	10716 	10722
f 10708 	10707 	10722
f 10716 	10708 	10722
f 10720 	10708 	10716
f 11180 	10818 	10803
f 10526 	10827 	10826
f 10711 	10714 	10575
f 10840 	10772 	10835
f 10836 	10835 	10772
f 8531 	10575 	10714
f 10834 	10833 	10304
f 10723 	10722 	10711
f 10833 	10831 	10304
f 10830 	10304 	10831
f 7769 	10842 	7765
f 10840 	10787 	10844
f 10737 	10736 	10732
f 10738 	10732 	10736
f 10750 	10758 	10739
f 10666 	10667 	10832
f 10849 	10813 	10812
f 10840 	10844 	10772
f 8759 	8776 	10848
f 10739 	10758 	10738
f 10551 	10552 	10832
f 10553 	10551 	10832
f 10733 	10732 	10758
f 10724 	10733 	10758
f 10821 	10836 	10772
f 10847 	10849 	10812
f 10512 	10832 	10667
f 10843 	10719 	10844
f 10772 	10844 	10719
f 10526 	10826 	10463
f 8531 	10735 	8641
f 8641 	10731 	10730
f 10802 	10764 	10815
f 10719 	10841 	10767
f 10848 	1773 	10511
f 10845 	1773 	10848
f 10834 	1773 	10845
f 10802 	10762 	10764
f 10514 	10516 	10832
f 1766 	10511 	1773
f 10512 	10515 	10832
f 10846 	10719 	10843
f 10815 	10791 	10802
f 10854 	11552 	10850
f 10846 	10841 	10719
f 10714 	10664 	8531
f 10731 	8641 	10735
f 10828 	10786 	10853
f 10735 	8531 	10664
f 10772 	10828 	10853
f 10772 	10853 	10822
f 12285 	12286 	10854
f 10772 	10820 	10819
f 10748 	10758 	10750
f 10810 	10763 	10757
f 10654 	10824 	10526
f 10819 	10829 	10772
f 10745 	10740 	10758
f 10854 	10858 	12285
f 10857 	10856 	10763
f 11042 	10763 	10856
f 10741 	10758 	10740
f 10732 	10738 	10758
f 10745 	10758 	10746
f 10857 	10763 	10810
f 10824 	10654 	10823
f 10746 	10758 	10747
f 10747 	10758 	10748
f 10820 	10772 	7097
f 7066 	7097 	10772
f 10858 	10854 	10850
f 10837 	10823 	10654
f 10875 	10348 	10859
f 10827 	10526 	10824
f 11040 	10911 	11042
f 10860 	7471 	9754
f 10849 	10847 	10852
f 10875 	10877 	10348
f 10791 	10808 	11196
f 11256 	11196 	10808
f 10837 	10654 	10838
f 10839 	10838 	10654
f 11851 	10793 	10860
f 10791 	10815 	10962
f 10839 	10654 	10817
f 8333 	10859 	10349
f 10790 	10785 	10553
f 10656 	10301 	10862
f 10792 	10795 	10851
f 10792 	10851 	10788
f 10551 	10553 	10788
f 10818 	11396 	10852
f 8143 	10842 	7769
f 10785 	10788 	10553
f 10795 	10794 	10851
f 11396 	10818 	10861
f 7766 	10685 	8094
f 10661 	10866 	10867
f 10890 	10889 	10348
f 10869 	9643 	10868
f 10725 	10868 	9643
f 7206 	7641 	10863
f 10871 	10872 	10066
f 8143 	10659 	10842
f 10842 	10878 	10807
f 10864 	10348 	10877
f 10661 	10628 	10866
f 10526 	10525 	10862
f 10878 	10842 	10659
f 10863 	10906 	7244
f 10355 	10348 	10880
f 7238 	10902 	7241
f 10889 	10898 	10880
f 10878 	10865 	10990
f 10907 	10902 	7246
f 10881 	10882 	10301
f 7238 	7246 	10902
f 10301 	10669 	10881
f 10898 	10744 	10880
f 7241 	10902 	7715
f 10878 	10659 	11103
f 10862 	10879 	10526
f 10907 	7246 	10905
f 7244 	10905 	7246
f 10868 	10864 	10869
f 10882 	10526 	10883
f 10879 	10883 	10526
f 10864 	10877 	10869
f 10870 	10869 	10877
f 8333 	10871 	10877
f 10914 	7715 	10913
f 8641 	10872 	10871
f 8641 	10871 	8333
f 10893 	10672 	10885
f 10871 	10870 	10877
f 8333 	10877 	10875
f 8333 	10875 	10859
f 10673 	10885 	10672
f 10673 	10700 	10885
f 10972 	10886 	10633
f 10864 	10890 	10348
f 10876 	10911 	10794
f 10889 	10880 	10348
f 10851 	10911 	11040
f 10526 	10881 	10654
f 2190 	10696 	10873
f 10873 	10755 	10874
f 1625 	1641 	10719
f 10887 	8945 	8936
f 10721 	1631 	10719
f 8936 	10936 	10887
f 1652 	10317 	10772
f 10515 	10512 	10894
f 10526 	10882 	10881
f 10891 	10912 	10892
f 10772 	10719 	1652
f 10669 	10654 	10881
f 10672 	10893 	10628
f 10851 	10794 	10911
f 10317 	1652 	10316
f 10321 	10772 	10323
f 1647 	1646 	1652
f 1646 	10316 	1652
f 10412 	8803 	8786
f 10911 	10876 	10897
f 10228 	11153 	10227
f 8344 	10227 	11171
f 10903 	10902 	10907
f 10891 	10892 	8970
f 11048 	10997 	10894
f 10892 	9063 	8970
f 10903 	10913 	10902
f 9044 	9043 	10887
f 11178 	11127 	11170
f 11000 	10894 	10768
f 10763 	11042 	10911
f 8661 	10887 	10936
f 7244 	10906 	10905
f 10895 	10757 	10896
f 10874 	10757 	10895
f 10763 	10896 	10757
f 10083 	8918 	10887
f 8918 	9025 	10887
f 10904 	10867 	10937
f 9069 	10887 	9025
f 9069 	9044 	10887
f 10896 	10763 	10908
f 10910 	10909 	10763
f 10763 	10911 	10910
f 10866 	10628 	10884
f 10744 	10610 	10880
f 10906 	10863 	448
f 10901 	10630 	10629
f 10908 	10763 	10909
f 10662 	10901 	10629
f 10864 	10868 	10890
f 10904 	10901 	10662
f 10911 	10897 	10910
f 11177 	11189 	10912
f 10744 	10889 	10725
f 10890 	10725 	10889
f 10725 	10890 	10868
f 8641 	10728 	10872
f 10904 	10662 	10867
f 10893 	10884 	10628
f 10889 	10744 	10898
f 7408 	7555 	10918
f 3578 	3579 	10921
f 10915 	10892 	10912
f 3579 	2961 	10921
f 10915 	10912 	8512
f 10918 	10927 	7408
f 8900 	11199 	9638
f 10089 	10921 	10899
f 10866 	10926 	10867
f 10866 	10884 	10926
f 10888 	10646 	10886
f 10926 	10935 	10867
f 10646 	10888 	10921
f 10921 	10888 	10899
f 8914 	11199 	8900
f 8924 	8500 	8661
f 10646 	10921 	10934
f 11127 	8336 	8339
f 8661 	10936 	8924
f 7590 	1709 	7588
f 8936 	8924 	10936
f 7590 	7323 	10900
f 9047 	10891 	9050
f 10969 	10938 	11055
f 10939 	11055 	10938
f 9047 	9039 	10891
f 593 	7590 	10900
f 2961 	10934 	10921
f 1227 	10945 	7588
f 9040 	10891 	9039
f 7604 	10941 	10920
f 10925 	10942 	10924
f 10937 	10867 	10935
f 10891 	8943 	9050
f 595 	596 	7604
f 10943 	10944 	10925
f 10891 	8970 	8943
f 10935 	11045 	10937
f 10901 	10904 	10937
f 3917 	4331 	10947
f 4331 	4350 	10947
f 10950 	10969 	11055
f 10948 	10754 	10759
f 11053 	10754 	10948
f 527 	7604 	7603
f 10953 	9040 	8996
f 10951 	10922 	10924
f 10759 	10901 	10948
f 10924 	10955 	10951
f 10954 	10940 	10947
f 10945 	527 	7603
f 10924 	10944 	10955
f 10962 	10952 	8996
f 10946 	10954 	10947
f 595 	10917 	596
f 10960 	2618 	10345
f 2611 	10345 	2618
f 10944 	10924 	10942
f 10961 	10960 	10416
f 10916 	596 	10917
f 10942 	10925 	10944
f 11049 	10416 	10957
f 10962 	10815 	10764
f 595 	524 	10917
f 238 	10917 	524
f 10956 	10884 	10959
f 10947 	4350 	11216
f 4350 	11220 	11216
f 11093 	10700 	10749
f 10884 	10893 	10959
f 10949 	10950 	11160
f 10937 	11020 	10901
f 11218 	3600 	3578
f 11023 	11020 	10937
f 10213 	10938 	10969
f 10930 	10968 	11643
f 10968 	10928 	10927
f 11220 	4350 	3617
f 10929 	10968 	10930
f 10928 	10968 	10929
f 10953 	8996 	10970
f 10922 	10951 	10964
f 10228 	10213 	10950
f 10762 	8996 	10952
f 7516 	10933 	11643
f 8996 	10762 	10970
f 10932 	11643 	10933
f 10762 	10952 	10764
f 11643 	10932 	10930
f 8305 	8344 	11170
f 10952 	10962 	10764
f 3578 	10921 	11218
f 10923 	10922 	10964
f 10791 	10971 	10808
f 10886 	10972 	8931
f 10791 	10962 	10971
f 10914 	10913 	10968
f 10905 	10906 	10903
f 10907 	10905 	10903
f 11643 	10903 	10906
f 10906 	448 	11643
f 10968 	10903 	11643
f 10971 	10962 	9006
f 10888 	10886 	8931
f 10970 	10891 	10953
f 10913 	10903 	10968
f 10888 	8931 	8567
f 10973 	10278 	11246
f 10935 	10926 	11045
f 10958 	10768 	10963
f 10808 	10971 	9006
f 10966 	10965 	10768
f 10963 	10768 	10965
f 10916 	10914 	10941
f 10633 	10752 	10972
f 10768 	10967 	10966
f 10752 	10771 	10972
f 10919 	10914 	10918
f 10968 	10918 	10914
f 10919 	10920 	10914
f 10927 	10918 	10968
f 8874 	10972 	8882
f 8914 	10973 	11199
f 8874 	8931 	10972
f 10914 	10920 	10941
f 10916 	10941 	596
f 10972 	10771 	8882
f 10760 	8889 	10771
f 10335 	8006 	10348
f 10771 	8889 	8882
f 10983 	10980 	10138
f 10982 	11490 	10981
f 10984 	11490 	10982
f 10989 	10981 	11490
f 10335 	1854 	8006
f 10985 	10986 	11006
f 1854 	10335 	1344
f 10878 	11172 	10807
f 10974 	10985 	11006
f 10977 	10986 	10976
f 10986 	10975 	10976
f 10986 	10974 	10975
f 10986 	10985 	10974
f 10923 	10986 	10922
f 484 	238 	483
f 524 	10988 	238
f 483 	238 	10988
f 10986 	10924 	10922
f 10986 	10943 	10925
f 10992 	11490 	10991
f 10977 	10943 	10986
f 11172 	10878 	10990
f 10923 	10995 	10986
f 10925 	10924 	10986
f 10991 	8896 	10992
f 10996 	10978 	11584
f 10535 	11243 	11333
f 10990 	10865 	10994
f 10993 	10990 	10994
f 10987 	10990 	10993
f 10995 	11006 	10986
f 10975 	10974 	10998
f 10975 	10999 	10976
f 10768 	10997 	10967
f 10998 	10999 	10975
f 10387 	11000 	10768
f 11084 	11124 	10956
f 11000 	10484 	8473
f 11084 	10956 	10959
f 10984 	10991 	11490
f 10931 	10894 	11000
f 9040 	10953 	10891
f 11000 	10387 	10462
f 10462 	10484 	11000
f 11095 	10998 	10974
f 8512 	10912 	11189
f 10888 	8567 	8572
f 11006 	11095 	10974
f 8572 	10089 	10899
f 10888 	8572 	10899
f 10915 	8512 	11185
f 11004 	10517 	11003
f 11007 	11005 	10518
f 11003 	10517 	11005
f 10517 	10518 	11005
f 10923 	11006 	10995
f 11006 	10923 	10964
f 11008 	11014 	11218
f 10921 	11008 	11218
f 11010 	11009 	10832
f 11011 	11010 	10832
f 11012 	10978 	10996
f 10884 	11013 	10926
f 11002 	10553 	11009
f 10964 	10951 	11026
f 11012 	10996 	9063
f 11015 	10517 	11004
f 10832 	10516 	11033
f 10951 	10955 	11026
f 1975 	11065 	11017
f 11136 	11013 	10884
f 11268 	11824 	10518
f 11013 	11133 	10926
f 10948 	10901 	11020
f 11032 	11022 	10832
f 11026 	10955 	11027
f 11012 	11062 	10978
f 10948 	11210 	11031
f 10832 	11021 	11029
f 11083 	11069 	10213
f 11077 	11083 	10213
f 11026 	11018 	10964
f 11030 	11036 	11039
f 11029 	11011 	10832
f 11021 	10832 	11022
f 11020 	11023 	10948
f 10939 	10938 	10213
f 11152 	10227 	11153
f 10727 	11030 	1958
f 10832 	11033 	11032
f 11153 	10228 	10949
f 11012 	9063 	10892
f 10228 	10950 	10949
f 10964 	11018 	11006
f 11034 	10517 	11015
f 10969 	10950 	10213
f 9006 	9008 	10808
f 11035 	11027 	10955
f 10517 	11034 	10516
f 11033 	10516 	11034
f 10989 	11490 	11037
f 11043 	11037 	11490
f 10944 	11035 	10955
f 11025 	11024 	10851
f 10894 	10851 	11024
f 10851 	11040 	11025
f 11053 	10948 	11031
f 11037 	11043 	11041
f 11044 	11041 	11043
f 11175 	10891 	10970
f 10980 	11016 	11047
f 11041 	10982 	10981
f 10768 	10894 	10997
f 10981 	10989 	11041
f 11041 	11044 	9653
f 11024 	11048 	10894
f 11036 	10751 	10793
f 11110 	9653 	11044
f 11050 	10961 	10416
f 11041 	10989 	11037
f 11050 	10416 	11049
f 10957 	10416 	10958
f 11046 	11035 	10944
f 11036 	10793 	11039
f 11053 	10803 	10754
f 11030 	11051 	11052
f 11052 	11057 	11030
f 11059 	11046 	10944
f 8896 	10991 	10984
f 11030 	11054 	11051
f 11057 	11001 	1958
f 892 	1958 	11001
f 11051 	11001 	11052
f 11054 	11001 	11051
f 11057 	11052 	11001
f 11059 	10944 	10943
f 10977 	11059 	10943
f 11058 	11056 	11014
f 892 	11001 	11065
f 11058 	11063 	11056
f 11065 	1975 	2371
f 11017 	11065 	11001
f 11065 	2371 	892
f 7894 	11088 	11067
f 11067 	9869 	7894
f 11058 	11066 	11063
f 7083 	10225 	11088
f 11055 	10939 	11069
f 11072 	11081 	10535
f 11081 	11070 	10535
f 11083 	11075 	11069
f 9869 	11067 	11557
f 10939 	10213 	11069
f 11084 	10959 	10893
f 9869 	11557 	11578
f 11062 	11012 	10855
f 7169 	11098 	11074
f 10979 	10978 	11062
f 7134 	11753 	11751
f 10947 	11216 	11038
f 11016 	10980 	10983
f 11753 	7134 	11074
f 7134 	7169 	11074
f 11190 	10535 	11070
f 11075 	11077 	11078
f 11075 	11078 	11079
f 11108 	11072 	11071
f 10979 	11064 	11016
f 11080 	11091 	10202
f 11075 	11079 	10202
f 11080 	10202 	11079
f 10141 	11016 	10983
f 11055 	11069 	11075
f 10782 	11076 	10778
f 10979 	11062 	11064
f 11077 	10213 	11078
f 11066 	11058 	11073
f 11075 	11083 	11077
f 11073 	11038 	11066
f 11084 	10893 	10885
f 11265 	11075 	10202
f 11068 	10977 	10976
f 7015 	3543 	11204
f 11082 	11030 	11039
f 11039 	11070 	11082
f 11068 	11059 	10977
f 11889 	11265 	10202
f 11030 	11082 	11054
f 10213 	12213 	11078
f 11079 	11078 	12213
f 11008 	10921 	10089
f 11081 	11086 	11070
f 11070 	11086 	11087
f 11255 	11008 	10089
f 11070 	11099 	11082
f 11023 	11210 	10948
f 11734 	11085 	10231
f 11119 	11054 	11082
f 10700 	11084 	10885
f 11085 	11088 	10225
f 11092 	10202 	11091
f 11092 	11101 	10202
f 11209 	11028 	11089
f 11084 	10700 	11093
f 11087 	11094 	11070
f 11097 	11070 	11094
f 11088 	11554 	11067
f 10999 	11068 	10976
f 11097 	11099 	11070
f 11556 	11557 	11067
f 10770 	11093 	10749
f 11028 	10946 	11089
f 11076 	11093 	10770
f 11318 	11038 	11073
f 11101 	11104 	10202
f 11092 	167 	11101
f 11094 	11117 	11097
f 11095 	11019 	11219
f 11249 	11102 	11095
f 11097 	11117 	11099
f 11561 	11564 	11098
f 11095 	11251 	11249
f 11730 	10182 	11731
f 11333 	11326 	10535
f 11053 	11100 	10803
f 10182 	11751 	11752
f 10994 	10865 	11103
f 11121 	11709 	11104
f 167 	11104 	11101
f 11731 	10182 	11752
f 11100 	11053 	11031
f 11340 	11071 	10535
f 10865 	10878 	11103
f 11071 	11072 	10535
f 10262 	10138 	10980
f 11556 	11067 	11554
f 10980 	11107 	10266
f 11089 	10946 	10947
f 11110 	11490 	11111
f 10947 	11038 	11318
f 10262 	10980 	10266
f 11113 	11709 	11112
f 10947 	11318 	11089
f 10980 	11520 	11107
f 11106 	10954 	11028
f 11204 	11098 	7169
f 11103 	10658 	11106
f 11121 	11115 	11709
f 11111 	11709 	11113
f 10658 	10954 	11106
f 10808 	9087 	11109
f 11110 	11044 	11490
f 11103 	11106 	10994
f 10954 	10946 	11028
f 11125 	11095 	11102
f 9881 	11663 	11661
f 9653 	11111 	11113
f 11103 	11114 	10658
f 11111 	9653 	11110
f 10658 	4182 	10954
f 11095 	11018 	11019
f 11155 	11119 	11082
f 11096 	11109 	11143
f 11112 	12222 	11113
f 11119 	11118 	11054
f 4182 	10658 	11114
f 11112 	11709 	11116
f 11116 	11709 	11115
f 11095 	11006 	11018
f 11120 	4139 	11114
f 11107 	11109 	10266
f 11103 	10659 	11114
f 10266 	9082 	11105
f 11001 	11054 	11118
f 11115 	166 	11116
f 10940 	10954 	4159
f 11100 	11031 	11174
f 4139 	1316 	11114
f 11121 	167 	11115
f 166 	11115 	167
f 10808 	10209 	9087
f 4182 	4159 	10954
f 11121 	11104 	167
f 10937 	11045 	11225
f 9082 	11135 	11105
f 1336 	11120 	1333
f 11105 	11135 	11137
f 7292 	11140 	11204
f 10940 	4159 	10947
f 11119 	11155 	11118
f 254 	542 	10202
f 11105 	10254 	10266
f 11120 	11114 	10659
f 11105 	11137 	10254
f 10202 	11104 	11709
f 8143 	1333 	11120
f 4159 	3917 	10947
f 10998 	11095 	11125
f 8761 	11131 	11132
f 11118 	11117 	11130
f 8305 	11170 	11127
f 8761 	11132 	8764
f 11257 	11254 	10956
f 11141 	8764 	11132
f 11128 	11247 	11708
f 10926 	11133 	11134
f 10884 	10956 	11254
f 11139 	7674 	11146
f 10402 	10368 	8336
f 10674 	10695 	11132
f 11127 	8339 	8375
f 11131 	10674 	11132
f 11117 	3078 	11130
f 11138 	11137 	11135
f 11254 	11136 	10884
f 9082 	9081 	11135
f 11141 	8788 	8764
f 11332 	11327 	11136
f 11137 	11138 	10260
f 11158 	3328 	10631
f 11135 	10240 	11138
f 8747 	11142 	10674
f 11139 	11182 	11128
f 11102 	11159 	11125
f 11143 	11126 	11129
f 11140 	7611 	11128
f 11132 	10695 	11144
f 11139 	11128 	7611
f 11126 	11143 	11109
f 11109 	11107 	11126
f 11068 	11163 	11147
f 11154 	11155 	11082
f 11151 	11145 	11149
f 11151 	11160 	11145
f 11147 	11059 	11068
f 11090 	11096 	11143
f 11143 	11129 	11090
f 11145 	11152 	11153
f 11153 	11149 	11145
f 11117 	11094 	11087
f 10796 	10807 	11148
f 11520 	11126 	11107
f 11154 	11082 	11099
f 11129 	11522 	11090
f 11183 	7689 	9363
f 11520 	10980 	11047
f 11257 	10956 	11124
f 11118 	11155 	11117
f 11132 	11144 	11150
f 10926 	11134 	11045
f 11154 	11099 	11117
f 11144 	11148 	11150
f 11154 	11117 	11155
f 11130 	11158 	11118
f 10695 	10796 	11148
f 10227 	11152 	11161
f 10695 	11148 	11144
f 11129 	11126 	11534
f 11534 	11522 	11129
f 11150 	11156 	11132
f 11153 	10949 	11149
f 11151 	11149 	10949
f 11535 	11090 	11522
f 11118 	11158 	11017
f 11225 	11045 	11134
f 10950 	11055 	11160
f 11017 	11001 	11118
f 11156 	11141 	11132
f 11141 	11156 	8788
f 11145 	11161 	11152
f 11534 	11126 	11520
f 11158 	10631 	11017
f 11136 	11133 	11013
f 3328 	11158 	3340
f 11145 	11162 	11161
f 10760 	11142 	8771
f 11130 	3078 	11158
f 8788 	11156 	11172
f 11046 	11059 	11147
f 3078 	3024 	11158
f 11133 	11157 	11134
f 11164 	11165 	11167
f 11361 	11133 	11136
f 10760 	10670 	11142
f 11162 	10227 	11161
f 10674 	11131 	8747
f 11072 	11108 	11081
f 2855 	11081 	11108
f 11167 	11165 	11379
f 11055 	11145 	11160
f 10949 	11160 	11151
f 9515 	9884 	11674
f 11210 	11023 	11169
f 11162 	11145 	11171
f 11171 	11145 	10238
f 11164 	8861 	8829
f 11168 	11172 	11173
f 10227 	11162 	11171
f 10912 	10891 	11175
f 10533 	11231 	10534
f 10912 	11175 	11177
f 11204 	7169 	7146
f 11148 	11172 	11150
f 11231 	10533 	10535
f 11148 	10807 	11172
f 11180 	11100 	11174
f 7043 	11204 	7146
f 11172 	11176 	11179
f 10535 	11190 	11231
f 11182 	11139 	11146
f 11174 	11396 	11391
f 11172 	10987 	11176
f 11180 	10803 	11100
f 10990 	10987 	11172
f 11184 	11190 	10793
f 11175 	11181 	11185
f 11172 	11179 	11173
f 11182 	11146 	11183
f 10290 	10289 	8336
f 11203 	11173 	11179
f 11179 	11187 	11203
f 11039 	10793 	11190
f 11179 	11176 	11187
f 9363 	9359 	11183
f 11184 	10793 	11851
f 10994 	11188 	10993
f 10855 	11012 	11181
f 11175 	11185 	11177
f 11188 	10987 	10993
f 11185 	11189 	11177
f 10806 	10813 	11186
f 11127 	10269 	8336
f 11238 	11237 	11127
f 11171 	10238 	11170
f 11185 	8512 	11189
f 10915 	11181 	10892
f 11238 	11127 	11178
f 11176 	10987 	11188
f 11185 	11181 	10915
f 11176 	11188 	11187
f 11181 	11012 	10892
f 11207 	10973 	11248
f 11246 	11245 	10973
f 10970 	11313 	11175
f 9869 	11659 	11191
f 11150 	11172 	11156
f 11666 	11663 	11191
f 8788 	11172 	8909
f 12438 	11166 	11147
f 8909 	11172 	11168
f 11186 	10782 	10806
f 11163 	12438 	11147
f 11076 	10782 	11186
f 11191 	11673 	11666
f 11193 	11164 	11167
f 11193 	11167 	11192
f 11166 	11046 	11147
f 11168 	11195 	11194
f 11035 	11046 	11232
f 11905 	11190 	11184
f 11707 	11706 	11122
f 11055 	11075 	11265
f 11200 	10999 	10998
f 11122 	11128 	11707
f 11200 	11201 	10999
f 11200 	10998 	11202
f 11199 	10973 	11207
f 11198 	11203 	11187
f 11173 	11203 	11168
f 11199 	9161 	9638
f 11195 	11203 	11198
f 11159 	11249 	11202
f 11195 	11168 	11203
f 11125 	11159 	11202
f 11201 	11163 	11068
f 11325 	11163 	11201
f 11207 	11301 	11206
f 11201 	11068 	10999
f 11206 	11199 	11207
f 11198 	11187 	11188
f 11206 	11301 	11208
f 11198 	10994 	11106
f 11125 	11202 	10998
f 11188 	10994 	11198
f 11106 	11028 	11198
f 11089 	11205 	11197
f 11089 	11197 	11209
f 11198 	11028 	11209
f 11198 	11209 	11197
f 9080 	8904 	11212
f 11212 	8904 	11195
f 11211 	10992 	8896
f 11195 	11198 	11212
f 11217 	11031 	11210
f 11213 	11226 	11301
f 11195 	8904 	11194
f 10196 	11197 	11205
f 11197 	10196 	11198
f 11198 	10196 	8963
f 11212 	11198 	8963
f 11208 	11301 	11227
f 9161 	11199 	11214
f 8896 	11214 	11211
f 11211 	11214 	11213
f 11174 	11031 	11217
f 11066 	11038 	11216
f 11128 	11708 	11707
f 11063 	11066 	11216
f 11247 	11128 	11182
f 11206 	11208 	11199
f 11228 	11128 	11122
f 11218 	11056 	11216
f 11378 	11174 	11217
f 11220 	11221 	11222
f 11018 	11219 	11019
f 11224 	11225 	11223
f 11222 	11216 	11220
f 11230 	11219 	11018
f 11573 	11574 	11204
f 11227 	11301 	11226
f 12039 	11027 	11035
f 11098 	11204 	11575
f 11026 	11027 	12039
f 11157 	11225 	11134
f 11227 	11226 	11199
f 11199 	11208 	11227
f 11214 	11199 	11226
f 11228 	11122 	11123
f 11133 	11322 	11157
f 11322 	11225 	11157
f 10937 	11225 	11023
f 11214 	11226 	11213
f 11591 	11592 	11228
f 11645 	11229 	11572
f 11039 	11190 	11070
f 11218 	11216 	11222
f 11306 	10762 	11235
f 11230 	11287 	11219
f 11239 	11237 	10238
f 11216 	11056 	11063
f 11238 	11178 	10238
f 11229 	11128 	11228
f 11225 	11224 	11169
f 11023 	11225 	11169
f 10802 	10791 	3176
f 3176 	8846 	10762
f 11235 	10762 	8846
f 11233 	11384 	11236
f 11204 	11140 	11229
f 11239 	10238 	10269
f 11128 	11229 	11140
f 11164 	11306 	11235
f 11170 	10238 	11178
f 11238 	10238 	11237
f 11056 	11218 	11014
f 11235 	3183 	8861
f 11577 	11229 	11655
f 11649 	11655 	11229
f 3392 	3218 	11236
f 11228 	11593 	11591
f 3600 	11240 	3604
f 10269 	11127 	11239
f 11237 	11239 	11127
f 3176 	10762 	10802
f 11204 	11229 	11573
f 11240 	11218 	11222
f 11243 	10535 	11242
f 11241 	11242 	10535
f 3604 	11220 	3617
f 3604 	11221 	11220
f 10278 	10776 	11246
f 11240 	11221 	3604
f 11221 	11240 	11222
f 11244 	10973 	11245
f 11218 	11240 	3600
f 9881 	11191 	11663
f 2853 	11242 	11241
f 11095 	11219 	11287
f 11248 	10973 	11244
f 11285 	11093 	11076
f 10297 	8336 	10269
f 11250 	11252 	11270
f 11270 	11272 	11250
f 11136 	11365 	11361
f 9975 	9967 	11312
f 11365 	11136 	11327
f 3240 	11256 	10808
f 3762 	11241 	10535
f 11278 	11275 	11252
f 11252 	11275 	11270
f 11256 	8814 	11196
f 10791 	11196 	8814
f 11256 	8837 	8814
f 11312 	11250 	9975
f 11483 	11384 	3802
f 11255 	9953 	11293
f 11234 	11384 	11233
f 11261 	11145 	11055
f 11255 	11276 	11073
f 11261 	10447 	10238
f 11255 	11058 	11014
f 11261 	10238 	11145
f 415 	2575 	2414
f 11058 	11255 	11073
f 11249 	11311 	11253
f 11266 	10554 	11260
f 11266 	11260 	11264
f 11262 	10665 	2444
f 11008 	11255 	11014
f 11265 	10447 	11261
f 11269 	11824 	11268
f 11254 	11332 	11136
f 11257 	11332 	11254
f 11273 	11274 	11269
f 9975 	11250 	11272
f 11276 	11278 	11252
f 11265 	11261 	11055
f 11273 	11277 	11274
f 11252 	11073 	11276
f 11266 	11264 	11282
f 11279 	11282 	11264
f 11276 	11275 	11278
f 11286 	11282 	11283
f 11279 	11283 	11282
f 11271 	11163 	11325
f 11159 	11102 	11249
f 11244 	11301 	11248
f 11270 	11275 	11272
f 9975 	11272 	11275
f 11484 	11262 	2444
f 11287 	11251 	11095
f 2868 	8938 	8939
f 9953 	9969 	11293
f 2414 	1974 	11262
f 11290 	11292 	11289
f 11275 	11276 	11294
f 11262 	415 	2414
f 11294 	9996 	11275
f 11294 	11293 	9969
f 11294 	9969 	9996
f 11304 	11384 	11298
f 11294 	11276 	11293
f 11302 	11300 	11305
f 11255 	11293 	11276
f 6356 	11309 	11310
f 3392 	11304 	11298
f 11175 	11313 	11319
f 11310 	6359 	6360
f 11306 	11164 	11193
f 11289 	11305 	11307
f 11300 	11307 	11305
f 11245 	11246 	11301
f 11289 	11307 	11308
f 11291 	11290 	11289
f 11308 	11291 	11289
f 11180 	11174 	11391
f 11287 	12448 	11251
f 10813 	10849 	11393
f 6356 	6401 	11309
f 12448 	11249 	11251
f 11312 	10108 	10111
f 12448 	12449 	11249
f 10196 	11205 	10108
f 11318 	10111 	11205
f 11391 	10818 	11180
f 10111 	10108 	11205
f 11313 	10762 	11306
f 11314 	11182 	11315
f 11304 	3392 	11236
f 11312 	10212 	10108
f 11076 	11186 	11281
f 10320 	10212 	11312
f 11312 	10111 	11318
f 7708 	11317 	9359
f 11420 	11438 	11301
f 11076 	11281 	11285
f 12449 	11311 	11249
f 11318 	11250 	11312
f 10320 	11312 	10264
f 11301 	11244 	11245
f 11257 	11124 	11349
f 11312 	9967 	10264
f 11306 	11319 	11313
f 11236 	11384 	11304
f 11320 	11183 	11323
f 11330 	11181 	11175
f 11183 	11320 	11316
f 11360 	11322 	11133
f 11330 	11345 	11181
f 11252 	11250 	11318
f 11252 	11318 	11073
f 11183 	9359 	11323
f 11317 	11323 	9359
f 11089 	11318 	11205
f 11306 	11324 	11319
f 11340 	10535 	11326
f 11202 	11321 	11200
f 11340 	11326 	11331
f 11202 	11249 	11253
f 1814 	10305 	9816
f 11334 	11202 	11253
f 3105 	2855 	11331
f 11313 	10970 	10762
f 11326 	11333 	11331
f 11253 	11311 	11334
f 9173 	9147 	1947
f 11324 	11193 	11328
f 11243 	11331 	11333
f 11319 	11324 	11330
f 12464 	11325 	12462
f 11108 	11331 	2855
f 1947 	1833 	9173
f 11201 	12462 	11325
f 11324 	11328 	11330
f 11175 	11319 	11330
f 11108 	11071 	11331
f 11334 	11321 	11202
f 11331 	11243 	3105
f 11242 	3105 	11243
f 11321 	12450 	12465
f 11193 	11324 	11306
f 11321 	12465 	12463
f 11311 	11321 	11334
f 2118 	11337 	2134
f 11169 	11224 	11422
f 2118 	2046 	11337
f 11416 	11223 	11505
f 8929 	11329 	8928
f 1814 	9816 	11341
f 11331 	11071 	11340
f 11298 	11384 	11346
f 11384 	11348 	11346
f 11345 	10855 	11181
f 11330 	11328 	11345
f 11350 	11345 	11328
f 11062 	10855 	11355
f 11345 	11355 	10855
f 11355 	11064 	11062
f 9173 	11352 	11341
f 11344 	11377 	11374
f 11193 	11350 	11328
f 1833 	1886 	11352
f 11347 	11451 	11354
f 11505 	11223 	11225
f 11193 	11192 	11350
f 11351 	3422 	3413
f 1892 	11356 	11403
f 11350 	11355 	11345
f 11352 	11356 	11341
f 11084 	11093 	11480
f 11352 	1886 	11357
f 11093 	11285 	11480
f 11470 	11492 	11351
f 11352 	11357 	11356
f 3413 	3119 	11351
f 11357 	1845 	11406
f 11341 	11356 	1814
f 11084 	11480 	11124
f 11528 	11332 	11257
f 3847 	11455 	11441
f 11342 	12152 	11359
f 11353 	11344 	11359
f 11133 	11361 	11360
f 11301 	11404 	11400
f 11361 	11363 	11360
f 11016 	11414 	11047
f 11342 	11359 	11372
f 3119 	3085 	11351
f 11344 	11374 	11359
f 11414 	11016 	11064
f 11374 	11372 	11359
f 11358 	11047 	11414
f 11467 	11362 	11367
f 11375 	1892 	11385
f 11431 	11047 	11358
f 11248 	11301 	11207
f 11365 	11363 	11361
f 11322 	11360 	11363
f 11369 	1845 	11398
f 11364 	11464 	11368
f 11363 	11635 	11322
f 11398 	1845 	1858
f 11392 	11355 	11350
f 11392 	11390 	11355
f 11444 	11446 	11370
f 11342 	11371 	11366
f 3122 	11394 	3847
f 11446 	11448 	11370
f 11372 	11371 	11342
f 11370 	11362 	11364
f 11364 	11368 	11370
f 11343 	11376 	11344
f 11455 	3847 	11394
f 11427 	11378 	11217
f 11351 	3423 	3422
f 11217 	11210 	11427
f 2446 	3423 	11351
f 8826 	3164 	11192
f 11367 	11362 	11370
f 11164 	11379 	11165
f 11369 	9857 	11373
f 11449 	11471 	11370
f 11369 	11487 	9857
f 11459 	11476 	11370
f 11372 	11377 	11371
f 11372 	11374 	11377
f 11476 	11477 	11370
f 11381 	11301 	11380
f 8826 	11167 	11379
f 11383 	11380 	11301
f 11376 	11377 	11344
f 11192 	11167 	8826
f 11373 	11375 	11385
f 11386 	11381 	2891
f 11164 	8829 	11379
f 11407 	11399 	11389
f 11387 	11388 	11384
f 11388 	11389 	11384
f 11399 	11441 	11384
f 11235 	8861 	11164
f 11483 	11481 	11384
f 11354 	11459 	11370
f 11381 	11380 	2891
f 11383 	2891 	11380
f 11384 	11394 	11395
f 11395 	11348 	11384
f 11390 	11392 	3226
f 11382 	11389 	11388
f 11396 	11397 	11543
f 10776 	11301 	11246
f 11384 	11389 	11399
f 11301 	10776 	10775
f 415 	11407 	11382
f 11396 	11174 	11397
f 11301 	10775 	11383
f 10798 	11383 	10775
f 11235 	8846 	3183
f 3122 	11395 	11394
f 1871 	11398 	1858
f 11546 	10852 	11397
f 1871 	11369 	11398
f 11401 	11301 	11400
f 11301 	11402 	11404
f 11391 	10861 	10818
f 11392 	11350 	11192
f 11391 	11396 	10861
f 11369 	1871 	11487
f 11347 	11354 	11370
f 11394 	11384 	11455
f 11435 	11440 	11399
f 11401 	11430 	11301
f 11370 	11368 	11347
f 1845 	11357 	1886
f 11347 	11368 	11479
f 11430 	11420 	11301
f 11357 	11403 	11356
f 11381 	11402 	11301
f 11415 	11413 	11399
f 11400 	11404 	11386
f 11401 	11400 	11386
f 11404 	11402 	11386
f 11302 	11305 	11061
f 11288 	11884 	11289
f 11357 	11406 	11403
f 11408 	11399 	11407
f 11415 	11399 	11408
f 11406 	11373 	11403
f 11403 	11373 	11385
f 3240 	10808 	11215
f 11299 	11412 	11296
f 11296 	11412 	11297
f 11403 	11385 	1892
f 11386 	11402 	11381
f 11409 	11410 	11411
f 11289 	11060 	11305
f 11411 	11295 	11409
f 11256 	3240 	8837
f 415 	11408 	11407
f 11338 	11412 	11339
f 12009 	3262 	11412
f 11399 	11413 	11418
f 11422 	11224 	11223
f 11413 	11415 	415
f 11414 	11064 	11390
f 11408 	415 	11415
f 11223 	11416 	11422
f 11422 	11427 	11210
f 11418 	11413 	415
f 11492 	11418 	11485
f 11507 	11182 	11428
f 2562 	9216 	2573
f 8885 	8894 	11431
f 8880 	11431 	3291
f 3291 	11431 	11414
f 11431 	8880 	8885
f 1995 	2571 	9225
f 11425 	11301 	11438
f 11414 	11390 	3226
f 11435 	11469 	11351
f 11409 	11425 	11447
f 11414 	3226 	3291
f 11441 	11399 	11440
f 11455 	11384 	11441
f 11447 	11425 	11438
f 1940 	9265 	11432
f 11447 	11445 	11409
f 11440 	11435 	11351
f 9238 	9225 	2571
f 11445 	11410 	11409
f 11449 	11370 	11448
f 11492 	11470 	11418
f 11295 	11411 	11329
f 11411 	11410 	11329
f 11431 	8894 	11450
f 11433 	11377 	11376
f 11386 	11329 	11410
f 11445 	11386 	11410
f 11351 	3847 	11440
f 11392 	3227 	3226
f 11452 	11451 	11347
f 1940 	11429 	9257
f 3227 	11392 	11192
f 11434 	11453 	11417
f 11347 	11454 	11456
f 9252 	9257 	11429
f 11420 	11430 	11447
f 11386 	11430 	11401
f 11347 	11479 	11454
f 9252 	1971 	11337
f 11452 	11347 	11458
f 11521 	11354 	11451
f 11431 	11358 	11414
f 11337 	1947 	9147
f 2046 	1947 	11337
f 11459 	11354 	11518
f 11447 	11430 	11445
f 11519 	11354 	11521
f 1971 	2134 	11337
f 11192 	3373 	3227
f 2444 	11485 	11484
f 9141 	9265 	1940
f 11458 	11347 	11456
f 2444 	2446 	11485
f 11390 	11064 	11355
f 11453 	11434 	11439
f 11461 	11362 	11460
f 11453 	11439 	11462
f 9276 	9946 	2267
f 11463 	11464 	11364
f 11462 	11652 	11453
f 11468 	11368 	11464
f 11362 	11461 	11364
f 11463 	11364 	11461
f 9767 	9281 	2267
f 11485 	2446 	11351
f 11467 	11460 	11362
f 11422 	11210 	11169
f 11469 	11435 	11399
f 11399 	11470 	11469
f 11367 	11471 	11467
f 9767 	2267 	9946
f 11370 	11472 	11473
f 11370 	11477 	11472
f 11470 	11351 	11469
f 11474 	2237 	9281
f 11444 	11370 	11473
f 2236 	9281 	2237
f 11367 	11370 	11471
f 11388 	11387 	11382
f 498 	497 	11382
f 11505 	11225 	11322
f 2236 	2267 	9281
f 11468 	11479 	11368
f 11285 	11281 	11480
f 11478 	11466 	11475
f 11474 	2288 	2237
f 11481 	11482 	11384
f 11447 	11438 	11420
f 11421 	11419 	11061
f 11303 	11061 	11419
f 3797 	3802 	11384
f 11281 	11405 	11480
f 11386 	11445 	11430
f 11426 	11061 	11423
f 11424 	11423 	11061
f 11426 	11421 	11061
f 11483 	3802 	11382
f 8928 	11329 	11386
f 11412 	11472 	12009
f 3546 	12009 	11476
f 11482 	11481 	11382
f 11483 	11382 	11481
f 11434 	11728 	11439
f 11475 	11466 	11465
f 1995 	9276 	2267
f 11476 	11459 	3546
f 11482 	11387 	11384
f 11382 	11387 	11482
f 11373 	9857 	11375
f 11409 	11295 	11613
f 11613 	11295 	11612
f 11473 	11412 	11444
f 11444 	11412 	11446
f 11433 	11371 	11377
f 11262 	11484 	415
f 11446 	11412 	11448
f 11338 	11449 	11412
f 11480 	11349 	11124
f 11448 	11412 	11449
f 1892 	11375 	9864
f 11454 	11479 	11451
f 11452 	11454 	11451
f 11458 	11456 	11452
f 11454 	11452 	11456
f 10340 	1892 	9864
f 11437 	8479 	11457
f 1814 	1911 	10305
f 11486 	11433 	11343
f 11376 	11343 	11433
f 415 	11485 	11418
f 11518 	11519 	3546
f 9864 	11375 	9857
f 11486 	11434 	11417
f 11442 	11468 	11338
f 11460 	11338 	11461
f 11457 	8479 	11443
f 9848 	9857 	11487
f 11451 	11468 	11443
f 11461 	11338 	11463
f 11464 	11463 	11338
f 11442 	11443 	11468
f 11386 	2891 	8928
f 11399 	11418 	11470
f 2891 	8929 	8928
f 11460 	11467 	11471
f 11460 	11471 	11338
f 11449 	11338 	11471
f 11464 	11338 	11468
f 11487 	1871 	9848
f 9848 	1871 	2288
f 3240 	11215 	11489
f 11472 	11412 	11473
f 11476 	12009 	11477
f 11485 	11351 	11492
f 10992 	11211 	11490
f 11468 	11451 	11479
f 11490 	11044 	11043
f 11215 	11491 	11489
f 11371 	11433 	11499
f 11273 	11269 	11821
f 11327 	11332 	11488
f 11332 	11528 	11488
f 11497 	11490 	11496
f 11490 	11497 	11511
f 10797 	10790 	10553
f 11486 	11499 	11433
f 11494 	11493 	11685
f 11258 	10554 	11266
f 11263 	11259 	11282
f 11258 	11266 	11259
f 11409 	11613 	11425
f 11282 	11267 	11263
f 11821 	11277 	11273
f 11282 	11259 	11266
f 11280 	11267 	11282
f 11282 	11284 	11280
f 11284 	11282 	11286
f 11366 	11371 	11499
f 10797 	10553 	11258
f 11486 	11417 	11499
f 11504 	11490 	11510
f 11510 	11490 	11511
f 11513 	11509 	11508
f 11215 	11478 	11491
f 11516 	11509 	11513
f 11215 	11530 	11478
f 11513 	11517 	11516
f 11511 	11639 	11510
f 11602 	11505 	11502
f 11519 	11518 	11354
f 11301 	11490 	11211
f 11211 	11213 	11301
f 11061 	11506 	11424
f 11301 	11496 	11490
f 11635 	11503 	11505
f 8367 	8479 	11515
f 11512 	8479 	11514
f 11436 	11514 	8479
f 11425 	11496 	11301
f 11602 	11416 	11505
f 11459 	11518 	3546
f 11472 	11477 	12009
f 11634 	11497 	11633
f 11520 	11047 	11523
f 11505 	11322 	11635
f 11431 	11523 	11047
f 11513 	11508 	11526
f 3554 	3546 	11519
f 11513 	11526 	11525
f 11527 	11513 	11525
f 11519 	11521 	3555
f 11497 	11634 	11511
f 11437 	11436 	8479
f 3557 	3555 	8479
f 7698 	7696 	11524
f 11524 	7695 	11517
f 11524 	11517 	11513
f 11504 	11510 	11639
f 11500 	12245 	11501
f 11443 	8479 	11521
f 11451 	11443 	11521
f 11528 	11531 	11644
f 11524 	7672 	7698
f 11521 	8479 	3555
f 11529 	10808 	11109
f 7708 	9359 	7709
f 11316 	11182 	11183
f 11096 	11090 	11529
f 7647 	7651 	10863
f 11538 	7652 	7645
f 11529 	11090 	11535
f 11061 	11649 	11506
f 11540 	7654 	7652
f 11500 	11501 	11537
f 11466 	11478 	11523
f 276 	11630 	11601
f 7644 	7647 	10863
f 7672 	11538 	7645
f 11530 	11523 	11478
f 11734 	10231 	11732
f 11529 	11535 	11534
f 10902 	10913 	7715
f 11520 	11529 	11534
f 11540 	453 	12035
f 11088 	11085 	11771
f 11523 	11530 	11529
f 11523 	11529 	11520
f 11529 	11109 	11096
f 11522 	11534 	11535
f 11528 	11539 	11531
f 11542 	11543 	11544
f 11396 	11543 	11542
f 11822 	11543 	11542
f 8894 	11465 	11466
f 11540 	7652 	11538
f 11555 	8894 	11466
f 11397 	11545 	11546
f 11397 	11546 	11543
f 11544 	11543 	11547
f 11085 	11770 	11771
f 11543 	11546 	11548
f 11543 	11548 	11547
f 11397 	11396 	11542
f 11544 	11546 	11542
f 11397 	11542 	11546
f 11397 	11546 	11545
f 11549 	11475 	8895
f 11544 	11822 	11542
f 11475 	11549 	11478
f 11546 	11544 	11548
f 11546 	11545 	11548
f 11545 	11397 	11548
f 3594 	11549 	8895
f 11174 	11548 	11397
f 11547 	11548 	11174
f 11548 	11544 	11547
f 11822 	11544 	11547
f 11491 	11478 	11549
f 9869 	11578 	11579
f 12056 	11576 	7723
f 11551 	11550 	7723
f 11475 	11465 	8895
f 11554 	11088 	11553
f 11543 	11552 	11542
f 11489 	11549 	3594
f 11489 	11491 	11549
f 11550 	7730 	7723
f 11560 	11561 	11098
f 7726 	7723 	7730
f 11489 	3594 	3240
f 11555 	11450 	8894
f 11595 	11563 	11562
f 11396 	11397 	10852
f 11466 	11523 	11431
f 11565 	11524 	11513
f 11545 	11546 	11397
f 11466 	11450 	11555
f 7672 	11524 	11565
f 11450 	11466 	11431
f 11560 	11098 	11568
f 11513 	11527 	11563
f 11567 	407 	531
f 9880 	11661 	11662
f 11552 	10854 	11566
f 2916 	2912 	345
f 11565 	11538 	7672
f 443 	11540 	11565
f 11570 	407 	11567
f 11570 	413 	407
f 443 	11565 	444
f 11629 	444 	11565
f 11566 	11583 	11552
f 11570 	11569 	391
f 11629 	11565 	11627
f 11575 	11204 	11574
f 11552 	11583 	11542
f 11544 	11542 	11583
f 531 	10439 	11567
f 11098 	11575 	11568
f 11565 	11540 	11538
f 345 	10121 	2916
f 11567 	10284 	11570
f 11573 	11229 	11577
f 11569 	11570 	10280
f 11570 	10284 	10280
f 9869 	11579 	11580
f 9869 	11580 	11659
f 11584 	10102 	10176
f 9063 	11584 	10176
f 11123 	11588 	11228
f 11585 	11228 	11588
f 11366 	11589 	11631
f 11593 	11228 	11590
f 11585 	11590 	11228
f 10145 	10149 	10979
f 11583 	11393 	10849
f 11592 	11572 	11228
f 11228 	11572 	11229
f 10979 	10149 	10978
f 10852 	11546 	11583
f 10007 	8938 	2868
f 10849 	10852 	11583
f 10141 	10983 	10138
f 11674 	9884 	11662
f 11547 	11544 	11583
f 10979 	11016 	10141
f 11499 	11417 	11836
f 10979 	10141 	10145
f 11836 	11366 	11499
f 9063 	10996 	11584
f 10978 	10149 	11584
f 680 	2715 	11596
f 10121 	10007 	2868
f 11507 	11533 	11182
f 2827 	11596 	2758
f 11594 	11536 	11500
f 11496 	11425 	11616
f 11594 	11500 	11725
f 11708 	11247 	11702
f 688 	10556 	11596
f 11687 	11247 	11182
f 2746 	2758 	11596
f 2715 	2746 	11596
f 11706 	11660 	11123
f 11378 	11427 	11628
f 10041 	11329 	8929
f 11513 	11595 	11565
f 11579 	11578 	11599
f 11547 	11583 	11548
f 11548 	11583 	11546
f 10022 	11599 	11553
f 567 	11597 	11600
f 11554 	11553 	11599
f 11556 	11554 	11599
f 11568 	11060 	11560
f 11562 	11603 	11595
f 11607 	11595 	11603
f 11616 	11425 	11613
f 11630 	11646 	11496
f 11513 	11563 	11595
f 11568 	11575 	11060
f 11060 	11575 	11061
f 11329 	11610 	11295
f 11557 	11556 	11599
f 11578 	11557 	11599
f 11547 	11174 	11822
f 11608 	11607 	11606
f 11651 	139 	11609
f 11593 	11590 	11591
f 11592 	11591 	11590
f 250 	242 	11607
f 10041 	11601 	11329
f 10205 	11730 	11739
f 11610 	11611 	11612
f 11582 	11581 	248
f 11582 	248 	245
f 11281 	11803 	11405
f 11611 	11613 	11612
f 11651 	11609 	804
f 11616 	11630 	11496
f 10232 	11735 	11732
f 804 	11609 	828
f 11085 	11734 	11736
f 403 	3685 	3710
f 11329 	11613 	11610
f 11329 	11601 	11613
f 11623 	11427 	11422
f 11565 	11625 	11626
f 11611 	11610 	11613
f 834 	3672 	3698
f 3685 	403 	834
f 11422 	11602 	11623
f 11565 	11626 	11627
f 11601 	11616 	11613
f 11427 	11906 	11831
f 123 	688 	11596
f 128 	688 	123
f 11427 	11831 	11628
f 123 	11596 	2827
f 11646 	11632 	11496
f 11633 	11496 	11632
f 11098 	11774 	11074
f 11496 	11633 	11497
f 11074 	11743 	11753
f 11639 	11511 	11634
f 11618 	444 	11619
f 11906 	11427 	11623
f 11616 	11601 	11630
f 11621 	11620 	444
f 11602 	11422 	11416
f 11620 	11619 	444
f 11504 	11637 	11636
f 11503 	11644 	11505
f 11637 	11504 	11639
f 11626 	11621 	11627
f 11625 	11621 	11626
f 11629 	11627 	11621
f 11629 	11621 	444
f 11503 	11528 	11644
f 9931 	10008 	11599
f 11505 	11644 	11502
f 11580 	11579 	11599
f 11580 	11599 	10008
f 442 	11624 	11625
f 11636 	11637 	277
f 11639 	11634 	277
f 11634 	11633 	277
f 11632 	277 	11633
f 11574 	11573 	11061
f 11621 	11625 	11622
f 11624 	11622 	11625
f 11581 	11624 	442
f 11573 	11577 	11061
f 11615 	11991 	11643
f 11614 	11615 	11643
f 11639 	277 	11637
f 11617 	11614 	11643
f 11592 	11585 	11572
f 11588 	11572 	11585
f 12012 	7997 	12005
f 11590 	11585 	11592
f 11648 	11229 	11647
f 11229 	11645 	11647
f 11229 	11648 	11649
f 11631 	11847 	11642
f 11630 	276 	11646
f 11559 	11638 	11598
f 128 	123 	168
f 11646 	276 	11632
f 277 	11632 	276
f 448 	449 	11643
f 11644 	11641 	11640
f 11642 	12361 	11631
f 11617 	11643 	11618
f 11597 	688 	128
f 11612 	11295 	11610
f 122 	11597 	128
f 12008 	7956 	12011
f 8333 	11991 	7997
f 11644 	11640 	11502
f 11651 	804 	122
f 496 	4019 	494
f 2919 	2916 	10121
f 2919 	10121 	2917
f 122 	139 	11651
f 11654 	3928 	11653
f 11644 	11531 	11641
f 2868 	2917 	10121
f 434 	494 	11664
f 3928 	11664 	494
f 11539 	11641 	11531
f 3928 	494 	4019
f 3792 	4019 	11382
f 11671 	11191 	11659
f 11453 	11652 	11417
f 11123 	11660 	11588
f 3666 	11657 	11793
f 11658 	11654 	11653
f 11654 	11664 	3928
f 11670 	11668 	11669
f 11671 	11673 	11191
f 216 	434 	11658
f 11669 	11672 	11670
f 11833 	11670 	11669
f 11664 	11658 	434
f 11668 	11672 	11669
f 11664 	11654 	11658
f 11668 	11934 	11669
f 619 	11600 	122
f 1051 	11676 	11665
f 11363 	11365 	11635
f 11600 	11597 	122
f 128 	11680 	122
f 11697 	11698 	3963
f 139 	122 	159
f 11669 	11495 	11668
f 11670 	11495 	11669
f 11668 	11495 	11677
f 11679 	11635 	11365
f 11683 	11697 	3963
f 3935 	11738 	11682
f 11528 	11503 	11679
f 11698 	11701 	3928
f 11679 	11503 	11635
f 11653 	3928 	11684
f 11710 	11656 	11667
f 11653 	11684 	11658
f 11719 	11658 	11684
f 11676 	11678 	11665
f 122 	11680 	159
f 11672 	11668 	11677
f 11681 	11678 	11676
f 11679 	11365 	11488
f 11677 	11685 	11672
f 11528 	11679 	11488
f 11833 	11669 	11934
f 11488 	11365 	11327
f 3963 	3934 	11683
f 3934 	3935 	11682
f 11687 	11182 	11688
f 11689 	11688 	11182
f 11692 	11689 	11182
f 11676 	11714 	11713
f 3928 	3963 	11698
f 11716 	11676 	11717
f 11700 	11699 	11247
f 11702 	11247 	11699
f 11640 	11641 	11703
f 11723 	11722 	11676
f 11719 	11698 	11697
f 11494 	11685 	11677
f 11716 	11723 	11676
f 11704 	11700 	11247
f 11703 	11694 	11693
f 11719 	11701 	11698
f 11701 	11684 	3928
f 11677 	11495 	11494
f 11640 	11703 	11693
f 11703 	11767 	11694
f 11247 	11687 	11704
f 11703 	11641 	11767
f 11684 	11701 	11719
f 11123 	11122 	11706
f 1058 	10202 	11709
f 11709 	11111 	11490
f 11316 	11315 	11182
f 11428 	11182 	11314
f 11692 	11182 	11533
f 11602 	11502 	11711
f 11672 	11685 	11690
f 11490 	11721 	11709
f 11722 	11723 	11709
f 11712 	11713 	11709
f 11667 	11775 	11710
f 11750 	11710 	11705
f 11691 	11541 	11820
f 9714 	9715 	10073
f 11709 	11713 	11714
f 11714 	11727 	11709
f 11712 	11676 	11713
f 11696 	11695 	11652
f 11691 	11820 	11724
f 11541 	11604 	11820
f 11708 	11702 	11648
f 11675 	11532 	11702
f 11649 	11061 	11655
f 11717 	11709 	11716
f 11712 	11709 	11717
f 11712 	11717 	11676
f 10073 	9715 	11674
f 11662 	11661 	10073
f 10073 	11661 	11663
f 11663 	11666 	10073
f 10073 	11666 	11673
f 11722 	11709 	11721
f 11716 	11709 	11723
f 11662 	10073 	11674
f 11660 	11706 	11648
f 11721 	11763 	11722
f 11532 	11506 	11648
f 11649 	11648 	11506
f 11648 	11647 	11660
f 11699 	11675 	11702
f 11648 	11702 	11532
f 11417 	11652 	11720
f 11708 	11648 	11707
f 11707 	11648 	11706
f 10854 	12286 	12303
f 1076 	1058 	11727
f 11647 	11645 	11660
f 11676 	11727 	11714
f 11577 	11655 	11061
f 11668 	11672 	11934
f 11746 	309 	11747
f 11671 	10049 	11673
f 11745 	333 	11746
f 309 	11746 	333
f 11715 	3935 	3934
f 11580 	10047 	11659
f 11695 	11439 	11728
f 11762 	11681 	11761
f 11645 	11572 	11660
f 11588 	11660 	11572
f 11719 	11756 	4021
f 11671 	11659 	10049
f 11490 	11504 	11721
f 11934 	11672 	11690
f 10148 	11729 	10457
f 10148 	10205 	11729
f 11480 	11896 	11349
f 11719 	11697 	11756
f 11636 	11773 	11721
f 11676 	11722 	11761
f 11439 	11695 	11696
f 11721 	11504 	11636
f 11439 	11696 	11462
f 11696 	11652 	11462
f 11788 	11760 	11719
f 11736 	11737 	11085
f 11728 	11652 	11695
f 11725 	11500 	11927
f 3934 	3963 	11715
f 11405 	11803 	11733
f 11537 	11927 	11500
f 277 	11763 	11773
f 10232 	10580 	11735
f 11652 	11728 	11720
f 11754 	11480 	11733
f 11594 	11726 	11764
f 11678 	11741 	11665
f 11682 	11740 	11683
f 11480 	11405 	11733
f 11927 	11537 	11495
f 11088 	11771 	11553
f 11738 	11748 	11686
f 11743 	11074 	11744
f 11745 	11746 	11681
f 11746 	11747 	11681
f 11742 	11681 	11747
f 11715 	11738 	3935
f 1375 	11667 	11656
f 11681 	11742 	11678
f 11741 	11678 	11742
f 11774 	11098 	11564
f 11759 	11745 	11681
f 11715 	11748 	11738
f 11686 	11748 	11715
f 11747 	408 	11742
f 3963 	11740 	11715
f 1536 	11705 	11775
f 11742 	408 	11741
f 11710 	11750 	11656
f 11740 	11682 	11715
f 11686 	11715 	11682
f 11281 	11186 	11803
f 10583 	8229 	10580
f 11740 	11756 	11683
f 11697 	11683 	11756
f 408 	11747 	309
f 10457 	11729 	10931
f 1536 	11750 	11705
f 11060 	10931 	11731
f 11730 	11731 	10931
f 11759 	11681 	11758
f 11732 	11735 	8229
f 10580 	8229 	11735
f 11803 	11186 	10813
f 11781 	11769 	11681
f 11736 	11734 	8229
f 11737 	11736 	8229
f 11676 	11761 	11681
f 11762 	11772 	11681
f 11734 	11732 	8229
f 11854 	1536 	11757
f 10931 	11729 	11739
f 11730 	10931 	11739
f 12057 	11693 	11694
f 11758 	11762 	11759
f 11594 	11780 	11726
f 11761 	11759 	11762
f 333 	11759 	11761
f 11751 	11753 	11060
f 11753 	11743 	11060
f 11731 	11752 	11060
f 333 	11761 	11763
f 11743 	11744 	11060
f 11605 	12505 	11749
f 11758 	11681 	11769
f 11641 	12071 	11767
f 11770 	11085 	11737
f 1712 	1573 	11854
f 11781 	11681 	11772
f 11761 	11722 	11763
f 11773 	11763 	11721
f 11769 	11772 	11758
f 11744 	11074 	11774
f 11758 	11772 	11762
f 11771 	11770 	10022
f 11764 	11598 	11638
f 11754 	11896 	11480
f 11770 	11737 	8229
f 11759 	333 	11745
f 10022 	11553 	11771
f 353 	2956 	2973
f 11766 	11765 	12155
f 11744 	11774 	11060
f 11766 	12155 	11768
f 11724 	11942 	11945
f 324 	353 	2973
f 11564 	11060 	11774
f 11778 	11777 	12155
f 11640 	11693 	11902
f 11775 	11757 	1536
f 12155 	11777 	11779
f 11854 	1573 	1536
f 2973 	372 	324
f 11776 	11780 	11725
f 11757 	11720 	11728
f 11769 	11781 	11772
f 12071 	11641 	11932
f 11782 	11783 	4058
f 11782 	4058 	11784
f 11773 	11636 	277
f 1112 	11793 	11786
f 4058 	11823 	11784
f 1051 	11665 	375
f 384 	11808 	11790
f 10850 	11858 	10858
f 11858 	11552 	11853
f 10850 	11552 	11858
f 11786 	11790 	11789
f 11786 	11789 	11802
f 11775 	11705 	11710
f 11787 	11757 	11775
f 11787 	11775 	11718
f 11594 	11725 	11780
f 11775 	11667 	11718
f 11378 	11822 	11174
f 11794 	11795 	11792
f 11950 	11724 	11804
f 11718 	1590 	11787
f 11805 	11986 	11749
f 12182 	12202 	11796
f 11802 	11808 	384
f 11757 	11787 	11720
f 384 	11786 	11802
f 11842 	11807 	11806
f 11796 	12202 	11797
f 11797 	12202 	11801
f 375 	11665 	11741
f 11800 	11794 	11806
f 10813 	11393 	11803
f 11809 	11789 	11808
f 11393 	11583 	11803
f 11795 	11794 	11798
f 11789 	11809 	11802
f 11799 	11797 	11801
f 11798 	11794 	11800
f 11724 	11604 	11804
f 11583 	11566 	11803
f 408 	375 	11741
f 11808 	11802 	11809
f 11794 	11792 	11821
f 2973 	2979 	372
f 11791 	11811 	11821
f 2979 	3675 	372
f 11378 	11628 	11822
f 11789 	11790 	11808
f 11964 	11805 	11650
f 11792 	11791 	11821
f 11811 	11816 	11821
f 11801 	11866 	11817
f 11819 	11821 	11816
f 11823 	4052 	3917
f 11552 	11543 	11822
f 11277 	11821 	11819
f 11605 	11749 	11604
f 11785 	11784 	11823
f 11822 	11853 	11552
f 11749 	11804 	11604
f 11812 	648 	11498
f 11824 	11007 	10518
f 11810 	11785 	11823
f 11724 	11820 	11604
f 11277 	11819 	11818
f 11826 	11277 	11818
f 11824 	11269 	11825
f 11274 	11825 	11269
f 11805 	11749 	11650
f 11905 	11864 	11885
f 11719 	4036 	11788
f 11277 	11826 	11829
f 11274 	11828 	11827
f 11274 	11827 	11825
f 11628 	11868 	11822
f 11832 	11277 	11829
f 12504 	11650 	11749
f 11828 	11274 	11832
f 11277 	11832 	11274
f 3931 	11823 	3932
f 10447 	11265 	11885
f 11836 	11417 	11720
f 4055 	11834 	4182
f 11868 	11628 	11831
f 4159 	11834 	11823
f 3917 	4159 	11823
f 11835 	11930 	11833
f 11848 	11838 	11837
f 11589 	11836 	11838
f 11840 	9754 	9727
f 11836 	11589 	11366
f 11720 	11787 	11836
f 10429 	10447 	11840
f 10412 	10429 	11840
f 11803 	11845 	11733
f 11589 	11838 	11848
f 11848 	11631 	11589
f 11788 	12202 	11760
f 11845 	11803 	12331
f 11642 	11872 	11849
f 11848 	11847 	11631
f 12331 	11733 	11845
f 11566 	10854 	12303
f 11642 	11847 	11872
f 11835 	11852 	11850
f 11851 	10860 	9754
f 11847 	11848 	11837
f 12303 	11803 	11566
f 11498 	648 	11830
f 1733 	648 	11812
f 650 	11854 	11830
f 11858 	12285 	10858
f 648 	650 	11830
f 11853 	11859 	11858
f 11861 	11891 	11852
f 11864 	11184 	11851
f 11854 	11486 	12214
f 352 	11863 	11996
f 11897 	11850 	11852
f 11854 	11757 	11728
f 11905 	11184 	11864
f 11862 	11996 	11863
f 11854 	11728 	11434
f 11864 	11851 	9754
f 11854 	11434 	11486
f 12214 	11830 	11854
f 11861 	11833 	11846
f 11863 	352 	11860
f 205 	11860 	352
f 11835 	11833 	11861
f 11861 	11852 	11835
f 236 	11658 	12155
f 11837 	1567 	11847
f 11864 	11840 	10447
f 11822 	12300 	11853
f 11840 	11864 	9754
f 11780 	11776 	11865
f 11586 	236 	11587
f 246 	236 	11586
f 11587 	236 	11765
f 11866 	11856 	11855
f 11918 	741 	11867
f 11843 	11841 	11842
f 11807 	11842 	11839
f 11866 	11857 	11856
f 11839 	11842 	11841
f 11870 	12002 	11899
f 11987 	11865 	11915
f 11726 	11780 	11865
f 11869 	12002 	11870
f 11865 	11987 	12010
f 11865 	12010 	11755
f 11869 	11874 	12002
f 1617 	11921 	11923
f 10200 	535 	12277
f 11865 	11764 	11726
f 11869 	11873 	11874
f 11915 	11865 	11913
f 11874 	11876 	11875
f 11842 	11806 	11794
f 11865 	11755 	11558
f 11865 	11558 	11598
f 11877 	11876 	11874
f 11878 	11877 	11874
f 10534 	11231 	11907
f 11867 	11849 	11872
f 11884 	11288 	11883
f 11884 	11883 	11882
f 227 	11874 	11881
f 11875 	11881 	11874
f 11847 	1628 	11872
f 11881 	11886 	227
f 1567 	1628 	11847
f 11776 	11887 	11888
f 11884 	11882 	11890
f 11886 	232 	227
f 10447 	11885 	11864
f 11265 	11889 	11885
f 11882 	11871 	11890
f 11871 	11841 	11890
f 11891 	11844 	11879
f 11891 	11846 	11844
f 11873 	11878 	11874
f 11891 	11861 	11846
f 11843 	11890 	11841
f 4099 	11892 	4110
f 11880 	11891 	11879
f 4099 	4052 	11892
f 11257 	11349 	11896
f 11889 	10200 	11901
f 11867 	1617 	11918
f 11896 	11528 	11257
f 11891 	11887 	11897
f 11288 	11895 	11883
f 493 	4110 	11892
f 11896 	11539 	11528
f 11892 	4052 	4058
f 11932 	11539 	11896
f 11889 	10202 	10200
f 11979 	11896 	11754
f 11887 	11850 	11897
f 11885 	11889 	11901
f 11996 	11900 	12002
f 11891 	11888 	11887
f 11899 	12002 	11900
f 11641 	11539 	11932
f 11895 	11288 	11893
f 11894 	11893 	11289
f 11898 	11888 	11891
f 11288 	11289 	11893
f 12280 	11907 	11901
f 11862 	11900 	11996
f 11292 	11894 	11289
f 11903 	11892 	4058
f 11852 	11891 	11897
f 11891 	11865 	11898
f 4058 	11783 	11903
f 11888 	11898 	11865
f 11776 	11888 	11865
f 4091 	515 	11866
f 11231 	11190 	11905
f 11904 	11711 	11946
f 11904 	11602 	11711
f 11904 	11906 	11623
f 11623 	11602 	11904
f 11905 	11907 	11231
f 11919 	741 	11918
f 11866 	515 	493
f 741 	11919 	11923
f 12298 	12297 	11907
f 11909 	11910 	11891
f 11903 	11908 	11892
f 11911 	11909 	11891
f 11908 	11912 	11892
f 11905 	11885 	11901
f 11911 	11891 	11880
f 11907 	11905 	11901
f 11865 	11891 	11913
f 11060 	11289 	11884
f 11913 	11891 	11915
f 11711 	11502 	11946
f 11914 	11857 	11866
f 11891 	11910 	11915
f 11060 	11884 	11890
f 11866 	493 	11916
f 11061 	11305 	11060
f 11303 	11302 	11061
f 11866 	11916 	11914
f 542 	549 	10202
f 11892 	11916 	493
f 11919 	11918 	1617
f 11912 	11916 	11892
f 11921 	1617 	731
f 11060 	11794 	11268
f 11821 	11269 	11794
f 11268 	11794 	11269
f 11866 	4036 	4091
f 11921 	731 	741
f 3684 	3683 	3284
f 11919 	1617 	11923
f 11921 	741 	11923
f 4036 	11866 	11788
f 11794 	11060 	11842
f 11843 	11842 	11060
f 11927 	11776 	11725
f 11843 	11060 	11890
f 11922 	12157 	11924
f 11926 	12157 	11922
f 2967 	11924 	12157
f 11656 	1374 	1375
f 11855 	11929 	11866
f 12157 	11926 	11925
f 11750 	1374 	11656
f 11850 	11927 	11835
f 11561 	11560 	11060
f 11574 	11061 	11575
f 11564 	11561 	11060
f 11924 	2967 	11928
f 3590 	11928 	2967
f 11670 	11930 	11668
f 11752 	11751 	11060
f 11670 	11672 	11930
f 11670 	11833 	11930
f 11814 	11813 	11866
f 1536 	1356 	11750
f 10518 	11060 	11268
f 11930 	11495 	11670
f 11060 	10518 	10931
f 11750 	1356 	1374
f 11813 	11817 	11866
f 1444 	1590 	11718
f 11929 	11815 	11866
f 11667 	1444 	11718
f 11814 	11866 	11815
f 3728 	11931 	1130
f 1444 	11667 	1375
f 11838 	1590 	11837
f 11931 	1128 	1164
f 1617 	11867 	11872
f 11872 	1628 	1617
f 11927 	11495 	11930
f 11927 	11930 	11835
f 11657 	3008 	12157
f 11930 	11672 	11668
f 11933 	6599 	6604
f 11836 	11787 	1590
f 6604 	2093 	11933
f 11836 	1590 	11838
f 11691 	11724 	11945
f 12002 	11936 	11935
f 1567 	11837 	1590
f 11934 	11690 	11691
f 1037 	11937 	1133
f 227 	11935 	11936
f 11939 	11938 	11940
f 3618 	1112 	3619
f 1111 	3619 	1112
f 11941 	11938 	11939
f 11938 	11941 	11940
f 11945 	11942 	11691
f 3619 	1111 	11943
f 11933 	3268 	11944
f 11880 	11942 	11724
f 11940 	11941 	11939
f 11981 	11941 	11939
f 11939 	11940 	11981
f 11786 	11793 	1133
f 11844 	11846 	11942
f 11833 	11942 	11846
f 11935 	11936 	11998
f 11998 	11936 	11949
f 11880 	11879 	11942
f 11790 	11937 	1030
f 1133 	11937 	11786
f 11936 	12002 	11949
f 11790 	11786 	11937
f 11942 	11879 	11844
f 11949 	11936 	4102
f 11927 	11850 	11887
f 3618 	11793 	1112
f 11927 	11887 	11776
f 11956 	11904 	11946
f 512 	372 	11943
f 11936 	11949 	227
f 372 	3675 	11943
f 12152 	12153 	11939
f 11940 	11939 	12153
f 11880 	11724 	11950
f 11950 	11911 	11880
f 11640 	11902 	11946
f 11804 	11749 	11950
f 11917 	11946 	11902
f 1138 	11931 	3733
f 11941 	12152 	11939
f 11949 	11951 	11998
f 11949 	12002 	11951
f 3700 	3738 	3701
f 11950 	11986 	11911
f 11949 	4102 	11951
f 11951 	227 	11949
f 11950 	11749 	11986
f 11946 	11502 	11640
f 4102 	11996 	11999
f 11952 	11955 	11953
f 11946 	11961 	11956
f 3728 	1130 	11954
f 11962 	11961 	11946
f 1130 	12110 	11954
f 11956 	229 	1376
f 11956 	1376 	11904
f 11953 	12046 	12034
f 387 	352 	11996
f 11764 	11865 	11598
f 11962 	12003 	11961
f 11833 	11934 	11942
f 11934 	11691 	11942
f 6893 	6925 	11963
f 6925 	9701 	11963
f 11946 	11917 	11962
f 566 	4290 	11965
f 12006 	12003 	11962
f 11917 	12006 	11962
f 11959 	11960 	11938
f 11980 	11896 	11979
f 11965 	4290 	4102
f 11558 	11755 	11976
f 11998 	11965 	11935
f 11754 	11733 	11979
f 11998 	12002 	11965
f 11965 	12002 	11935
f 11959 	11953 	11955
f 11965 	4102 	11935
f 11955 	11960 	11959
f 11973 	11963 	9713
f 11936 	11935 	4102
f 11964 	11558 	11976
f 11973 	9713 	12278
f 11935 	227 	11965
f 11955 	11981 	11960
f 11932 	11896 	11980
f 11969 	11966 	3287
f 11966 	11968 	3287
f 11971 	11969 	3287
f 3286 	3287 	11968
f 11571 	11964 	11970
f 11571 	11558 	11964
f 11975 	3284 	11967
f 11920 	3684 	3284
f 11955 	11952 	11981
f 11974 	3284 	11977
f 11979 	12335 	11980
f 11952 	11957 	11981
f 9701 	9713 	11963
f 387 	11996 	4102
f 11979 	11733 	12336
f 387 	4102 	2711
f 11982 	12157 	11925
f 11915 	11910 	11987
f 11983 	11984 	12157
f 11982 	11983 	12157
f 11985 	12157 	11984
f 11988 	11987 	11910
f 11986 	11988 	11910
f 12014 	11988 	11995
f 11953 	12034 	12029
f 11995 	11988 	11986
f 11909 	11986 	11910
f 11911 	11986 	11909
f 207 	352 	216
f 216 	352 	435
f 11952 	11992 	11957
f 11989 	11997 	1253
f 11953 	11992 	11952
f 11999 	11998 	11951
f 11986 	11805 	11995
f 11994 	11990 	12006
f 11951 	12002 	11999
f 11999 	11951 	4102
f 11995 	11805 	11964
f 6830 	12000 	6780
f 12002 	11998 	11996
f 12000 	7553 	6780
f 11999 	12002 	11998
f 12015 	7970 	12007
f 11998 	11999 	11996
f 12006 	11917 	11994
f 12019 	7997 	12012
f 12000 	11997 	11989
f 12018 	11993 	11992
f 219 	566 	11965
f 12020 	11990 	11994
f 11987 	11988 	12010
f 566 	219 	12088
f 12010 	11988 	12014
f 12088 	12087 	566
f 12010 	11976 	11755
f 11993 	12018 	11958
f 11999 	227 	11951
f 11999 	11998 	227
f 11874 	227 	11998
f 12014 	11976 	12010
f 12014 	11995 	11964
f 12014 	11964 	11976
f 11992 	12101 	12017
f 11932 	11980 	12020
f 12002 	11874 	11998
f 8643 	9846 	8645
f 11992 	12001 	12013
f 11932 	12020 	11994
f 12018 	11992 	12017
f 11992 	12004 	12001
f 11980 	11990 	12020
f 9846 	9847 	8648
f 12029 	12004 	11992
f 6239 	8648 	9847
f 12000 	6831 	6893
f 6830 	6831 	12000
f 12030 	12021 	12022
f 12022 	12021 	12023
f 11953 	12029 	11992
f 11957 	11992 	11958
f 442 	11625 	11565
f 12000 	12045 	7553
f 12033 	12021 	12030
f 11993 	11958 	11992
f 11947 	11997 	6649
f 11997 	6896 	6649
f 449 	448 	12035
f 10863 	12035 	448
f 12003 	12006 	12032
f 12006 	11990 	12032
f 12035 	10863 	7654
f 6896 	11997 	6894
f 12063 	12029 	12034
f 12037 	11230 	11018
f 138 	7715 	10917
f 10916 	7715 	10914
f 6893 	11963 	12000
f 11018 	11026 	12037
f 454 	12035 	453
f 12115 	11958 	12018
f 11035 	11232 	12036
f 11997 	12000 	11963
f 11989 	1253 	429
f 12045 	11989 	426
f 12037 	11026 	12039
f 12036 	12039 	11035
f 12000 	11989 	12045
f 11973 	6894 	11997
f 12040 	12050 	12044
f 11963 	11973 	11997
f 11940 	11938 	11960
f 12037 	12433 	11230
f 426 	475 	12045
f 11940 	11960 	11981
f 10916 	10917 	7715
f 189 	12037 	12039
f 12034 	12046 	12063
f 12035 	7654 	11540
f 11959 	12048 	11953
f 12039 	191 	189
f 12036 	191 	12039
f 12045 	7502 	7553
f 12047 	12021 	12033
f 11953 	12048 	12046
f 189 	12488 	12037
f 11938 	12048 	11959
f 7502 	12045 	7501
f 12045 	7520 	7501
f 12052 	12091 	12044
f 12047 	12051 	12021
f 11767 	12057 	11694
f 11551 	7723 	11576
f 12044 	12050 	12052
f 12056 	12053 	11576
f 11693 	12057 	12058
f 12051 	3936 	12021
f 3749 	12021 	3936
f 11954 	12110 	12021
f 12054 	451 	12055
f 12072 	11957 	11958
f 12025 	12135 	12157
f 12026 	12025 	12157
f 12055 	465 	1868
f 11981 	11957 	12072
f 451 	465 	12055
f 12060 	12053 	12056
f 11941 	11981 	12072
f 12031 	12049 	12043
f 12106 	12061 	12059
f 7602 	12054 	12055
f 12027 	12026 	12157
f 12064 	12062 	12065
f 12062 	12060 	12056
f 12056 	12065 	12062
f 12046 	12048 	12153
f 11693 	12058 	11902
f 135 	136 	7715
f 12057 	11767 	12070
f 2519 	7723 	7715
f 12157 	11985 	12069
f 11767 	12071 	12070
f 7607 	1899 	12318
f 453 	11540 	443
f 11958 	12115 	12072
f 454 	457 	12035
f 1868 	12079 	7288
f 12035 	457 	452
f 12068 	12067 	12157
f 12068 	12157 	12069
f 7607 	1950 	1899
f 12059 	12077 	1300
f 12076 	12043 	12049
f 195 	199 	7607
f 1950 	7607 	199
f 12076 	12049 	12095
f 11961 	12003 	12061
f 7288 	7602 	12055
f 11595 	11607 	242
f 12059 	12078 	12077
f 221 	12106 	12059
f 7288 	12055 	1868
f 12063 	12165 	12124
f 442 	11595 	459
f 442 	11565 	11595
f 12072 	11948 	11941
f 248 	11595 	242
f 459 	11595 	248
f 243 	207 	236
f 11917 	11902 	12058
f 12073 	12028 	12157
f 7607 	145 	144
f 12050 	12040 	12476
f 12071 	11994 	11917
f 7607 	196 	195
f 12071 	11932 	11994
f 12061 	11956 	11961
f 12082 	219 	12083
f 12061 	12003 	12103
f 491 	12132 	12079
f 12031 	8864 	8863
f 12071 	11917 	12058
f 219 	12082 	12088
f 12031 	12043 	8864
f 12061 	12103 	12059
f 12049 	12031 	8863
f 12084 	12157 	12081
f 12090 	12063 	12089
f 208 	211 	12079
f 12049 	8863 	8813
f 2540 	566 	12087
f 208 	7607 	211
f 12001 	12004 	12090
f 12029 	12063 	12004
f 11965 	227 	12092
f 12103 	12078 	12059
f 12084 	12080 	12157
f 12080 	12073 	12157
f 219 	11965 	12092
f 12083 	219 	12092
f 12070 	12071 	12058
f 7288 	12079 	12126
f 12063 	12090 	12004
f 7288 	12126 	9138
f 12058 	12057 	12070
f 12001 	12090 	12089
f 12085 	12094 	12086
f 12049 	9026 	12095
f 12086 	2540 	12087
f 12168 	4413 	206
f 12049 	8813 	9026
f 1133 	11793 	12157
f 221 	12059 	1300
f 206 	12166 	12168
f 8816 	8864 	12043
f 209 	12079 	12166
f 8816 	12043 	12076
f 12089 	12013 	12001
f 226 	12077 	12078
f 12089 	12101 	12102
f 12101 	11992 	12102
f 12097 	207 	12098
f 12098 	243 	249
f 12089 	12018 	12017
f 12079 	211 	12126
f 12103 	12032 	12108
f 12445 	12076 	12095
f 243 	12098 	207
f 12003 	12032 	12103
f 224 	12104 	225
f 12098 	249 	12099
f 249 	250 	12099
f 3860 	1318 	1138
f 224 	222 	206
f 12116 	12018 	12105
f 12099 	250 	11608
f 11607 	11608 	250
f 206 	12104 	224
f 1138 	3733 	3860
f 12116 	12115 	12018
f 7607 	12104 	211
f 1316 	12100 	4081
f 12106 	221 	229
f 1316 	1318 	12100
f 12106 	11956 	12061
f 12089 	12105 	12018
f 12094 	12107 	148
f 12094 	148 	132
f 1270 	226 	12108
f 12108 	12032 	1270
f 12017 	12101 	12089
f 9026 	9121 	12095
f 12094 	12109 	12107
f 12108 	226 	12103
f 1213 	1010 	12021
f 12095 	9121 	12445
f 581 	12094 	132
f 12021 	1010 	1187
f 11992 	12013 	12102
f 226 	1300 	12077
f 12104 	12164 	224
f 12089 	12123 	12105
f 12094 	12085 	12109
f 226 	12078 	12103
f 12102 	12013 	12089
f 581 	2540 	12094
f 12063 	12124 	12089
f 12104 	206 	225
f 12089 	12124 	12096
f 12089 	12125 	12123
f 225 	7607 	223
f 146 	161 	7607
f 12105 	12251 	12173
f 12110 	1213 	12021
f 12112 	7622 	9157
f 9157 	9205 	12112
f 12111 	9282 	12113
f 145 	7622 	225
f 12104 	225 	7622
f 12164 	12104 	7622
f 12089 	12096 	12125
f 3860 	12100 	1318
f 12164 	7622 	12112
f 12203 	4055 	12100
f 9283 	12113 	9282
f 12117 	132 	12118
f 12113 	9283 	9361
f 9330 	9282 	12111
f 9000 	12076 	12114
f 12117 	133 	132
f 12114 	12445 	12052
f 12116 	12105 	12173
f 9205 	12156 	12164
f 10015 	12199 	10010
f 12142 	12111 	12130
f 12094 	2540 	12086
f 12063 	12167 	12165
f 12113 	12121 	12111
f 12041 	12157 	12042
f 12121 	12113 	9361
f 9361 	9367 	12121
f 12056 	7723 	2519
f 12131 	9367 	9372
f 12041 	12038 	12157
f 12121 	9367 	12131
f 197 	12118 	132
f 211 	222 	12126
f 12120 	12157 	12122
f 12119 	12157 	12120
f 12124 	12125 	12096
f 12242 	12243 	12125
f 12114 	12052 	12127
f 134 	12128 	2519
f 12129 	12122 	12157
f 9149 	9138 	12126
f 12121 	12130 	12111
f 12243 	12105 	12125
f 12056 	2519 	12066
f 12128 	12066 	2519
f 12066 	12065 	12056
f 12131 	12130 	12121
f 2519 	132 	134
f 12138 	12129 	12157
f 12317 	12127 	12246
f 12126 	12164 	12137
f 9330 	12111 	12142
f 12145 	9289 	9330
f 12149 	12143 	12157
f 12133 	12157 	12134
f 12134 	12157 	12143
f 12105 	12123 	12125
f 12141 	10015 	10014
f 12133 	12140 	12157
f 12147 	12157 	12140
f 12142 	12145 	9330
f 12136 	9205 	9054
f 11948 	12072 	12161
f 9149 	12126 	12137
f 12147 	12150 	12157
f 12072 	12115 	12161
f 12146 	12139 	12157
f 12139 	12138 	12157
f 12126 	222 	12164
f 11938 	11940 	12153
f 12152 	12154 	12153
f 12136 	12137 	12156
f 12141 	10014 	12127
f 9000 	12114 	12127
f 10014 	9000 	12127
f 12127 	12317 	12141
f 12023 	12021 	12157
f 12157 	12024 	12023
f 9205 	12136 	12156
f 12130 	12169 	12142
f 11938 	12153 	12048
f 445 	9327 	12145
f 12190 	12155 	12197
f 12038 	12024 	12157
f 9052 	12136 	9054
f 12175 	12155 	12157
f 12136 	9149 	12137
f 12150 	12146 	12157
f 12161 	12162 	11948
f 4411 	12132 	491
f 12158 	12160 	10013
f 12028 	12027 	12157
f 12157 	12135 	12144
f 4406 	4413 	12163
f 12157 	12144 	12149
f 4406 	12163 	4411
f 11353 	12152 	11941
f 12067 	12075 	12157
f 12074 	12157 	12075
f 12164 	12156 	12137
f 12074 	12081 	12157
f 11353 	11359 	12152
f 3001 	3000 	12157
f 3001 	12157 	3008
f 9205 	12164 	12112
f 12160 	10364 	10013
f 11793 	11657 	12157
f 12161 	12201 	12207
f 12157 	12021 	1187
f 12165 	12125 	12124
f 12157 	1187 	1133
f 12079 	12132 	12166
f 12358 	12158 	10013
f 12132 	12168 	12166
f 12046 	12167 	12063
f 12169 	12211 	12170
f 12046 	12151 	12167
f 12204 	12145 	12170
f 12163 	4413 	12168
f 4411 	12171 	12132
f 12154 	12046 	12153
f 12168 	12132 	12171
f 12142 	12169 	12170
f 12171 	12163 	12168
f 11658 	11719 	12155
f 12189 	12151 	12046
f 12171 	4411 	12163
f 5150 	635 	568
f 5150 	5151 	635
f 568 	585 	5150
f 11778 	12155 	12172
f 12174 	12155 	12175
f 12174 	12172 	12155
f 1204 	12179 	1203
f 9277 	12178 	9275
f 12158 	12177 	12160
f 12155 	11779 	11768
f 12119 	12176 	12157
f 12157 	12176 	12175
f 12178 	12169 	12130
f 12180 	11810 	11823
f 12179 	12183 	6684
f 9209 	9275 	12178
f 12182 	12188 	12202
f 12181 	12180 	11823
f 12184 	12181 	11823
f 12184 	11823 	3933
f 3930 	3933 	11823
f 12177 	12158 	12466
f 12170 	12145 	12142
f 12152 	11342 	12154
f 3258 	12183 	12185
f 12042 	12157 	12186
f 12466 	12468 	12177
f 11342 	12189 	12154
f 12183 	6682 	6684
f 10364 	12160 	10423
f 3258 	6682 	12183
f 9391 	12215 	12178
f 12155 	12190 	12187
f 12154 	12189 	12046
f 12155 	12187 	12157
f 12162 	11353 	11948
f 12179 	6750 	6599
f 12186 	12157 	12187
f 12179 	11947 	6750
f 12131 	9372 	12178
f 12179 	3265 	12185
f 12162 	12161 	11353
f 12183 	12179 	12185
f 12194 	12202 	12188
f 11353 	11941 	11948
f 11933 	11944 	12179
f 12192 	12191 	11760
f 12191 	12196 	11760
f 12197 	11760 	12196
f 12130 	12131 	12178
f 11760 	12197 	12155
f 9350 	8968 	12178
f 12179 	6599 	11933
f 11353 	12161 	12207
f 9350 	12178 	9372
f 12178 	8968 	9209
f 3930 	11823 	3931
f 12179 	11944 	3268
f 3265 	12179 	3268
f 10015 	12141 	12199
f 12201 	12161 	12115
f 12115 	12116 	12201
f 12198 	12192 	11760
f 424 	425 	12159
f 12116 	12173 	12201
f 12194 	12193 	12202
f 11760 	12202 	12193
f 12224 	12223 	12189
f 12193 	12198 	11760
f 12202 	11788 	11866
f 12189 	12228 	12224
f 11866 	11801 	12202
f 12189 	12223 	12151
f 3843 	4055 	12203
f 12170 	12211 	12204
f 3860 	3843 	12203
f 12100 	3860 	12203
f 4055 	12206 	11834
f 12173 	12251 	12201
f 3843 	12206 	4055
f 3843 	3894 	12206
f 12169 	12178 	12211
f 3932 	11823 	12206
f 12206 	11823 	11834
f 12204 	424 	12159
f 1204 	1255 	12209
f 12204 	12200 	424
f 12223 	12167 	12151
f 12209 	12179 	1204
f 11719 	11760 	12155
f 12212 	12213 	12220
f 167 	12212 	166
f 12209 	11947 	12179
f 12210 	12356 	12195
f 12200 	12215 	12256
f 12222 	166 	12212
f 12207 	12201 	12214
f 11080 	11079 	12213
f 12222 	11112 	11116
f 12251 	12275 	12201
f 11116 	166 	12222
f 10213 	12220 	12213
f 11091 	12213 	11092
f 12212 	11092 	12213
f 12178 	12215 	12211
f 12213 	11091 	11080
f 12212 	167 	11092
f 12211 	12215 	12200
f 12302 	12205 	12247
f 11353 	12207 	12214
f 12204 	12211 	12200
f 12220 	9692 	12217
f 12217 	12222 	12220
f 12221 	1450 	1410
f 12212 	12220 	12222
f 12214 	11344 	11353
f 1450 	12221 	1488
f 12159 	445 	12145
f 9653 	11113 	12222
f 12167 	12223 	12328
f 12205 	12302 	12221
f 12219 	12222 	12217
f 12221 	12227 	12205
f 12227 	12221 	1410
f 12216 	12218 	12226
f 12227 	12208 	12205
f 12220 	10213 	9692
f 12227 	1180 	12225
f 12222 	12219 	9722
f 9838 	9722 	12219
f 1385 	1180 	12227
f 12229 	12219 	12217
f 12229 	12230 	12219
f 12159 	12145 	12204
f 12231 	12230 	12229
f 12229 	9831 	12231
f 9836 	12230 	12231
f 1408 	12227 	1410
f 9831 	9837 	12231
f 445 	12159 	780
f 12219 	12230 	9838
f 12159 	425 	780
f 9837 	9836 	12231
f 12208 	12227 	9645
f 12214 	11343 	11344
f 9608 	9831 	12229
f 9719 	12229 	12217
f 12301 	1488 	12221
f 9719 	12217 	9692
f 775 	777 	12234
f 777 	3828 	12234
f 12235 	12236 	12233
f 12234 	479 	775
f 12235 	12237 	12236
f 12234 	445 	479
f 12199 	12232 	12373
f 12237 	12238 	12239
f 9327 	445 	12234
f 10010 	12199 	12373
f 1385 	12227 	1408
f 12235 	12238 	12237
f 12240 	9519 	9319
f 12241 	12237 	12239
f 185 	184 	12241
f 12237 	12241 	12236
f 12241 	12239 	12238
f 12244 	12235 	12233
f 9499 	9519 	12240
f 163 	12235 	12282
f 12235 	163 	12238
f 12348 	12258 	12125
f 185 	12241 	163
f 12225 	4636 	12227
f 12225 	1180 	3482
f 9319 	9424 	12240
f 178 	588 	12236
f 1253 	11997 	1255
f 12236 	184 	178
f 11997 	11947 	12209
f 12236 	12284 	12233
f 12209 	1255 	11997
f 12236 	12241 	184
f 9422 	12240 	9424
f 12232 	12141 	12245
f 12238 	163 	12241
f 658 	9422 	12234
f 12234 	3828 	658
f 12258 	12242 	12125
f 12232 	12199 	12141
f 12263 	12251 	12105
f 12260 	12248 	12253
f 658 	12240 	9422
f 12254 	12260 	12253
f 12271 	12262 	12248
f 12247 	12205 	12250
f 12255 	12256 	12215
f 12248 	12257 	12253
f 12105 	12243 	12263
f 9391 	12255 	12215
f 12257 	12254 	12253
f 9344 	12276 	12255
f 12252 	12260 	12254
f 12259 	12242 	12258
f 9687 	12250 	12205
f 9391 	9344 	12255
f 12255 	502 	640
f 12276 	502 	12255
f 9687 	12205 	12208
f 12257 	12261 	12254
f 12348 	12125 	12165
f 12248 	12262 	12257
f 12291 	12247 	12250
f 12200 	12256 	473
f 12255 	640 	12256
f 12259 	12243 	12242
f 12265 	12260 	12252
f 12264 	9344 	9356
f 12267 	12264 	12269
f 12263 	12275 	12251
f 12267 	683 	523
f 12262 	12261 	12257
f 12270 	12274 	12233
f 12233 	12284 	12270
f 12262 	12270 	12261
f 12267 	12269 	683
f 9491 	12269 	9384
f 9701 	6938 	12281
f 12319 	12321 	12263
f 3709 	12269 	707
f 12127 	12266 	12489
f 9497 	12269 	9491
f 12263 	12243 	12259
f 12269 	12264 	9384
f 12265 	12244 	12272
f 523 	12264 	12267
f 12272 	12260 	12265
f 12271 	12248 	12260
f 12272 	12271 	12260
f 3709 	739 	12269
f 12270 	12262 	12274
f 12262 	12271 	12274
f 12249 	660 	12240
f 12244 	12233 	12274
f 12274 	12271 	12272
f 658 	12249 	12240
f 12272 	12244 	12274
f 658 	660 	12249
f 4971 	502 	12276
f 12266 	12218 	12216
f 12276 	806 	4971
f 12275 	12296 	12201
f 9713 	12281 	12279
f 12276 	12264 	523
f 11901 	12277 	12280
f 12216 	12273 	12266
f 12277 	11901 	10200
f 523 	806 	12276
f 3171 	3172 	9490
f 660 	695 	9575
f 11907 	12280 	12298
f 12279 	12281 	12268
f 9677 	12279 	12268
f 12277 	562 	12280
f 12240 	660 	9575
f 9575 	695 	3181
f 562 	664 	12280
f 11366 	12228 	12189
f 664 	676 	12280
f 9490 	3172 	3173
f 550 	554 	12282
f 9701 	12281 	9713
f 163 	12282 	534
f 6938 	7536 	12281
f 12244 	12282 	12235
f 12266 	12273 	12283
f 3181 	9582 	9575
f 3173 	12269 	9497
f 12407 	12282 	12244
f 739 	683 	12269
f 12269 	3173 	707
f 12214 	11486 	11343
f 587 	615 	12284
f 9669 	12278 	12279
f 12303 	12304 	11803
f 12236 	588 	12284
f 12281 	1298 	12268
f 12285 	12290 	12286
f 12281 	9888 	1298
f 665 	560 	12288
f 12167 	12328 	12316
f 12281 	7536 	9888
f 550 	12282 	551
f 11853 	12300 	11859
f 12284 	12425 	12409
f 11858 	12290 	12285
f 12284 	12409 	12270
f 9687 	12291 	12250
f 11859 	12300 	12290
f 12294 	1290 	12291
f 12294 	12291 	9687
f 12391 	12275 	663
f 12289 	12287 	12295
f 12292 	12295 	12287
f 9687 	9677 	12294
f 12040 	12477 	12476
f 12477 	12040 	12044
f 11858 	11859 	12290
f 12044 	12091 	12273
f 12294 	12268 	1304
f 12300 	12303 	12286
f 12290 	12300 	12286
f 12273 	12482 	12044
f 12268 	12294 	9677
f 12476 	12216 	12050
f 12050 	12226 	12052
f 12300 	11822 	12299
f 12226 	12050 	12216
f 12292 	12299 	12310
f 12127 	12052 	12226
f 12127 	12226 	12218
f 12304 	12300 	12299
f 12201 	12296 	11830
f 12221 	12302 	12301
f 12301 	1290 	1268
f 12302 	1290 	12301
f 12291 	1290 	12302
f 12304 	12332 	11803
f 12298 	816 	12297
f 12247 	12291 	12302
f 12268 	1298 	1304
f 12303 	12300 	12304
f 12299 	12305 	12304
f 12299 	12292 	12305
f 12266 	12127 	12218
f 12332 	12331 	11803
f 11907 	12297 	10534
f 12127 	12489 	11537
f 12201 	11830 	12214
f 3528 	2456 	9774
f 12297 	825 	10534
f 12306 	12259 	12258
f 2456 	9758 	9774
f 10021 	12308 	1492
f 12313 	12289 	12295
f 12292 	12287 	12305
f 12307 	12273 	12091
f 12258 	12383 	12306
f 10026 	239 	1491
f 12308 	9952 	10026
f 12306 	12384 	12309
f 10026 	1491 	12308
f 12295 	12292 	12310
f 12306 	12383 	12384
f 816 	12298 	749
f 12321 	12319 	12306
f 1923 	12311 	1919
f 817 	12297 	816
f 1964 	1919 	12311
f 12305 	12312 	12304
f 12319 	12259 	12306
f 817 	818 	12297
f 12313 	12314 	12287
f 12315 	1923 	1298
f 152 	150 	12314
f 12316 	12165 	12167
f 12312 	12287 	12314
f 9888 	12315 	1298
f 12287 	12289 	12313
f 12315 	12311 	1923
f 12246 	12245 	12141
f 9891 	12315 	9888
f 12319 	12263 	12259
f 12141 	12317 	12246
f 124 	125 	12295
f 124 	12295 	12310
f 12313 	125 	1115
f 12309 	12321 	12306
f 150 	1047 	12312
f 3695 	911 	12322
f 12314 	150 	12312
f 911 	825 	12322
f 12312 	12305 	12287
f 12320 	12354 	12325
f 12311 	9894 	12324
f 748 	747 	12325
f 12263 	12390 	12275
f 12311 	12324 	1964
f 12324 	1899 	1964
f 11906 	12326 	11831
f 12324 	12318 	1899
f 12323 	12148 	12327
f 12326 	11868 	11831
f 12320 	12325 	747
f 12323 	12327 	12334
f 1578 	11906 	11904
f 782 	12354 	12322
f 12329 	11868 	12326
f 235 	9894 	9893
f 1376 	1380 	11904
f 12323 	12334 	12502
f 229 	11956 	12106
f 235 	12318 	9894
f 12148 	12452 	12327
f 12338 	12299 	11822
f 12318 	12324 	9894
f 12354 	782 	12325
f 748 	12325 	782
f 9891 	12311 	12315
f 11868 	12329 	11822
f 144 	195 	196
f 208 	146 	196
f 144 	196 	146
f 144 	206 	209
f 209 	198 	144
f 199 	144 	198
f 12307 	12283 	12273
f 199 	195 	144
f 12224 	12328 	12223
f 208 	161 	146
f 665 	12378 	12339
f 12304 	12312 	12332
f 144 	146 	206
f 146 	161 	206
f 161 	194 	206
f 12293 	12283 	12307
f 12336 	12335 	11979
f 12337 	12361 	12328
f 12307 	12323 	12293
f 12310 	12299 	12338
f 144 	146 	7607
f 124 	12310 	12338
f 223 	206 	194
f 12328 	12224 	12337
f 171 	124 	12338
f 12338 	12350 	171
f 161 	194 	7607
f 194 	223 	7607
f 12326 	12350 	12338
f 12334 	12327 	12452
f 12338 	12329 	12326
f 12333 	12328 	12362
f 2182 	2176 	12340
f 12328 	12333 	12316
f 12336 	11733 	12331
f 12332 	12312 	12352
f 12340 	12343 	9944
f 12332 	12352 	12336
f 12337 	12228 	12341
f 12332 	12336 	12331
f 11822 	12329 	12338
f 12340 	2176 	10247
f 11631 	12337 	12341
f 12228 	12337 	12224
f 12228 	11366 	12341
f 10247 	10201 	12340
f 11366 	11631 	12341
f 165 	11906 	1578
f 12342 	10423 	12160
f 12340 	12347 	2182
f 11366 	12189 	11342
f 10521 	10423 	12342
f 12333 	12359 	12316
f 12330 	12354 	12339
f 12346 	12032 	11990
f 12340 	9944 	12347
f 12346 	1021 	12032
f 12339 	12320 	665
f 11990 	11980 	12346
f 12258 	12382 	12383
f 12335 	12346 	11980
f 12347 	9944 	2182
f 12382 	12258 	12348
f 12340 	10201 	12343
f 1484 	1021 	12346
f 1178 	12346 	12335
f 12359 	12348 	12165
f 12466 	12344 	12345
f 12312 	1140 	12352
f 2762 	12353 	12354
f 1201 	12352 	1140
f 2762 	2774 	12353
f 12352 	12355 	12336
f 12353 	12322 	12354
f 12365 	12345 	12344
f 12355 	1167 	12336
f 11498 	11830 	12296
f 12352 	1167 	12355
f 12275 	12391 	11812
f 12352 	1231 	1167
f 1178 	12336 	1261
f 11498 	12275 	11812
f 1167 	1261 	12336
f 12336 	1178 	12335
f 180 	12350 	12326
f 12275 	11498 	12296
f 180 	179 	12350
f 12160 	12177 	12342
f 12326 	11906 	180
f 3809 	2779 	12357
f 1201 	1231 	12352
f 3695 	12322 	12353
f 12309 	12351 	12321
f 1461 	1270 	12032
f 1461 	12032 	1021
f 11904 	1584 	1578
f 12354 	12320 	12339
f 11904 	1380 	1584
f 180 	11906 	165
f 12275 	12390 	12403
f 2779 	12437 	12349
f 12390 	12263 	12351
f 125 	12313 	12295
f 2779 	12349 	12357
f 12351 	12263 	12321
f 12349 	877 	12357
f 12369 	12348 	12359
f 12165 	12316 	12359
f 12358 	12344 	12158
f 12362 	12328 	12361
f 12333 	12362 	12364
f 12364 	12359 	12333
f 7608 	7817 	12366
f 12363 	12365 	12419
f 7817 	12261 	12366
f 12366 	7781 	7865
f 12367 	10521 	12342
f 10445 	10521 	12367
f 5324 	7608 	12366
f 12337 	11631 	12361
f 12252 	12254 	7817
f 7817 	12254 	12261
f 12265 	12252 	12370
f 12345 	12421 	12416
f 5324 	12366 	7865
f 12407 	12265 	12370
f 12368 	12421 	12345
f 12365 	12363 	12368
f 12365 	12368 	12345
f 12372 	12367 	12371
f 12367 	12342 	12472
f 12472 	12371 	12367
f 12371 	10454 	12372
f 10508 	10469 	12371
f 10454 	10445 	12372
f 10445 	12367 	12372
f 11559 	12373 	12232
f 12360 	12407 	12374
f 12344 	12358 	12417
f 12431 	12428 	12366
f 7833 	12366 	12428
f 12429 	7966 	7810
f 12386 	12376 	12375
f 12377 	12376 	12386
f 12364 	12377 	12359
f 12374 	12407 	12370
f 12377 	12364 	12379
f 12359 	12377 	12369
f 12339 	12378 	12380
f 12383 	12382 	12384
f 12369 	12386 	12382
f 12377 	12386 	12369
f 12348 	12369 	12382
f 12351 	12384 	12388
f 12385 	12387 	12378
f 12378 	12387 	12380
f 12385 	5378 	12387
f 12351 	12309 	12384
f 12386 	12384 	12382
f 12386 	12375 	12388
f 12232 	12245 	11500
f 12232 	11500 	11536
f 12384 	12386 	12388
f 2895 	12389 	12393
f 2898 	12396 	12389
f 12389 	2895 	2898
f 12389 	10532 	12393
f 682 	663 	12275
f 12396 	12387 	7931
f 1662 	1733 	12391
f 12391 	1733 	11812
f 12391 	663 	1662
f 10532 	7948 	12393
f 8016 	12393 	7948
f 12351 	12388 	12390
f 12375 	12390 	12388
f 12396 	12381 	12387
f 12358 	12392 	12417
f 12330 	12381 	12396
f 12401 	12392 	12394
f 7931 	12389 	12396
f 2762 	12396 	2898
f 12398 	12395 	12403
f 8012 	7988 	2904
f 12375 	12397 	12390
f 8012 	2904 	8016
f 12398 	12403 	12397
f 2895 	8016 	2904
f 12376 	12398 	12397
f 12399 	12417 	12401
f 12376 	12377 	12398
f 7966 	12439 	12440
f 12377 	12406 	12398
f 12401 	12400 	12399
f 12397 	12375 	12376
f 7988 	8032 	12402
f 12394 	12400 	12401
f 12446 	7988 	12402
f 12358 	11559 	12392
f 12397 	12403 	12390
f 12402 	12442 	12349
f 12440 	12442 	12402
f 7974 	12440 	12402
f 11642 	12362 	12361
f 12440 	7974 	7966
f 12349 	12437 	12402
f 8016 	2895 	12393
f 12406 	12414 	12398
f 12387 	12381 	12380
f 12195 	12356 	12405
f 5265 	12385 	12378
f 5265 	12378 	12360
f 12406 	12377 	12379
f 12405 	12356 	12210
f 12364 	11642 	12379
f 12379 	11642 	11849
f 12407 	12360 	12288
f 12407 	551 	12282
f 12210 	12345 	12405
f 12362 	11642 	12364
f 665 	12288 	12360
f 12288 	551 	12407
f 12360 	12378 	665
f 12275 	12403 	682
f 11849 	12406 	12379
f 12400 	12405 	12399
f 12411 	12412 	12413
f 12400 	12430 	12404
f 12400 	12404 	12405
f 12415 	12408 	599
f 12408 	600 	599
f 12413 	12414 	12411
f 12395 	12398 	12414
f 12413 	12395 	12414
f 12270 	12409 	12410
f 12425 	12408 	12409
f 12409 	12408 	12418
f 11849 	11867 	12406
f 12409 	12418 	12410
f 12414 	12406 	11867
f 12419 	12417 	12416
f 4609 	4606 	12395
f 4606 	12403 	12395
f 12363 	12419 	12420
f 12416 	12421 	12419
f 12421 	12420 	12419
f 12413 	4609 	12395
f 4609 	12412 	4763
f 12413 	12412 	4609
f 12365 	12417 	12419
f 12410 	12261 	12270
f 12365 	12344 	12417
f 12403 	4606 	682
f 12411 	4763 	12412
f 12411 	4689 	4763
f 12244 	12265 	12407
f 12411 	4690 	4689
f 12414 	4690 	12411
f 12414 	11867 	4690
f 12423 	12422 	12424
f 12428 	12429 	7810
f 12428 	12418 	12408
f 12408 	12415 	12428
f 12431 	12410 	12428
f 12410 	12418 	12428
f 12405 	12416 	12399
f 12416 	12417 	12399
f 12431 	12366 	12261
f 12432 	11046 	11166
f 12392 	12401 	12417
f 12261 	12410 	12431
f 11166 	12453 	12432
f 7810 	7833 	12428
f 12429 	12439 	7966
f 11046 	12432 	302
f 12400 	12394 	12424
f 12400 	12424 	12430
f 12433 	11287 	11230
f 12422 	12427 	12430
f 12422 	12430 	12424
f 12404 	12430 	12436
f 12422 	12426 	12427
f 12441 	12434 	12349
f 869 	12439 	845
f 11163 	11271 	12435
f 11325 	12464 	11271
f 12404 	12436 	12504
f 12439 	12415 	845
f 869 	12434 	12439
f 12438 	11163 	12435
f 12381 	12330 	12380
f 12423 	12499 	12422
f 12499 	12423 	12394
f 12394 	12423 	12424
f 12396 	12354 	12330
f 12330 	12339 	12380
f 12430 	12427 	12436
f 12437 	2933 	2927
f 12420 	12421 	12363
f 2927 	12446 	12437
f 12416 	12405 	12345
f 12396 	2762 	12354
f 12368 	12363 	12421
f 12441 	12349 	12442
f 12442 	12440 	12441
f 12452 	12443 	12444
f 12432 	12453 	12467
f 12439 	12428 	12415
f 12429 	12428 	12439
f 10426 	10397 	12444
f 12434 	12441 	12440
f 12434 	12440 	12439
f 12447 	12445 	9121
f 12052 	12445 	12091
f 12445 	12307 	12091
f 12446 	12402 	12437
f 12446 	2937 	2904
f 7988 	12446 	2904
f 9114 	12148 	12323
f 12307 	12445 	12447
f 12307 	12447 	9114
f 12448 	12450 	12449
f 11287 	12451 	12448
f 12307 	9114 	12323
f 12445 	12114 	12076
f 12449 	12450 	11321
f 11311 	12449 	11321
f 12454 	12451 	11287
f 12454 	11287 	12433
f 12148 	12443 	12452
f 11232 	302 	12036
f 11232 	11046 	302
f 12195 	12444 	10397
f 12195 	12452 	12444
f 12450 	12448 	12455
f 12456 	12453 	11166
f 12210 	12195 	12458
f 12438 	12457 	12456
f 12458 	10397 	10399
f 12469 	12457 	12438
f 12457 	12469 	12471
f 12438 	12435 	12469
f 12456 	11166 	12438
f 12459 	12460 	12458
f 11321 	12478 	12461
f 12479 	12462 	12461
f 12460 	12466 	12345
f 12478 	11321 	12463
f 12461 	11201 	11200
f 11200 	11321 	12461
f 11271 	12464 	12435
f 10399 	12459 	12458
f 11201 	12461 	12462
f 12460 	12345 	12210
f 12460 	12210 	12458
f 12195 	10397 	12458
f 12462 	12479 	12464
f 12479 	12435 	12464
f 12158 	12344 	12466
f 12342 	12177 	12468
f 12472 	12342 	12468
f 12459 	12472 	12468
f 12468 	12460 	12459
f 12457 	12471 	12470
f 12456 	12457 	12470
f 12466 	12460 	12468
f 12453 	12456 	12473
f 12473 	12470 	12471
f 12450 	12455 	12485
f 12472 	10406 	10508
f 12473 	12456 	12470
f 12459 	10406 	12472
f 154 	342 	12473
f 154 	12473 	12471
f 12371 	12472 	10508
f 169 	12471 	12469
f 12467 	12453 	332
f 332 	12473 	342
f 12479 	12478 	12480
f 252 	12480 	12478
f 12483 	12478 	12479
f 12479 	12461 	12483
f 12483 	12461 	12478
f 12476 	12477 	12482
f 12479 	12480 	12469
f 169 	12469 	12480
f 12479 	12469 	12435
f 252 	12478 	12485
f 12474 	12475 	12481
f 12463 	12485 	12478
f 12463 	12465 	12485
f 12451 	12454 	12486
f 12476 	12482 	12216
f 12484 	234 	215
f 12273 	12216 	12482
f 193 	234 	12484
f 12485 	12484 	215
f 12044 	12482 	12477
f 215 	252 	12485
f 12474 	11493 	11494
f 12485 	12455 	12484
f 12455 	12448 	193
f 12486 	193 	12448
f 12451 	12486 	12448
f 193 	12484 	12455
f 12475 	11494 	11495
f 12450 	12485 	12465
f 11537 	11501 	12127
f 269 	12488 	189
f 293 	295 	12491
f 295 	12492 	12491
f 12490 	12491 	12492
f 295 	281 	12494
f 295 	12494 	12492
f 12493 	12492 	295
f 12493 	295 	294
f 12481 	12487 	11493
f 11493 	12474 	12481
f 12490 	12493 	12491
f 12475 	12474 	11494
f 293 	12491 	280
f 293 	12491 	12493
f 293 	12493 	294
f 12490 	12491 	302
f 12491 	293 	302
f 12283 	12487 	12481
f 12493 	12490 	302
f 12493 	302 	12432
f 294 	302 	293
f 12266 	12475 	11495
f 12266 	11495 	12489
f 12283 	12481 	12475
f 12283 	12293 	12487
f 12488 	269 	130
f 12283 	12475 	12266
f 130 	295 	12492
f 12467 	12493 	12432
f 12467 	12496 	12493
f 12494 	12490 	12492
f 275 	130 	12494
f 12494 	12492 	351
f 281 	12490 	12494
f 275 	12494 	281
f 12493 	419 	351
f 12493 	351 	12492
f 12493 	12496 	389
f 389 	419 	12493
f 11690 	12487 	11691
f 12467 	332 	12496
f 332 	389 	12496
f 12473 	332 	12453
f 12498 	378 	12497
f 12486 	12498 	12497
f 193 	12486 	12497
f 12497 	369 	193
f 463 	369 	12497
f 12454 	12433 	378
f 12246 	11501 	12245
f 378 	12498 	12454
f 12246 	12127 	11501
f 12498 	12486 	12454
f 378 	130 	275
f 12037 	12488 	378
f 11537 	12489 	11495
f 130 	378 	12488
f 12433 	12037 	378
f 11691 	12487 	12293
f 11559 	10010 	12373
f 11638 	11559 	12232
f 12232 	11764 	11638
f 12394 	12392 	11559
f 11559 	12358 	10013
f 11559 	10013 	10010
f 12232 	11594 	11764
f 12232 	11536 	11594
f 12334 	12452 	12501
f 11559 	12499 	12394
f 12323 	12502 	12495
f 12502 	12334 	12500
f 12500 	12495 	12502
f 12452 	12195 	12501
f 12405 	12501 	12195
f 12500 	12334 	12501
f 12405 	12404 	12501
f 12505 	12501 	12404
f 12495 	11541 	11691
f 12500 	11541 	12495
f 12500 	12501 	12503
f 11685 	12487 	11690
f 12495 	11691 	12323
f 12487 	11685 	11493
f 12293 	12323 	11691
f 12503 	12505 	11605
f 12503 	11605 	11604
f 12504 	11964 	11650
f 11571 	11970 	12422
f 11571 	12422 	11558
f 12426 	12422 	11970
f 12503 	11541 	12500
f 12503 	11604 	11541
f 11749 	12404 	12504
f 12436 	12427 	12504
f 12503 	12501 	12505
f 12499 	11598 	12422
f 11598 	11558 	12422
f 12499 	11559 	11598
f 11749 	12505 	12404
f 11964 	12426 	11970
f 11964 	12504 	12427
f 11964 	12427 	12426
# 22211 faces

g group_12_6970902

usemtl color_6970902
s 0

f 143 	8144 	151
f 240 	203 	204
f 12083 	8178 	12082
f 230 	8178 	231
f 230 	232 	8178
f 2086 	2030 	2015
f 2020 	2083 	2087
f 2083 	2064 	2087
f 2086 	2063 	2030
f 2031 	2015 	2030
f 2032 	2014 	2031
f 2077 	2014 	2032
f 2015 	2031 	2014
f 2071 	2143 	2070
f 2086 	2087 	2064
f 2063 	2086 	2064
f 2070 	2014 	2069
f 2077 	2069 	2014
f 2071 	2107 	2143
f 2016 	2070 	2143
f 2107 	2116 	2164
f 2110 	2164 	2116
f 2014 	2070 	2016
f 2140 	2150 	2007
f 2007 	2009 	2140
f 2149 	2150 	2140
f 2107 	2164 	2143
f 2168 	2140 	2143
f 2009 	2143 	2140
f 2110 	2111 	2164
f 2168 	2143 	2164
f 2140 	2186 	2149
f 2140 	2168 	2186
f 2019 	2190 	2022
f 2019 	2020 	2087
f 2190 	2019 	2087
f 2007 	2150 	2006
f 2198 	2006 	2364
f 2202 	2393 	2201
f 2197 	2393 	2202
f 2231 	2221 	2393
f 2393 	2204 	2201
f 2193 	2208 	2192
f 2196 	2277 	2219
f 2277 	2283 	2219
f 2204 	2393 	2221
f 2229 	2240 	2282
f 2209 	2292 	2208
f 2226 	2196 	2219
f 2226 	2227 	2196
f 2229 	2196 	2227
f 2393 	2282 	2231
f 2235 	2231 	2282
f 2241 	2243 	2282
f 2240 	2241 	2282
f 2238 	2235 	2282
f 2243 	2238 	2282
f 2264 	2296 	2208
f 2192 	2208 	2263
f 3020 	2208 	2266
f 2198 	2400 	2197
f 2281 	2196 	2282
f 2196 	2281 	2276
f 2196 	2276 	2277
f 2209 	2219 	2283
f 2196 	2229 	2282
f 2209 	2291 	2292
f 2263 	2208 	2292
f 2209 	2283 	2291
f 2265 	2208 	2297
f 2266 	2208 	2265
f 2297 	2208 	2299
f 2305 	2766 	2304
f 2306 	2766 	2305
f 2316 	2766 	2306
f 2424 	2412 	2763
f 2765 	2307 	2308
f 2765 	2308 	2304
f 2613 	2614 	2153
f 2317 	2548 	2316
f 2154 	2613 	2153
f 2364 	2006 	2150
f 2366 	2368 	2198
f 2368 	2381 	2198
f 2400 	2198 	2370
f 2370 	2198 	2369
f 2364 	2365 	2198
f 2401 	2197 	2400
f 2365 	2366 	2198
f 2369 	2198 	2381
f 2393 	2197 	2394
f 2401 	2394 	2197
f 2406 	2407 	3027
f 2307 	2765 	2412
f 2407 	2415 	3027
f 2415 	2417 	3027
f 2763 	2764 	2424
f 2765 	2763 	2412
f 2548 	2549 	2316
f 2159 	2613 	2155
f 2614 	2551 	2153
f 2317 	2153 	2548
f 2154 	2155 	2613
f 2111 	2613 	2164
f 2556 	2557 	2793
f 2568 	2560 	2567
f 2621 	2604 	2692
f 2570 	2560 	2569
f 2570 	2572 	2560
f 2568 	2569 	2560
f 2572 	2592 	2560
f 2592 	2609 	2560
f 2793 	2557 	2577
f 2606 	2578 	2692
f 2560 	2692 	2579
f 2567 	2560 	2579
f 2584 	2623 	2639
f 2558 	2639 	2623
f 2578 	2579 	2692
f 2611 	2677 	2609
f 2551 	2548 	2153
f 2159 	2164 	2613
f 2558 	2619 	2620
f 2620 	2631 	2558
f 2604 	2606 	2692
f 2558 	2623 	2619
f 2621 	2692 	2631
f 2642 	2583 	2639
f 2577 	2637 	2638
f 2577 	2638 	2793
f 2558 	2631 	2692
f 2639 	2558 	2640
f 2642 	2637 	2583
f 2577 	2583 	2637
f 2584 	2639 	2583
f 2653 	2663 	4050
f 2651 	2653 	4050
f 2683 	2684 	4060
f 2701 	4060 	2662
f 2723 	2722 	4050
f 2665 	4050 	2664
f 2707 	4050 	2665
f 2713 	4050 	2707
f 2609 	2677 	2560
f 2688 	2560 	2678
f 2678 	2560 	2677
f 2681 	4060 	2680
f 2681 	2683 	4060
f 2677 	11049 	2684
f 11049 	4060 	2684
f 2695 	2560 	2688
f 2692 	2560 	2691
f 2691 	2560 	2695
f 2680 	4060 	2701
f 4050 	2662 	4060
f 2665 	2706 	2707
f 2664 	4050 	2722
f 2640 	2558 	2725
f 2692 	2725 	2558
f 2723 	2729 	2722
f 2419 	2424 	2764
f 2764 	3027 	2419
f 2766 	2767 	2304
f 2316 	2744 	2737
f 2744 	2316 	2549
f 2747 	2556 	2786
f 2793 	2786 	2556
f 2739 	2747 	2786
f 2786 	2777 	2739
f 2799 	3027 	2764
f 2765 	2304 	2767
f 2790 	2772 	2771
f 2737 	2771 	2772
f 2316 	2737 	2766
f 2770 	2771 	2737
f 2777 	2776 	2737
f 2776 	2770 	2737
f 2772 	2766 	2737
f 2737 	2739 	2777
f 2801 	2802 	2861
f 2806 	2807 	2861
f 2809 	2861 	2807
f 2810 	2861 	2809
f 2806 	2861 	2821
f 2832 	2833 	4050
f 2831 	2832 	4050
f 2852 	4050 	2833
f 2802 	2834 	2861
f 2838 	2861 	2837
f 2836 	2837 	2861
f 2861 	2834 	2836
f 2840 	2843 	2861
f 2838 	2840 	2861
f 2843 	2850 	2861
f 2850 	2824 	2861
f 2821 	2861 	2824
f 2652 	2651 	4050
f 2852 	2652 	4050
f 2655 	2662 	4050
f 2663 	2723 	4050
f 3109 	2801 	2861
f 2814 	2831 	4050
f 2814 	4050 	2810
f 2987 	3090 	2985
f 3090 	3943 	2985
f 2995 	2993 	2996
f 2997 	2998 	2996
f 2995 	2996 	2998
f 3020 	3006 	2206
f 3020 	2206 	2208
f 2193 	2262 	2208
f 3003 	2993 	3002
f 2993 	3003 	2996
f 3002 	2993 	3006
f 2993 	2206 	3006
f 2262 	2264 	2208
f 2296 	2299 	2208
f 3041 	3090 	3040
f 3041 	3031 	3090
f 2406 	3027 	3037
f 3032 	3037 	3027
f 3040 	3090 	2987
f 2417 	2419 	3027
f 2799 	3103 	3027
f 3090 	3031 	3032
f 3027 	3090 	3032
f 3111 	3109 	3113
f 3027 	3115 	3090
f 3095 	3027 	3104
f 3096 	3115 	3027
f 3095 	3096 	3027
f 3104 	3027 	3103
f 3113 	3090 	3115
f 2861 	3090 	3109
f 3090 	3113 	3109
f 3584 	3090 	2861
f 3126 	3129 	3130
f 3126 	3134 	3128
f 3128 	3129 	3126
f 3139 	3134 	3126
f 11335 	3124 	3126
f 3191 	3203 	3126
f 3139 	3126 	3124
f 3179 	3180 	3178
f 3180 	3126 	3178
f 3573 	3178 	3126
f 3126 	3254 	3573
f 3180 	3186 	3126
f 3190 	3126 	3186
f 3203 	3294 	3126
f 3190 	3191 	3126
f 3178 	3573 	3194
f 3193 	3194 	3573
f 3359 	3201 	3573
f 3193 	3573 	3201
f 3204 	3294 	3203
f 3243 	11335 	3242
f 3242 	11336 	3245
f 3124 	11335 	3123
f 3123 	11335 	3243
f 3254 	3250 	3573
f 3256 	3254 	3126
f 3256 	3126 	3130
f 3251 	3573 	3250
f 3251 	3252 	3573
f 3811 	3573 	3683
f 3683 	3252 	3260
f 3374 	3310 	3371
f 3295 	11335 	3294
f 11335 	3126 	3294
f 3293 	3294 	3371
f 3358 	3573 	3357
f 3358 	3380 	3573
f 3359 	3573 	3380
f 3357 	3573 	3365
f 3573 	3356 	3365
f 3310 	3293 	3371
f 3294 	3204 	3371
f 3370 	3371 	3204
f 3310 	3374 	3376
f 3377 	3341 	3376
f 3310 	3376 	3341
f 3376 	3393 	3377
f 3381 	3356 	3396
f 3368 	3356 	3381
f 3356 	3573 	3344
f 3368 	3365 	3356
f 3460 	3415 	3573
f 3344 	3573 	3342
f 3342 	3573 	3415
f 11335 	3295 	3331
f 3337 	3348 	11335
f 3349 	3465 	11335
f 3331 	3337 	11335
f 3458 	3453 	11335
f 3454 	3573 	3453
f 3573 	11335 	3453
f 3573 	3454 	3460
f 3349 	11335 	3348
f 3465 	3458 	11335
f 3484 	11335 	3573
f 3252 	3683 	3573
f 3584 	2861 	2862
f 3589 	3659 	3590
f 3587 	2998 	2997
f 2997 	3603 	3587
f 3587 	3611 	3588
f 3587 	3603 	3611
f 2984 	2985 	3943
f 2989 	2984 	3943
f 11922 	11924 	3618
f 3588 	3589 	3590
f 3657 	11924 	3660
f 3630 	11922 	3619
f 3633 	11922 	3630
f 3625 	3943 	3636
f 3645 	3646 	3673
f 3646 	3647 	3673
f 3647 	3648 	3673
f 3644 	3673 	3648
f 3648 	3629 	3644
f 3643 	3644 	3629
f 3619 	3643 	3629
f 3645 	3943 	3649
f 3626 	3649 	3943
f 3629 	3630 	3619
f 11928 	3590 	3659
f 3659 	3660 	11928
f 3943 	3645 	3673
f 3673 	3674 	3943
f 3681 	3614 	3943
f 3682 	3681 	3943
f 3674 	3682 	3943
f 3683 	3684 	3811
f 11920 	3811 	3684
f 3714 	11922 	3633
f 3700 	11926 	3699
f 3626 	3943 	3625
f 3694 	3944 	3696
f 3658 	3618 	11924
f 3618 	3619 	11922
f 3701 	11926 	3700
f 3707 	3708 	11926
f 3701 	3707 	11926
f 11922 	3718 	3699
f 3714 	3718 	11922
f 3615 	3943 	3614
f 3944 	3692 	3943
f 3636 	3943 	3692
f 3777 	3696 	3944
f 3944 	3776 	3777
f 3708 	3743 	11978
f 3744 	3749 	11978
f 3743 	3744 	11978
f 3944 	3779 	3776
f 3692 	3944 	3694
f 11974 	3811 	11920
f 3573 	3811 	3834
f 3811 	11968 	3834
f 11966 	11969 	3834
f 3840 	3952 	3839
f 3841 	3952 	3840
f 3842 	3952 	3841
f 3940 	3894 	3952
f 3952 	3874 	3944
f 3839 	3952 	3858
f 3866 	3867 	3944
f 3875 	3880 	3944
f 3867 	3780 	3944
f 3779 	3944 	3780
f 3952 	3842 	3874
f 3866 	3944 	3876
f 3880 	3885 	3944
f 3875 	3944 	3874
f 3876 	3944 	3881
f 3881 	3944 	3885
f 3898 	3899 	3892
f 3889 	3895 	3892
f 3858 	3952 	3894
f 3896 	3892 	3895
f 3898 	3892 	3896
f 3891 	3892 	3893
f 3890 	3891 	3893
f 3899 	3893 	3892
f 3890 	3893 	3887
f 3902 	3903 	3901
f 3903 	3906 	3901
f 3906 	3907 	3901
f 3907 	3904 	3901
f 3887 	3901 	3904
f 3900 	3901 	3887
f 3908 	3887 	3893
f 3900 	3887 	3909
f 3910 	3887 	3908
f 3912 	3887 	3910
f 3913 	3887 	3912
f 3914 	3887 	3913
f 3915 	3887 	3914
f 3909 	3887 	3915
f 3916 	3918 	3921
f 3932 	8133 	3931
f 3930 	3931 	8133
f 3921 	3918 	3925
f 3940 	3952 	3939
f 3932 	3939 	8133
f 3916 	3921 	4065
f 3952 	3944 	3949
f 3616 	2989 	3943
f 3615 	3616 	3943
f 3949 	3944 	3961
f 3943 	3964 	3961
f 3944 	3943 	3961
f 3960 	3959 	3947
f 3943 	3090 	3964
f 3960 	4094 	3959
f 4246 	3949 	3961
f 3584 	3964 	3090
f 3964 	4247 	3961
f 3998 	3959 	4096
f 3945 	3960 	3947
f 8133 	3939 	3952
f 3964 	4248 	4247
f 3947 	3959 	3998
f 3947 	3998 	3966
f 3966 	3925 	3918
f 3966 	3998 	3925
f 3945 	4005 	4038
f 4038 	3960 	3945
f 4026 	4016 	4034
f 4005 	4016 	4026
f 4005 	4026 	4040
f 4005 	4040 	4038
f 4157 	4038 	4040
f 4034 	4016 	4044
f 4167 	4034 	7662
f 4168 	4034 	4167
f 4026 	4034 	4168
f 2861 	4050 	2862
f 2861 	2810 	4050
f 11049 	3916 	4060
f 2862 	4050 	4064
f 4050 	4060 	4064
f 3916 	4065 	4060
f 4065 	4234 	4233
f 4233 	4064 	4065
f 3921 	4234 	4065
f 4065 	4064 	4060
f 2713 	2655 	4050
f 3584 	2862 	4249
f 3964 	3584 	4248
f 3584 	4249 	4248
f 4096 	4087 	4085
f 4085 	4086 	4084
f 4084 	4234 	3921
f 4084 	3921 	3925
f 4084 	3925 	4085
f 4085 	3998 	4096
f 4085 	3925 	3998
f 4088 	4132 	4087
f 4092 	4087 	4096
f 4080 	4084 	4086
f 4086 	4085 	4087
f 4094 	4090 	4092
f 4087 	4092 	4088
f 4088 	4092 	4090
f 4090 	4094 	4141
f 4094 	4092 	3959
f 3959 	4092 	4096
f 4131 	4138 	4117
f 4080 	4086 	4103
f 4086 	4117 	4103
f 4086 	4087 	4117
f 4131 	4117 	4087
f 4117 	4137 	4103
f 4133 	4130 	4132
f 4128 	4138 	4132
f 4131 	4132 	4138
f 4128 	4132 	4130
f 4087 	4132 	4131
f 4088 	4090 	4132
f 4132 	4090 	4133
f 4090 	4141 	4133
f 4133 	4191 	4130
f 4386 	4118 	4137
f 4128 	4418 	4138
f 4118 	4103 	4137
f 4137 	4117 	4138
f 4151 	4153 	4212
f 4156 	4141 	4094
f 4157 	4141 	4156
f 4140 	4151 	4157
f 4141 	4157 	4148
f 4168 	4151 	4140
f 4148 	4157 	4151
f 4151 	4168 	4153
f 3960 	4156 	4094
f 3960 	4038 	4156
f 4038 	4157 	4156
f 4040 	4026 	4140
f 4140 	4157 	4040
f 4298 	4310 	4167
f 4162 	4153 	4167
f 4168 	4167 	4153
f 4140 	4026 	4168
f 4189 	4191 	4188
f 4190 	4209 	4189
f 4133 	4188 	4191
f 4141 	4188 	4133
f 4141 	4148 	4189
f 4148 	4151 	4189
f 4189 	4188 	4141
f 4189 	4151 	4190
f 4212 	4190 	4151
f 4191 	4189 	4196
f 4470 	4209 	4471
f 4196 	4189 	4209
f 4196 	4209 	4470
f 4190 	4212 	4209
f 4341 	4342 	4211
f 4213 	4210 	4211
f 4212 	4211 	4210
f 4211 	4310 	4341
f 4211 	4162 	4310
f 4153 	4162 	4211
f 4211 	4212 	4153
f 4210 	4209 	4212
f 4210 	4213 	4485
f 4485 	4486 	4210
f 4230 	4256 	4228
f 4103 	4256 	4230
f 4080 	4103 	4230
f 4233 	4229 	4232
f 4234 	4084 	4230
f 4080 	4230 	4084
f 4228 	4229 	4233
f 4230 	4228 	4234
f 4227 	4232 	4229
f 4233 	4234 	4228
f 4249 	2862 	4232
f 4232 	2862 	4064
f 4232 	4064 	4233
f 4283 	4241 	4227
f 4227 	4254 	4283
f 4242 	4243 	4247
f 4247 	4248 	4241
f 4227 	4241 	4248
f 4227 	4248 	4249
f 4227 	4249 	4232
f 4241 	4242 	4247
f 4322 	4246 	4321
f 4246 	4247 	4243
f 3949 	4246 	4322
f 4246 	3961 	4247
f 4103 	4260 	4256
f 4255 	4256 	4261
f 4261 	4274 	4255
f 4118 	4260 	4103
f 4261 	4256 	4260
f 4254 	4255 	4274
f 4255 	4254 	4228
f 4228 	4254 	4229
f 4254 	4227 	4229
f 4228 	4256 	4255
f 4260 	4118 	4386
f 4536 	4274 	4261
f 4274 	4264 	4254
f 4280 	4241 	4279
f 4241 	4280 	4242
f 4280 	4282 	4281
f 4243 	4242 	4280
f 4280 	4281 	4243
f 4283 	4264 	4279
f 4279 	4288 	4280
f 4282 	4280 	4285
f 4283 	4279 	4241
f 4550 	4285 	4288
f 4283 	4254 	4264
f 4288 	4279 	4264
f 4285 	4280 	4288
f 4299 	4300 	4302
f 4300 	4314 	4302
f 4299 	4311 	4298
f 4310 	4311 	4341
f 4339 	4341 	4311
f 4301 	4302 	4314
f 4162 	4167 	4310
f 4310 	4298 	4311
f 4302 	4311 	4299
f 4316 	4318 	4315
f 4301 	4314 	4318
f 4243 	4281 	4321
f 4322 	4321 	4316
f 4315 	4318 	4314
f 4318 	4316 	4320
f 4243 	4321 	4246
f 4320 	4316 	4321
f 4301 	4327 	4302
f 4327 	4346 	4339
f 4339 	4345 	4341
f 4213 	4211 	4342
f 4327 	4339 	4311
f 4327 	4311 	4302
f 4342 	4341 	4345
f 4601 	4603 	4345
f 4327 	4366 	4346
f 4345 	4339 	4346
f 4366 	4327 	4301
f 4370 	4368 	4318
f 4370 	4373 	4374
f 4320 	4370 	4318
f 4370 	4320 	4321
f 4370 	4321 	4373
f 4373 	4321 	4281
f 4281 	4282 	4374
f 4383 	4370 	4374
f 4383 	4381 	4370
f 4281 	4374 	4373
f 4282 	4549 	4374
f 4366 	4301 	4318
f 4368 	4366 	4318
f 4349 	4346 	4366
f 4349 	4366 	4381
f 4368 	4381 	4366
f 4349 	4381 	4650
f 4368 	4370 	4381
f 4647 	4646 	4381
f 4383 	4647 	4381
f 4426 	4425 	4388
f 4386 	4425 	4389
f 4386 	4389 	4540
f 4388 	4386 	4137
f 4417 	4388 	4138
f 4420 	4427 	4418
f 4419 	4420 	4418
f 4388 	4417 	4426
f 4128 	4130 	4418
f 4418 	4130 	4419
f 4137 	4138 	4388
f 4138 	4418 	4417
f 4386 	4388 	4425
f 4426 	4463 	4447
f 4425 	4426 	4447
f 4417 	4418 	4426
f 4464 	4463 	4426
f 4427 	4426 	4418
f 4463 	4452 	4447
f 4447 	4453 	4446
f 4446 	4389 	4425
f 4540 	4389 	4446
f 4446 	4572 	4540
f 4425 	4447 	4446
f 4451 	4459 	4464
f 4463 	4464 	4452
f 4453 	4447 	4452
f 4452 	4464 	4455
f 4442 	4446 	4453
f 4455 	4464 	4459
f 4502 	4459 	4451
f 4464 	4426 	4427
f 4427 	4420 	4464
f 4464 	4420 	4451
f 4472 	4480 	4470
f 4471 	4472 	4470
f 4480 	4479 	4470
f 4130 	4191 	4419
f 4469 	4419 	4191
f 4191 	4196 	4470
f 4470 	4469 	4191
f 4471 	4486 	4472
f 4419 	4469 	4479
f 4420 	4419 	4479
f 4500 	4451 	4479
f 4469 	4470 	4479
f 4487 	4478 	4485
f 4486 	4485 	4478
f 4485 	4213 	4342
f 4471 	4209 	4486
f 4209 	4210 	4486
f 4478 	4472 	4486
f 4472 	4497 	4498
f 4497 	4472 	4527
f 4420 	4479 	4451
f 4498 	4502 	4500
f 4500 	4479 	4498
f 4480 	4498 	4479
f 4497 	4503 	4498
f 4498 	4501 	4502
f 4502 	4451 	4500
f 4503 	4501 	4498
f 4503 	4527 	4505
f 4480 	4472 	4498
f 4666 	4658 	4526
f 4519 	4505 	4526
f 4503 	4497 	4527
f 4527 	4526 	4505
f 4604 	4666 	4526
f 4527 	4472 	4478
f 4478 	4487 	4526
f 4526 	4527 	4478
f 4260 	4534 	4261
f 4533 	4261 	4534
f 4260 	4386 	4534
f 4541 	4545 	4533
f 4534 	4541 	4533
f 4534 	4386 	4540
f 4534 	4540 	4541
f 4261 	4533 	4536
f 4536 	4264 	4274
f 4540 	4572 	4541
f 4547 	4536 	4545
f 4561 	4559 	4550
f 4558 	4562 	4550
f 4629 	4374 	4549
f 4550 	4549 	4282
f 4550 	4282 	4285
f 4288 	4558 	4550
f 4536 	4547 	4565
f 4565 	4547 	4558
f 4549 	4550 	4559
f 4561 	4550 	4562
f 4536 	4533 	4545
f 4562 	4558 	4547
f 4565 	4558 	4288
f 4264 	4565 	4288
f 4264 	4536 	4565
f 4446 	4579 	4572
f 4569 	4572 	4577
f 4577 	4578 	4569
f 4569 	4541 	4572
f 4569 	4568 	4541
f 4541 	4568 	4545
f 4568 	4547 	4545
f 4592 	4547 	4568
f 4573 	4578 	4869
f 4568 	4569 	4578
f 4578 	4573 	4568
f 4577 	4572 	4579
f 4442 	4579 	4446
f 4592 	4568 	4573
f 4592 	4573 	4591
f 4573 	4595 	4591
f 4588 	4561 	4562
f 4588 	4562 	4591
f 4562 	4547 	4592
f 4592 	4591 	4562
f 4877 	4595 	4573
f 4588 	4591 	4595
f 4595 	4598 	4588
f 4588 	4585 	4559
f 4559 	4561 	4588
f 4585 	4588 	4596
f 4598 	4596 	4588
f 4601 	4620 	4603
f 4602 	4621 	4601
f 4487 	4485 	4604
f 4603 	4604 	4485
f 4485 	4342 	4603
f 4342 	4345 	4603
f 4602 	4601 	4345
f 4602 	4345 	4346
f 4346 	4349 	4602
f 4487 	4604 	4526
f 4650 	4621 	4602
f 4604 	4603 	4620
f 4349 	4650 	4602
f 4664 	4666 	4620
f 4620 	4601 	4621
f 4621 	4650 	4623
f 4644 	4688 	4632
f 4585 	4645 	4559
f 4647 	4632 	4646
f 4650 	4646 	4632
f 4632 	4623 	4650
f 4629 	4645 	4647
f 4632 	4647 	4644
f 4549 	4645 	4629
f 4644 	4647 	4645
f 4559 	4645 	4549
f 4650 	4381 	4646
f 4647 	4383 	4374
f 4629 	4647 	4374
f 4665 	4662 	4664
f 4664 	4660 	4666
f 4519 	4526 	4658
f 4658 	4666 	4660
f 4660 	4664 	4662
f 4665 	4679 	4662
f 4675 	4663 	4679
f 4604 	4620 	4666
f 4665 	4664 	4620
f 4621 	4665 	4620
f 4621 	4623 	4665
f 4670 	4645 	4585
f 4688 	4670 	4672
f 4678 	4688 	4675
f 4671 	4675 	4688
f 4672 	4671 	4688
f 4585 	4672 	4670
f 4596 	4672 	4585
f 4663 	4662 	4679
f 4679 	4678 	4675
f 4665 	4623 	4679
f 4632 	4678 	4679
f 4678 	4632 	4688
f 4623 	4632 	4679
f 4688 	4644 	4645
f 4670 	4688 	4645
f 4698 	4702 	4697
f 4442 	4697 	4579
f 4453 	4697 	4442
f 4698 	4697 	4453
f 4704 	4744 	4703
f 4710 	4703 	4709
f 4709 	4703 	4698
f 4694 	4697 	4702
f 4702 	4698 	4703
f 4718 	4706 	4710
f 4703 	4710 	4704
f 4704 	4710 	4706
f 4756 	4809 	4718
f 4453 	4452 	4698
f 4709 	4698 	4452
f 4710 	4709 	4452
f 4452 	4455 	4710
f 4455 	4459 	4710
f 4718 	4710 	4459
f 4756 	4718 	4502
f 4862 	4694 	4722
f 4694 	4702 	4722
f 4726 	4739 	4722
f 4702 	4726 	4722
f 4747 	4726 	4703
f 4744 	4740 	4747
f 4747 	4740 	4726
f 4739 	4726 	4740
f 4745 	4742 	4744
f 4740 	4744 	4741
f 4723 	4722 	4739
f 4741 	4744 	4742
f 4818 	4840 	4745
f 4702 	4703 	4726
f 4703 	4744 	4747
f 4744 	4706 	4745
f 4706 	4744 	4704
f 4706 	4809 	4745
f 4759 	4801 	4757
f 4758 	4759 	4757
f 4801 	4809 	4757
f 4756 	4757 	4809
f 4502 	4501 	4757
f 4756 	4502 	4757
f 4757 	4503 	4758
f 4501 	4503 	4757
f 4459 	4502 	4718
f 4759 	4820 	4801
f 4758 	4813 	4759
f 4801 	4820 	4809
f 4706 	4718 	4809
f 4814 	4802 	4812
f 4812 	4519 	4658
f 4758 	4503 	4813
f 4503 	4505 	4813
f 4505 	4519 	4812
f 4812 	4813 	4505
f 4802 	4759 	4813
f 4813 	4812 	4802
f 4802 	4814 	4848
f 4821 	4822 	4820
f 4827 	4822 	4849
f 4822 	4841 	4820
f 4841 	4840 	4820
f 4759 	4821 	4820
f 4809 	4820 	4818
f 4821 	4849 	4822
f 4742 	4745 	4840
f 4818 	4820 	4840
f 4818 	4745 	4809
f 4848 	4827 	4849
f 4850 	4827 	4848
f 4821 	4759 	4849
f 4759 	4802 	4849
f 4802 	4848 	4849
f 4871 	4860 	4863
f 4869 	4863 	4859
f 4697 	4862 	4871
f 4859 	4863 	4860
f 4860 	4871 	4862
f 4694 	4862 	4697
f 4577 	4863 	4869
f 4869 	4578 	4577
f 4863 	4577 	4871
f 4579 	4871 	4577
f 4697 	4871 	4579
f 4873 	4879 	4875
f 4874 	4875 	4882
f 4879 	4882 	4875
f 4873 	4875 	4876
f 4877 	4869 	4858
f 4859 	4858 	4869
f 4876 	4877 	4858
f 4876 	4595 	4877
f 4877 	4573 	4869
f 4672 	4596 	4874
f 4875 	4874 	4596
f 4596 	4598 	4875
f 4875 	4598 	4595
f 4876 	4875 	4595
f 4882 	4879 	4915
f 4873 	4876 	4858
f 4973 	4874 	4882
f 4904 	4891 	4905
f 4889 	4905 	4891
f 4907 	4722 	4900
f 4723 	4900 	4722
f 4891 	4904 	4899
f 4904 	4907 	4899
f 4899 	4907 	4900
f 4859 	4905 	4858
f 4919 	4858 	4905
f 4905 	4860 	4904
f 4862 	4907 	4860
f 4860 	4905 	4859
f 4904 	4860 	4907
f 4722 	4907 	4862
f 4919 	4889 	4914
f 4873 	4914 	4915
f 4873 	4915 	4879
f 4919 	4914 	4873
f 4858 	4919 	4873
f 4915 	4914 	4924
f 4905 	4889 	4919
f 4923 	4929 	4915
f 4924 	4923 	4915
f 4934 	4915 	4929
f 4924 	4914 	4889
f 4973 	4882 	4934
f 4882 	4915 	4934
f 4938 	4964 	4937
f 4937 	4960 	4940
f 4814 	4812 	4941
f 4940 	4941 	4812
f 4812 	4658 	4940
f 4658 	4660 	4940
f 4937 	4940 	4660
f 4938 	4937 	4660
f 4662 	4938 	4660
f 4938 	4662 	4663
f 4663 	4974 	4938
f 4941 	4848 	4814
f 4941 	4940 	4960
f 4960 	4937 	4964
f 4938 	4974 	4964
f 4966 	4974 	4970
f 4966 	4970 	5019
f 4977 	4973 	4976
f 4975 	4970 	4974
f 4966 	4964 	4974
f 4975 	4976 	4970
f 4970 	4976 	4972
f 4972 	4976 	4973
f 4973 	4977 	4874
f 4976 	4671 	4672
f 4976 	4672 	4977
f 4874 	4977 	4672
f 4663 	4675 	4974
f 4974 	4675 	4975
f 4675 	4671 	4976
f 4675 	4976 	4975
f 4985 	4987 	4984
f 4987 	5016 	4984
f 4848 	4982 	5013
f 4941 	4982 	4848
f 4941 	4960 	4982
f 4984 	4982 	4960
f 4960 	4985 	4984
f 4985 	4960 	4964
f 4964 	4966 	4985
f 5011 	4987 	5019
f 4985 	5019 	4987
f 4850 	4848 	5013
f 4982 	4984 	5016
f 5013 	4982 	5016
f 5204 	5206 	5016
f 5011 	5019 	5022
f 5021 	5022 	5020
f 5019 	5020 	5022
f 4985 	4966 	5019
f 5019 	4970 	5020
f 4970 	4972 	5021
f 4973 	5021 	4972
f 5021 	5020 	4970
f 4929 	5163 	5025
f 4934 	5025 	5046
f 5046 	5025 	5021
f 5022 	5021 	5024
f 5024 	5021 	5025
f 5025 	4934 	4929
f 4973 	5046 	5021
f 5046 	4973 	4934
f 4740 	4741 	5080
f 4723 	4739 	5054
f 4741 	4742 	5080
f 4739 	5053 	5054
f 5053 	5075 	5054
f 5056 	5054 	5075
f 4740 	5053 	4739
f 5142 	4900 	5054
f 5069 	5272 	5070
f 5069 	5070 	5080
f 5082 	5071 	5080
f 5078 	5080 	5070
f 5053 	5078 	5070
f 5069 	5080 	5071
f 5105 	5071 	5082
f 5070 	5075 	5053
f 5078 	5053 	4740
f 4740 	5080 	5078
f 4742 	5082 	5080
f 4742 	4840 	5082
f 5110 	5082 	4840
f 4840 	4841 	5111
f 5111 	5110 	4840
f 5106 	5337 	5105
f 5111 	5105 	5110
f 5112 	5107 	5111
f 5082 	5110 	5105
f 5105 	5111 	5106
f 5112 	5119 	5107
f 5106 	5111 	5107
f 5107 	5119 	5109
f 5111 	4822 	5112
f 4841 	4822 	5111
f 5207 	5120 	5117
f 5120 	5109 	5117
f 5119 	5117 	5109
f 5117 	4850 	5013
f 5112 	4822 	5119
f 4822 	4827 	5119
f 4827 	4850 	5117
f 5119 	4827 	5117
f 5388 	5107 	5109
f 5386 	5109 	5120
f 5109 	5386 	5388
f 4923 	4924 	5164
f 4889 	4891 	5139
f 5139 	4891 	4899
f 5139 	4899 	5141
f 4900 	5142 	4899
f 5054 	4900 	4723
f 4929 	4923 	5164
f 5164 	5163 	4929
f 5141 	5142 	5155
f 5155 	5143 	5141
f 5139 	5143 	5144
f 5139 	5144 	5166
f 5166 	4889 	5139
f 5141 	4899 	5142
f 5056 	5154 	5054
f 5155 	5142 	5154
f 5142 	5054 	5154
f 5422 	5494 	5144
f 5139 	5141 	5143
f 5162 	5163 	5164
f 5165 	5173 	5164
f 5162 	5164 	5167
f 4924 	5165 	5164
f 4924 	4889 	5166
f 5166 	5165 	4924
f 5173 	5144 	5494
f 5167 	5164 	5173
f 5165 	5166 	5144
f 5173 	5165 	5144
f 5162 	5227 	5163
f 5117 	5013 	5206
f 5013 	5016 	5206
f 5011 	5022 	5233
f 5024 	5025 	5230
f 5205 	5220 	5204
f 5204 	5219 	5206
f 5117 	5206 	5207
f 4987 	5011 	5205
f 5011 	5233 	5205
f 5205 	5204 	5016
f 5205 	5016 	4987
f 5207 	5219 	5551
f 5552 	5551 	5219
f 5207 	5206 	5219
f 5219 	5204 	5220
f 5220 	5205 	5233
f 5220 	5233 	5221
f 5221 	5225 	5574
f 5232 	5227 	5230
f 5230 	5225 	5234
f 5234 	5225 	5233
f 5163 	5227 	5232
f 5221 	5233 	5225
f 5225 	5230 	5226
f 5226 	5230 	5227
f 5233 	5022 	5234
f 5024 	5230 	5022
f 5022 	5230 	5234
f 5025 	5232 	5230
f 5232 	5025 	5163
f 5056 	5241 	5154
f 5075 	5241 	5056
f 5241 	5245 	5270
f 5428 	5425 	5440
f 5243 	5241 	5270
f 5245 	5241 	5075
f 5273 	5245 	5070
f 5254 	5256 	5272
f 5271 	5259 	5272
f 5273 	5272 	5256
f 5245 	5273 	5256
f 5270 	5245 	5256
f 5254 	5272 	5259
f 5336 	5373 	5271
f 5259 	5271 	5373
f 5273 	5070 	5272
f 5071 	5271 	5272
f 5069 	5071 	5272
f 5075 	5070 	5245
f 5071 	5105 	5271
f 5336 	5271 	5105
f 5305 	5322 	5304
f 5298 	5507 	5304
f 5270 	5304 	5243
f 5304 	5270 	5305
f 5270 	5256 	5305
f 5298 	5304 	5322
f 5256 	5254 	5319
f 5319 	5326 	5320
f 5320 	5326 	5305
f 5254 	5259 	5319
f 5305 	5256 	5320
f 5320 	5256 	5319
f 5319 	5332 	5325
f 5325 	5329 	5319
f 5322 	5305 	5326
f 5326 	5319 	5329
f 5319 	5259 	5332
f 5339 	5350 	5337
f 5338 	5339 	5337
f 5350 	5373 	5337
f 5336 	5337 	5373
f 5105 	5337 	5336
f 5107 	5338 	5337
f 5106 	5107 	5337
f 5350 	5339 	5395
f 5338 	5388 	5339
f 5395 	5394 	5373
f 5350 	5395 	5373
f 5386 	5120 	5207
f 5551 	5554 	5386
f 5386 	5351 	5388
f 5388 	5338 	5107
f 5351 	5339 	5388
f 5389 	5351 	5386
f 5396 	5397 	5395
f 5397 	5410 	5395
f 5410 	5408 	5395
f 5339 	5396 	5395
f 5259 	5373 	5332
f 5394 	5332 	5373
f 5396 	5416 	5397
f 5410 	5690 	5408
f 5397 	5690 	5410
f 5325 	5332 	5408
f 5394 	5408 	5332
f 5394 	5395 	5408
f 5591 	5418 	5415
f 5418 	5404 	5415
f 5416 	5415 	5404
f 5396 	5339 	5416
f 5339 	5351 	5416
f 5351 	5389 	5415
f 5415 	5416 	5351
f 5404 	5397 	5416
f 5422 	5144 	5143
f 5503 	5425 	5506
f 5243 	5304 	5428
f 5428 	5304 	5506
f 5243 	5428 	5241
f 5440 	5241 	5428
f 5494 	5422 	5424
f 5423 	5424 	5422
f 5422 	5439 	5423
f 5425 	5423 	5439
f 5439 	5440 	5425
f 5439 	5155 	5440
f 5154 	5440 	5155
f 5154 	5241 	5440
f 5422 	5143 	5155
f 5439 	5422 	5155
f 5452 	5492 	5451
f 5162 	5452 	5451
f 5167 	5452 	5162
f 5489 	5497 	5452
f 5173 	5489 	5452
f 5167 	5173 	5452
f 5173 	5494 	5489
f 5497 	5489 	5424
f 5494 	5424 	5489
f 5499 	5544 	5492
f 5492 	5452 	5499
f 5499 	5452 	5497
f 5544 	5499 	5497
f 5545 	5544 	5497
f 5503 	5506 	5508
f 5507 	5508 	5506
f 5508 	5526 	5503
f 5502 	5503 	5526
f 5423 	5502 	5424
f 5503 	5502 	5425
f 5425 	5502 	5423
f 5428 	5506 	5425
f 5508 	5507 	5731
f 5506 	5304 	5507
f 5546 	5502 	5509
f 5509 	5527 	5546
f 5527 	5529 	5544
f 5544 	5545 	5527
f 5526 	5509 	5502
f 5616 	5617 	5610
f 5528 	5610 	5543
f 5543 	5544 	5528
f 5529 	5528 	5544
f 5545 	5546 	5527
f 5546 	5497 	5424
f 5545 	5497 	5546
f 5546 	5424 	5502
f 5544 	5543 	5492
f 5386 	5207 	5551
f 5553 	5561 	5552
f 5552 	5558 	5551
f 5389 	5386 	5554
f 5553 	5552 	5219
f 5220 	5553 	5219
f 5221 	5553 	5220
f 5389 	5554 	5415
f 5554 	5551 	5558
f 5558 	5552 	5561
f 5553 	5574 	5561
f 5492 	5571 	5451
f 5568 	5569 	5571
f 5569 	5451 	5571
f 5571 	5583 	5568
f 5568 	5567 	5225
f 5226 	5568 	5225
f 5227 	5569 	5568
f 5451 	5569 	5227
f 5226 	5227 	5568
f 5227 	5162 	5451
f 5492 	5543 	5571
f 5567 	5581 	5574
f 5565 	5561 	5574
f 5221 	5574 	5553
f 5574 	5225 	5567
f 5614 	5565 	5581
f 5583 	5571 	5616
f 5617 	5616 	5571
f 5565 	5574 	5581
f 5583 	5581 	5568
f 5567 	5568 	5581
f 5589 	5600 	5588
f 5588 	5598 	5590
f 5415 	5590 	5591
f 5554 	5590 	5415
f 5554 	5558 	5590
f 5588 	5590 	5558
f 5589 	5588 	5558
f 5589 	5558 	5561
f 5589 	5561 	5565
f 5591 	5590 	5598
f 5598 	5588 	5600
f 5528 	5756 	5610
f 5608 	5613 	5830
f 5616 	5610 	5611
f 5611 	5613 	5616
f 5616 	5613 	5615
f 5543 	5610 	5617
f 5589 	5614 	5600
f 5608 	5600 	5614
f 5614 	5615 	5613
f 5613 	5608 	5614
f 5617 	5571 	5543
f 5614 	5589 	5565
f 5581 	5615 	5614
f 5581 	5583 	5616
f 5581 	5616 	5615
f 5298 	5625 	5507
f 5507 	5625 	5731
f 5626 	5635 	5625
f 5633 	5640 	5626
f 5625 	5298 	5322
f 5322 	5626 	5625
f 5633 	5626 	5326
f 5627 	5625 	5635
f 5322 	5326 	5626
f 5329 	5634 	5326
f 5634 	5633 	5326
f 5634 	5329 	5325
f 5634 	5325 	5639
f 5640 	5633 	5634
f 5635 	5626 	5640
f 5325 	5408 	5639
f 5639 	5641 	5634
f 5634 	5642 	5640
f 5689 	5679 	5639
f 5642 	5634 	5641
f 5639 	5408 	5689
f 5661 	5672 	5660
f 5772 	5660 	5773
f 5659 	5773 	5660
f 5732 	5627 	5660
f 5660 	5627 	5635
f 5661 	5660 	5635
f 5635 	5640 	5661
f 5669 	5670 	5668
f 5675 	5674 	5668
f 5663 	5668 	5674
f 5642 	5668 	5640
f 5663 	5640 	5668
f 5668 	5641 	5669
f 5642 	5641 	5668
f 5661 	5663 	5674
f 5659 	5660 	5672
f 5663 	5661 	5640
f 5672 	5661 	5674
f 5907 	5674 	5675
f 5675 	5668 	5670
f 5907 	5675 	5670
f 5689 	5690 	5679
f 5641 	5639 	5679
f 5691 	5683 	5690
f 5679 	5690 	5682
f 5682 	5690 	5683
f 5691 	5704 	5683
f 5397 	5704 	5691
f 5408 	5690 	5689
f 5690 	5397 	5691
f 5817 	5823 	5703
f 5703 	5688 	5704
f 5688 	5703 	5700
f 5688 	5683 	5704
f 5700 	5703 	5823
f 5591 	5703 	5418
f 5397 	5404 	5704
f 5404 	5418 	5703
f 5703 	5704 	5404
f 5709 	5715 	5707
f 5708 	5709 	5707
f 5706 	5669 	5679
f 5707 	5706 	5679
f 5679 	5682 	5707
f 5707 	5683 	5708
f 5682 	5683 	5707
f 5721 	5683 	5688
f 5708 	5721 	5709
f 5715 	5716 	5707
f 5706 	5707 	5716
f 5670 	5669 	5716
f 5641 	5679 	5669
f 5715 	5944 	5716
f 5706 	5716 	5669
f 5942 	5890 	5716
f 5722 	5712 	5720
f 5721 	5720 	5712
f 5683 	5721 	5708
f 5700 	5720 	5688
f 5700 	5823 	5720
f 5688 	5720 	5721
f 5712 	5709 	5721
f 5508 	5731 	5730
f 5625 	5732 	5731
f 5625 	5627 	5732
f 5748 	5731 	5732
f 5746 	5730 	5748
f 5733 	5730 	5746
f 5731 	5748 	5730
f 5508 	5730 	5733
f 5526 	5508 	5733
f 5732 	5660 	5772
f 5733 	5743 	5760
f 5509 	5733 	5760
f 5509 	5526 	5733
f 5772 	5771 	5748
f 5772 	5748 	5732
f 5743 	5733 	5746
f 5743 	5804 	5750
f 5757 	5758 	5750
f 5753 	5752 	5757
f 5750 	5753 	5757
f 5758 	5760 	5750
f 5743 	5750 	5760
f 5756 	5757 	5752
f 5757 	5527 	5758
f 5842 	5610 	5756
f 5757 	5756 	5528
f 5529 	5757 	5528
f 5529 	5527 	5757
f 5527 	5509 	5760
f 5760 	5758 	5527
f 5773 	5774 	5772
f 5771 	5772 	5774
f 5774 	5784 	5771
f 5770 	5771 	5784
f 5804 	5770 	5781
f 5746 	5770 	5743
f 5804 	5743 	5770
f 5770 	5746 	5748
f 5770 	5748 	5771
f 5784 	5774 	5983
f 5983 	5781 	5784
f 6002 	5798 	5781
f 5806 	5807 	5797
f 5806 	5797 	5870
f 5803 	5804 	5798
f 5781 	5798 	5804
f 5784 	5781 	5770
f 5797 	5807 	5800
f 5803 	5798 	5807
f 5798 	5800 	5807
f 5803 	5750 	5804
f 5807 	5750 	5803
f 5752 	5753 	5807
f 5750 	5807 	5753
f 5752 	5807 	5806
f 5831 	5839 	5830
f 5817 	5703 	5591
f 5814 	5817 	5598
f 5817 	5591 	5598
f 5815 	5814 	5598
f 5815 	5598 	5600
f 5600 	5608 	5815
f 5815 	5819 	5814
f 5825 	5819 	5847
f 5814 	5825 	5817
f 5823 	5817 	5825
f 5825 	5814 	5819
f 5829 	5839 	5831
f 5818 	5819 	5830
f 5830 	5815 	5608
f 5613 	5831 	5830
f 5829 	5613 	5611
f 5829 	5831 	5613
f 5858 	5818 	5839
f 5806 	5841 	5752
f 5842 	5841 	5829
f 5752 	5841 	5756
f 5815 	5830 	5819
f 5818 	5830 	5839
f 5839 	5829 	5840
f 5840 	5829 	5841
f 5842 	5756 	5841
f 5610 	5842 	5829
f 5611 	5610 	5829
f 5846 	5851 	5848
f 5847 	5855 	5846
f 5722 	5720 	5849
f 5848 	5849 	5720
f 5847 	5819 	5818
f 5720 	5823 	5848
f 5823 	5825 	5848
f 5846 	5848 	5825
f 5847 	5846 	5825
f 5856 	5855 	5858
f 5849 	5848 	5851
f 5851 	5846 	5855
f 5847 	5858 	5855
f 5860 	5865 	5859
f 5859 	5865 	5858
f 5864 	5870 	5860
f 5858 	5847 	5818
f 5839 	5859 	5858
f 5839 	5860 	5859
f 5839 	5840 	5860
f 5841 	5860 	5840
f 5806 	5870 	5864
f 5856 	5858 	5865
f 5841 	5864 	5860
f 5841 	5806 	5864
f 5865 	6058 	5856
f 5865 	5860 	5869
f 5869 	6054 	5865
f 6054 	5869 	5870
f 5869 	5860 	5870
f 5875 	5872 	5991
f 5982 	5875 	5991
f 5876 	5891 	5875
f 5659 	5875 	5773
f 5659 	5672 	5875
f 5876 	5875 	5672
f 5906 	5876 	5674
f 5892 	5933 	5891
f 5907 	5892 	5906
f 5876 	5906 	5891
f 5872 	5875 	5891
f 5891 	5906 	5892
f 5907 	5890 	5903
f 5892 	5907 	5901
f 5901 	5907 	5903
f 5942 	5945 	5890
f 5903 	5890 	5945
f 5672 	5674 	5876
f 5674 	5907 	5906
f 5890 	5907 	5670
f 5925 	5929 	5919
f 5891 	5925 	5919
f 5919 	5872 	5891
f 5925 	5891 	5933
f 5934 	5930 	5933
f 5933 	5930 	5925
f 5920 	5919 	5929
f 5929 	5925 	5930
f 5935 	5932 	5934
f 5930 	5934 	5931
f 5931 	5934 	5932
f 5934 	5933 	5892
f 5892 	5901 	5934
f 5901 	5903 	5934
f 5934 	5903 	5935
f 5903 	5945 	5935
f 5670 	5716 	5890
f 5944 	5939 	5947
f 5944 	5946 	5945
f 5944 	5945 	5942
f 5942 	5716 	5944
f 5944 	5709 	5939
f 5715 	5709 	5944
f 5960 	5935 	5945
f 5946 	5944 	5947
f 5974 	5949 	5972
f 5972 	5949 	5952
f 5952 	5949 	5956
f 5957 	5949 	5939
f 5956 	5949 	5957
f 5947 	5939 	5949
f 5956 	5722 	5849
f 5939 	5709 	5957
f 5709 	5712 	5957
f 5712 	5722 	5956
f 5956 	5957 	5712
f 5959 	5960 	5945
f 5959 	5970 	5960
f 5946 	5959 	5945
f 5959 	5961 	5962
f 5962 	5969 	5959
f 5946 	5947 	5959
f 5959 	5947 	5961
f 5947 	5974 	5961
f 5961 	5974 	5962
f 5969 	6135 	5970
f 5960 	5970 	5935
f 5932 	5935 	5970
f 5969 	5970 	5959
f 5975 	5965 	5972
f 5974 	5972 	5965
f 5974 	5947 	5949
f 5965 	5962 	5974
f 5773 	5982 	5774
f 5981 	5774 	5982
f 5982 	5984 	5981
f 5983 	5981 	5984
f 5991 	5984 	5982
f 5984 	5985 	5983
f 5985 	5993 	5983
f 5875 	5982 	5773
f 5983 	6002 	5781
f 5774 	5981 	5983
f 5991 	6018 	5984
f 6001 	6002 	5996
f 6002 	5983 	5993
f 5996 	6025 	5997
f 5997 	6005 	5996
f 6005 	5998 	5995
f 6001 	5996 	6005
f 5993 	5996 	6002
f 6049 	5995 	5998
f 5997 	5998 	6005
f 6005 	5798 	6001
f 5798 	6002 	6001
f 5797 	5800 	6005
f 5800 	5798 	6005
f 5797 	6005 	5995
f 5919 	6012 	6018
f 6017 	6018 	6011
f 6011 	6008 	6017
f 6016 	6017 	6008
f 6010 	6016 	6008
f 6011 	6018 	6012
f 6012 	5919 	5920
f 5984 	6016 	5985
f 6016 	5984 	6017
f 5984 	6018 	6017
f 5872 	5919 	5991
f 5919 	6018 	5991
f 6016 	5993 	5985
f 6175 	6023 	6010
f 6028 	6010 	6026
f 6026 	6023 	6025
f 6022 	6019 	6025
f 6024 	6025 	6019
f 6022 	6025 	6023
f 6028 	6016 	6010
f 6023 	6026 	6010
f 5993 	6028 	5996
f 5996 	6026 	6025
f 6026 	5996 	6028
f 5998 	6025 	6024
f 5998 	5997 	6025
f 6016 	6028 	5993
f 6038 	6066 	6037
f 6041 	6038 	6040
f 6040 	6037 	6042
f 5956 	6042 	6036
f 5952 	5956 	6036
f 6036 	6042 	6037
f 6037 	6040 	6038
f 6038 	6041 	6039
f 5956 	5849 	6042
f 5849 	5851 	6042
f 6040 	6042 	5851
f 6041 	6040 	5851
f 5851 	5855 	6041
f 5855 	5856 	6041
f 6049 	6085 	6050
f 6054 	6046 	6059
f 6058 	6059 	6046
f 6046 	6039 	6058
f 6058 	6039 	6041
f 6056 	6049 	6054
f 5995 	6049 	6056
f 6050 	6054 	6049
f 6046 	6054 	6050
f 6041 	5856 	6058
f 5865 	6059 	6058
f 5870 	5797 	5995
f 5995 	6056 	5870
f 5865 	6054 	6059
f 5870 	6056 	6054
f 6064 	6068 	5972
f 6065 	6075 	6064
f 6066 	6078 	6065
f 5975 	5972 	6068
f 6036 	6064 	5972
f 5972 	5952 	6036
f 6065 	6064 	6037
f 6036 	6037 	6064
f 6037 	6066 	6065
f 6039 	6066 	6038
f 6068 	6064 	6075
f 6075 	6065 	6078
f 6066 	6081 	6078
f 6081 	6066 	6039
f 6081 	6046 	6082
f 6046 	6081 	6039
f 6049 	6086 	6085
f 6085 	6088 	6082
f 6081 	6082 	6088
f 6019 	6090 	6024
f 6086 	6090 	6085
f 6088 	6085 	6087
f 6088 	6080 	6081
f 6085 	6082 	6046
f 5998 	6024 	6049
f 6049 	6024 	6086
f 6046 	6050 	6085
f 6080 	6078 	6081
f 6086 	6024 	6090
f 6087 	6085 	6090
f 6104 	5929 	5930
f 5930 	5931 	6109
f 6110 	6109 	5932
f 5931 	5932 	6109
f 6104 	6107 	6102
f 6102 	6100 	6159
f 5920 	5929 	6102
f 5929 	6104 	6102
f 6108 	6106 	6224
f 6105 	6106 	6109
f 6110 	6105 	6109
f 6106 	6108 	6109
f 6111 	6108 	6104
f 6105 	6110 	6131
f 6100 	6102 	6107
f 6107 	6104 	6108
f 6111 	6109 	6108
f 6111 	6104 	5930
f 6111 	5930 	6109
f 6145 	6126 	5962
f 5965 	6145 	5962
f 6135 	5969 	5962
f 6134 	6110 	5970
f 6135 	6131 	6134
f 6126 	6127 	6135
f 6145 	6127 	6126
f 6127 	6145 	6128
f 6110 	6134 	6131
f 6131 	6135 	6132
f 6127 	6132 	6135
f 6135 	5962 	6126
f 5932 	5970 	6110
f 5970 	6135 	6134
f 6127 	6128 	6284
f 6140 	6128 	6143
f 6145 	6143 	6128
f 5965 	5975 	6143
f 6143 	6145 	5965
f 6161 	6008 	6011
f 6011 	6012 	6163
f 6012 	6102 	6163
f 6102 	6012 	5920
f 6019 	6022 	6173
f 6173 	6022 	6023
f 6173 	6023 	6174
f 6161 	6175 	6010
f 6023 	6175 	6174
f 6315 	6157 	6158
f 6158 	6316 	6315
f 6159 	6325 	6158
f 6162 	6157 	6161
f 6159 	6163 	6102
f 6156 	6161 	6157
f 6163 	6158 	6162
f 6157 	6162 	6158
f 6158 	6163 	6159
f 6008 	6161 	6010
f 6011 	6162 	6161
f 6011 	6163 	6162
f 6165 	6156 	6331
f 6173 	6174 	6165
f 6156 	6165 	6174
f 6156 	6174 	6175
f 6161 	6156 	6175
f 6173 	6167 	6172
f 6167 	6173 	6170
f 6165 	6170 	6173
f 6019 	6173 	6172
f 6210 	6090 	6172
f 5975 	6068 	6143
f 6192 	6195 	6075
f 6088 	6087 	6198
f 6202 	6080 	6088
f 6090 	6210 	6198
f 6087 	6090 	6198
f 6201 	6205 	6202
f 6192 	6193 	6187
f 6192 	6190 	6195
f 6143 	6195 	6189
f 6140 	6143 	6189
f 6187 	6190 	6192
f 6189 	6195 	6190
f 6143 	6068 	6195
f 6068 	6075 	6195
f 6075 	6193 	6192
f 6078 	6193 	6075
f 6078 	6080 	6193
f 6193 	6080 	6202
f 6198 	6201 	6088
f 6193 	6202 	6187
f 6198 	6205 	6201
f 6088 	6201 	6202
f 6417 	6188 	6205
f 6187 	6202 	6188
f 6188 	6202 	6205
f 6210 	6206 	6198
f 6167 	6206 	6172
f 6207 	6198 	6206
f 6205 	6198 	6207
f 6210 	6172 	6206
f 6019 	6172 	6090
f 6100 	6212 	6159
f 6107 	6212 	6100
f 6212 	6215 	6323
f 6107 	6217 	6212
f 6108 	6217 	6107
f 6131 	6223 	6105
f 6223 	6224 	6105
f 6224 	6106 	6105
f 6225 	6226 	6241
f 6212 	6217 	6225
f 6229 	6226 	6217
f 6229 	6224 	6226
f 6223 	6228 	6224
f 6215 	6212 	6225
f 6225 	6217 	6226
f 6226 	6224 	6227
f 6227 	6224 	6228
f 6229 	6217 	6108
f 6108 	6224 	6229
f 6241 	6243 	6234
f 6354 	6234 	6350
f 6237 	6350 	6234
f 6225 	6241 	6234
f 6234 	6215 	6225
f 6226 	6252 	6241
f 6250 	6244 	6252
f 6252 	6244 	6241
f 6237 	6234 	6243
f 6243 	6241 	6244
f 6251 	6248 	6250
f 6244 	6250 	6246
f 6246 	6250 	6248
f 6252 	6226 	6250
f 6227 	6250 	6226
f 6250 	6228 	6251
f 6228 	6259 	6251
f 6228 	6250 	6227
f 6289 	6251 	6259
f 6268 	6262 	6267
f 6284 	6262 	6268
f 6266 	6267 	6259
f 6228 	6223 	6259
f 6266 	6259 	6223
f 6262 	6260 	6267
f 6260 	6259 	6267
f 6127 	6284 	6268
f 6266 	6223 	6131
f 6131 	6132 	6267
f 6132 	6127 	6267
f 6267 	6266 	6131
f 6267 	6127 	6268
f 6262 	6263 	6304
f 6279 	6263 	6282
f 6284 	6282 	6263
f 6262 	6284 	6263
f 6128 	6140 	6282
f 6140 	6189 	6282
f 6282 	6284 	6128
f 6292 	6297 	6290
f 6291 	6292 	6290
f 6297 	6300 	6290
f 6289 	6259 	6290
f 6260 	6290 	6259
f 6290 	6262 	6291
f 6260 	6262 	6290
f 6262 	6304 	6291
f 6291 	6304 	6292
f 6300 	6248 	6251
f 6289 	6290 	6300
f 6251 	6289 	6300
f 6297 	6502 	6300
f 6503 	6300 	6502
f 6297 	6292 	6502
f 6503 	6477 	6300
f 6305 	6295 	6303
f 6304 	6303 	6295
f 6263 	6279 	6303
f 6303 	6304 	6263
f 6295 	6292 	6304
f 6156 	6315 	6331
f 6156 	6157 	6315
f 6320 	6352 	6318
f 6215 	6234 	6323
f 6325 	6320 	6316
f 6317 	6315 	6318
f 6316 	6318 	6315
f 6317 	6334 	6332
f 6323 	6325 	6212
f 6318 	6316 	6320
f 6325 	6323 	6320
f 6158 	6325 	6316
f 6159 	6212 	6325
f 6165 	6331 	6332
f 6332 	6336 	6165
f 6331 	6317 	6332
f 6315 	6317 	6331
f 6334 	6337 	6336
f 6337 	6343 	6336
f 6206 	6167 	6335
f 6336 	6335 	6167
f 6170 	6336 	6167
f 6170 	6165 	6336
f 6372 	6334 	6317
f 6336 	6332 	6334
f 6394 	6335 	6343
f 6335 	6336 	6343
f 6349 	6548 	6348
f 6354 	6349 	6351
f 6351 	6348 	6352
f 6347 	6352 	6348
f 6348 	6351 	6349
f 6350 	6349 	6354
f 6318 	6352 	6317
f 6320 	6351 	6352
f 6323 	6354 	6320
f 6351 	6320 	6354
f 6323 	6234 	6354
f 6370 	6369 	6364
f 6371 	6370 	6367
f 6363 	6370 	6364
f 6363 	6367 	6370
f 6372 	6347 	6369
f 6352 	6347 	6372
f 6364 	6369 	6347
f 6367 	6440 	6371
f 6334 	6369 	6370
f 6334 	6372 	6369
f 6370 	6337 	6334
f 6372 	6317 	6352
f 6456 	6394 	6371
f 6370 	6371 	6343
f 6370 	6343 	6337
f 6377 	6303 	6279
f 6384 	6378 	6387
f 6385 	6381 	6384
f 6282 	6387 	6377
f 6377 	6279 	6282
f 6377 	6387 	6378
f 6378 	6384 	6381
f 6385 	6417 	6381
f 6382 	6381 	6417
f 6385 	6187 	6188
f 6282 	6189 	6387
f 6384 	6387 	6190
f 6189 	6190 	6387
f 6385 	6384 	6190
f 6385 	6190 	6187
f 6382 	6392 	6453
f 6418 	6392 	6417
f 6416 	6394 	6415
f 6418 	6415 	6392
f 6382 	6417 	6392
f 6393 	6415 	6394
f 6335 	6394 	6416
f 6392 	6415 	6393
f 6417 	6385 	6188
f 6205 	6418 	6417
f 6416 	6415 	6206
f 6415 	6207 	6206
f 6416 	6206 	6335
f 6205 	6207 	6415
f 6205 	6415 	6418
f 6424 	6435 	6423
f 6423 	6433 	6425
f 6305 	6303 	6426
f 6425 	6426 	6303
f 6377 	6425 	6303
f 6377 	6378 	6425
f 6423 	6425 	6378
f 6424 	6423 	6378
f 6381 	6424 	6378
f 6381 	6382 	6424
f 6426 	6425 	6433
f 6610 	6426 	6433
f 6433 	6423 	6435
f 6424 	6453 	6435
f 6436 	6437 	6624
f 6367 	6565 	6440
f 6456 	6440 	6455
f 6438 	6437 	6455
f 6454 	6455 	6437
f 6456 	6371 	6440
f 6453 	6454 	6437
f 6437 	6436 	6453
f 6438 	6455 	6440
f 6436 	6435 	6453
f 6424 	6382 	6453
f 6453 	6392 	6454
f 6455 	6393 	6394
f 6455 	6392 	6393
f 6455 	6394 	6456
f 6343 	6371 	6394
f 6392 	6455 	6454
f 6237 	6462 	6350
f 6237 	6243 	6462
f 6462 	6556 	6350
f 6552 	6462 	6464
f 6467 	6470 	6462
f 6467 	6462 	6243
f 6475 	6467 	6244
f 6476 	6471 	6475
f 6477 	6473 	6476
f 6475 	6471 	6467
f 6464 	6462 	6470
f 6470 	6467 	6471
f 6471 	6476 	6472
f 6472 	6476 	6473
f 6243 	6244 	6467
f 6246 	6476 	6244
f 6476 	6475 	6244
f 6246 	6248 	6476
f 6476 	6248 	6477
f 6248 	6300 	6477
f 6483 	6488 	6479
f 6483 	6479 	6470
f 6479 	6464 	6470
f 6496 	6483 	6471
f 6661 	6481 	6488
f 6497 	6489 	6496
f 6496 	6489 	6483
f 6481 	6479 	6488
f 6488 	6483 	6489
f 6499 	6491 	6497
f 6489 	6497 	6490
f 6490 	6497 	6491
f 6470 	6471 	6483
f 6497 	6496 	6471
f 6471 	6472 	6497
f 6472 	6473 	6497
f 6497 	6473 	6499
f 6473 	6508 	6499
f 6507 	6505 	6522
f 6509 	6502 	6505
f 6501 	6505 	6502
f 6509 	6508 	6502
f 6501 	6522 	6505
f 6503 	6508 	6477
f 6473 	6477 	6508
f 6503 	6502 	6508
f 6292 	6501 	6502
f 6520 	6507 	6522
f 6507 	6520 	6518
f 6426 	6612 	6520
f 6520 	6305 	6426
f 6501 	6292 	6522
f 6292 	6295 	6522
f 6295 	6305 	6520
f 6520 	6522 	6295
f 6532 	6527 	6531
f 6530 	6531 	6525
f 6491 	6499 	6525
f 6499 	6530 	6525
f 6525 	6531 	6526
f 6526 	6531 	6527
f 6530 	6499 	6508
f 6508 	6509 	6531
f 6509 	6505 	6531
f 6531 	6530 	6508
f 6505 	6532 	6531
f 6631 	6707 	6540
f 6540 	6529 	6542
f 6543 	6542 	6529
f 6532 	6543 	6527
f 6527 	6543 	6529
f 6505 	6543 	6532
f 6507 	6543 	6505
f 6518 	6542 	6507
f 6543 	6507 	6542
f 6542 	6518 	6608
f 6348 	6548 	6347
f 6464 	6479 	6552
f 6556 	6551 	6555
f 6555 	6550 	6548
f 6549 	6548 	6550
f 6462 	6552 	6556
f 6550 	6555 	6551
f 6551 	6556 	6552
f 6548 	6349 	6555
f 6349 	6350 	6555
f 6556 	6555 	6350
f 6566 	6559 	6565
f 6559 	6619 	6565
f 6567 	6561 	6566
f 6548 	6549 	6569
f 6559 	6566 	6560
f 6560 	6566 	6561
f 6569 	6549 	6567
f 6561 	6567 	6549
f 6566 	6363 	6364
f 6566 	6367 	6363
f 6566 	6364 	6567
f 6364 	6347 	6569
f 6569 	6567 	6364
f 6569 	6347 	6548
f 6566 	6565 	6367
f 6584 	6575 	6583
f 6577 	6586 	6479
f 6574 	6583 	6575
f 6586 	6576 	6584
f 6575 	6584 	6576
f 6479 	6481 	6577
f 6576 	6586 	6577
f 6550 	6583 	6549
f 6583 	6550 	6551
f 6583 	6551 	6584
f 6584 	6551 	6586
f 6552 	6586 	6551
f 6586 	6552 	6479
f 6597 	6595 	6596
f 6594 	6593 	6596
f 6656 	6592 	6593
f 6583 	6574 	6598
f 6592 	6596 	6593
f 6594 	6596 	6595
f 6597 	6598 	6574
f 6595 	6597 	6574
f 6559 	6560 	6596
f 6560 	6561 	6596
f 6596 	6592 	6559
f 6596 	6561 	6597
f 6561 	6549 	6598
f 6598 	6597 	6561
f 6598 	6549 	6583
f 6638 	6643 	6601
f 6610 	6611 	6602
f 6602 	6601 	6610
f 6610 	6601 	6612
f 6612 	6608 	6520
f 6518 	6520 	6608
f 6608 	6612 	6601
f 6426 	6610 	6612
f 6611 	6610 	6433
f 6435 	6611 	6433
f 6435 	6436 	6611
f 6618 	6628 	6621
f 6623 	6619 	6621
f 6620 	6621 	6628
f 6618 	6621 	6619
f 6621 	6620 	6437
f 6438 	6621 	6437
f 6440 	6623 	6621
f 6438 	6440 	6621
f 6624 	6437 	6620
f 6623 	6440 	6565
f 6559 	6592 	6619
f 6603 	6628 	6650
f 6628 	6618 	6645
f 6623 	6565 	6619
f 6628 	6603 	6624
f 6611 	6624 	6602
f 6603 	6602 	6624
f 6624 	6620 	6628
f 6624 	6611 	6436
f 6634 	6630 	6758
f 6638 	6632 	6643
f 6540 	6542 	6631
f 6643 	6631 	6542
f 6631 	6643 	6632
f 6632 	6638 	6634
f 6639 	6634 	6638
f 6639 	6650 	6634
f 6638 	6601 	6639
f 6602 	6639 	6601
f 6602 	6603 	6639
f 6542 	6608 	6643
f 6608 	6601 	6643
f 6618 	6619 	6645
f 6645 	6619 	6646
f 6592 	6646 	6619
f 6645 	6652 	6648
f 6630 	6634 	6650
f 6648 	6652 	6650
f 6646 	6656 	6645
f 6630 	6650 	6652
f 6639 	6603 	6650
f 6650 	6628 	6648
f 6628 	6645 	6648
f 6652 	6645 	6653
f 6592 	6656 	6646
f 6653 	6645 	6656
f 6661 	6664 	6731
f 6727 	6724 	6731
f 6577 	6481 	6661
f 6662 	6661 	6488
f 6671 	6662 	6489
f 6664 	6661 	6673
f 6672 	6677 	6671
f 6676 	6683 	6672
f 6671 	6677 	6662
f 6661 	6662 	6673
f 6488 	6489 	6662
f 6672 	6671 	6489
f 6489 	6490 	6672
f 6490 	6491 	6672
f 6673 	6662 	6677
f 6672 	6491 	6676
f 6673 	6677 	3890
f 6677 	6672 	6679
f 6491 	6525 	6676
f 6683 	6676 	6693
f 6679 	6672 	6683
f 6690 	6693 	6676
f 6673 	3890 	3887
f 3887 	6664 	6673
f 6677 	3891 	3890
f 6677 	6679 	3892
f 3892 	3891 	6677
f 6679 	6683 	3892
f 3892 	6683 	3889
f 6691 	6693 	6690
f 6692 	6702 	6691
f 6690 	6676 	6525
f 6525 	6526 	6691
f 6526 	6527 	6691
f 6691 	6690 	6525
f 6691 	6527 	6692
f 3895 	3889 	6693
f 6693 	6691 	6697
f 6697 	6691 	6702
f 6697 	6702 	3896
f 6692 	6708 	6702
f 6756 	6759 	6707
f 6709 	6706 	6707
f 6708 	6707 	6706
f 6631 	6756 	6707
f 6692 	6527 	6708
f 6527 	6529 	6708
f 6529 	6540 	6707
f 6707 	6708 	6529
f 6706 	6702 	6708
f 6706 	6709 	3893
f 6683 	6693 	3889
f 3896 	3895 	6693
f 6697 	3896 	6693
f 6702 	3898 	3896
f 3899 	3898 	6702
f 6706 	3899 	6702
f 6706 	3893 	3899
f 6724 	6727 	6719
f 6719 	6725 	6718
f 6736 	6746 	6720
f 6574 	6575 	6718
f 6718 	6575 	6576
f 6718 	6576 	6719
f 6577 	6724 	6576
f 6661 	6731 	6724
f 6720 	6718 	6725
f 6719 	6576 	6724
f 6577 	6661 	6724
f 6725 	6719 	6727
f 3906 	6725 	6727
f 3906 	6727 	3907
f 6747 	6737 	6735
f 6736 	6749 	6735
f 6593 	6594 	6735
f 6594 	6595 	6735
f 6735 	6734 	6593
f 6735 	6595 	6736
f 6718 	6720 	6746
f 6734 	6735 	6737
f 6595 	6574 	6746
f 6736 	6595 	6746
f 6746 	6574 	6718
f 6737 	6747 	3901
f 6747 	6735 	6749
f 6736 	6720 	6749
f 6737 	3901 	3900
f 3901 	6747 	6749
f 3901 	6749 	3902
f 3903 	3902 	6749
f 6720 	3903 	6749
f 6720 	6725 	3906
f 6720 	3906 	3903
f 3907 	6727 	3904
f 6731 	3904 	6727
f 6731 	3887 	3904
f 3887 	6731 	6664
f 6757 	6760 	6756
f 6758 	6762 	6757
f 6709 	6707 	6759
f 6757 	6756 	6632
f 6631 	6632 	6756
f 6632 	6634 	6758
f 6758 	6757 	6632
f 6759 	3908 	3893
f 6759 	3893 	6709
f 6759 	6756 	6760
f 6758 	6767 	6762
f 6760 	6757 	6762
f 6760 	6762 	3912
f 6765 	6767 	6788
f 6769 	6788 	6768
f 6767 	6768 	6788
f 6765 	6762 	6767
f 6767 	6630 	6652
f 6758 	6630 	6767
f 6767 	6652 	6768
f 6652 	6653 	6769
f 6653 	6656 	6769
f 6769 	6768 	6652
f 6787 	6793 	6769
f 6787 	6769 	6656
f 6593 	6734 	6656
f 6737 	6793 	6734
f 6788 	6769 	6790
f 6787 	6656 	6734
f 6787 	6734 	6793
f 6790 	6769 	6793
f 6793 	6737 	3900
f 6793 	3900 	3909
f 6759 	6760 	3908
f 3910 	3908 	6760
f 6765 	3912 	6762
f 3912 	3910 	6760
f 3912 	6765 	3913
f 6765 	6788 	3913
f 3913 	6788 	3914
f 6790 	3915 	6788
f 3915 	6790 	6793
f 6788 	3915 	3914
f 6793 	3909 	3915
f 7267 	7188 	7143
f 7192 	7143 	3484
f 7208 	7192 	7205
f 3573 	3834 	7192
f 3484 	3573 	7192
f 7209 	7192 	7208
f 7209 	7219 	7192
f 7192 	7213 	7214
f 7218 	7192 	7217
f 7213 	7192 	7218
f 7217 	7192 	7219
f 7192 	7230 	7143
f 7214 	7234 	7192
f 7234 	7668 	7192
f 7267 	7297 	7188
f 7267 	7143 	7230
f 7742 	7267 	7230
f 7702 	7704 	7230
f 7742 	7600 	7267
f 7800 	7297 	7600
f 7600 	7297 	7267
f 7192 	3834 	7621
f 7624 	7625 	7623
f 7625 	7645 	7623
f 7645 	7644 	7623
f 7633 	7623 	7621
f 7642 	7192 	7641
f 7644 	7641 	7623
f 7192 	7621 	7641
f 7645 	7652 	7644
f 7647 	7644 	7652
f 7651 	7647 	7652
f 7654 	7651 	7652
f 7205 	7192 	7204
f 7623 	7641 	7621
f 7658 	7192 	7642
f 7204 	7192 	7658
f 7662 	7627 	8119
f 4044 	7627 	7662
f 7662 	4298 	4167
f 7630 	7632 	7621
f 7696 	7698 	7621
f 7632 	7633 	7621
f 4298 	7662 	8119
f 7662 	4034 	4044
f 7673 	7192 	7668
f 7192 	7673 	7680
f 7680 	7683 	7192
f 7683 	7685 	7192
f 7690 	7230 	7688
f 7192 	7685 	7686
f 7192 	7686 	7688
f 7693 	7230 	7691
f 7698 	7678 	7621
f 7630 	7621 	7678
f 7716 	7702 	7230
f 7742 	7230 	7704
f 7690 	7691 	7230
f 7688 	7230 	7192
f 8316 	8317 	7627
f 7704 	7714 	7742
f 7627 	4044 	8316
f 7712 	4005 	7711
f 7724 	7726 	7742
f 7726 	7730 	7742
f 7730 	11550 	7742
f 7711 	4005 	7721
f 7716 	7230 	7693
f 4005 	7709 	7725
f 7729 	8343 	4005
f 7725 	7729 	4005
f 7714 	7724 	7742
f 8346 	7957 	8345
f 4005 	7760 	7768
f 7772 	4005 	7771
f 7772 	7774 	4005
f 4005 	7774 	9581
f 7771 	4005 	7778
f 4005 	7768 	7778
f 9581 	7786 	7787
f 7774 	7786 	9581
f 7759 	7758 	7297
f 7800 	7785 	7297
f 528 	7785 	7800
f 7759 	7297 	7785
f 7297 	7758 	7775
f 7807 	7775 	7750
f 7297 	7775 	7807
f 7760 	4005 	7718
f 7718 	4005 	7712
f 7871 	7872 	7143
f 7871 	7143 	7188
f 7871 	7188 	7873
f 7879 	7957 	7878
f 7143 	7878 	7957
f 7878 	7143 	7883
f 7872 	7883 	7143
f 7886 	7957 	7885
f 7879 	7885 	7957
f 7886 	7888 	7957
f 7895 	7898 	7957
f 7897 	7912 	7957
f 7896 	7957 	7898
f 7905 	7909 	7188
f 7904 	7905 	7188
f 7873 	7188 	7906
f 7906 	7188 	7909
f 7913 	7957 	7912
f 8053 	8244 	8052
f 8052 	7957 	8054
f 7904 	7188 	7934
f 7934 	7188 	7939
f 8244 	8531 	7957
f 8052 	8244 	7957
f 8371 	8345 	7957
f 8347 	8348 	7957
f 7957 	8346 	8347
f 7895 	7957 	7893
f 7893 	7957 	7888
f 7896 	7897 	7957
f 7913 	7916 	7957
f 7916 	8054 	7957
f 8348 	8349 	7957
f 7957 	3484 	7143
f 8020 	8021 	8019
f 8017 	8020 	8019
f 8276 	8045 	8046
f 8047 	8276 	8046
f 8049 	8056 	8244
f 8048 	8049 	8244
f 8244 	8053 	8048
f 8276 	8244 	8069
f 7775 	8020 	8017
f 8059 	8021 	8020
f 8276 	8069 	8045
f 8215 	8075 	8076
f 8215 	8076 	8077
f 8077 	8087 	8215
f 8013 	8021 	8059
f 8215 	8087 	8089
f 4316 	8103 	4322
f 8103 	3949 	4322
f 8103 	4316 	8083
f 3952 	3949 	8103
f 8066 	8105 	8110
f 8066 	8110 	8024
f 8219 	8013 	8059
f 8093 	8083 	4316
f 8119 	7627 	8017
f 8019 	8021 	4300
f 8019 	4300 	4299
f 8119 	8017 	8019
f 8215 	8089 	8123
f 4299 	8119 	8019
f 4299 	4298 	8119
f 8021 	8013 	4314
f 8013 	4315 	4314
f 4314 	4300 	8021
f 4315 	8013 	8093
f 4315 	8093 	4316
f 11782 	11784 	8133
f 8103 	8133 	3952
f 8103 	8083 	8133
f 8275 	8139 	8141
f 8140 	8141 	8139
f 8138 	8139 	8275
f 8148 	8275 	8141
f 8138 	8159 	8162
f 8275 	8159 	8138
f 8161 	8162 	8159
f 8275 	8276 	8159
f 8163 	8159 	8276
f 8074 	8075 	8215
f 8083 	8144 	8178
f 8083 	8093 	8144
f 8133 	8083 	8178
f 8163 	8276 	8165
f 142 	147 	8144
f 8209 	8276 	8023
f 8110 	8209 	8024
f 8024 	8209 	8023
f 8183 	8023 	8276
f 8196 	8276 	8047
f 8059 	7785 	528
f 7785 	8059 	7759
f 8276 	8196 	8183
f 8219 	8059 	528
f 8017 	8310 	7750
f 8017 	7750 	7775
f 7759 	8020 	7758
f 7775 	7758 	8020
f 8209 	8180 	8276
f 8180 	8165 	8276
f 8059 	8020 	7759
f 8171 	8215 	8232
f 8215 	8123 	7188
f 7938 	7188 	8123
f 7938 	7939 	7188
f 8080 	8074 	8215
f 528 	555 	8219
f 8219 	555 	557
f 8232 	8215 	8231
f 557 	8144 	8219
f 8150 	8221 	8215
f 8093 	8219 	8144
f 8215 	8221 	8222
f 8227 	8215 	8226
f 8222 	8224 	8215
f 8231 	8215 	8227
f 8080 	8215 	8171
f 8224 	8226 	8215
f 8093 	8013 	8219
f 9581 	4016 	4005
f 8317 	8276 	8275
f 8215 	7807 	8275
f 8056 	8069 	8244
f 8317 	8316 	8276
f 8148 	8150 	8215
f 8215 	8275 	8148
f 7297 	7807 	8215
f 7188 	7297 	8215
f 8312 	7627 	8317
f 8310 	8312 	8317
f 7750 	8310 	7807
f 8310 	8317 	7807
f 8317 	8275 	7807
f 8312 	8310 	8017
f 8312 	8017 	7627
f 8656 	8657 	4005
f 9508 	9509 	4005
f 8338 	7721 	4005
f 8656 	4005 	8482
f 8343 	8482 	4005
f 8365 	7957 	8349
f 8371 	7957 	8370
f 8376 	9579 	7791
f 8381 	7957 	8382
f 8370 	7957 	8381
f 4044 	4016 	9690
f 8382 	7957 	8531
f 9508 	4005 	9507
f 9509 	9492 	4005
f 8338 	4005 	8653
f 9507 	4005 	8657
f 8683 	9579 	8376
f 8244 	9579 	8531
f 9492 	9493 	4005
f 9493 	8653 	4005
f 9516 	9517 	9579
f 9521 	9522 	9993
f 9521 	9994 	9524
f 9993 	9994 	9521
f 9579 	9535 	9516
f 10168 	10170 	9579
f 9517 	10165 	9579
f 9579 	9591 	9535
f 9581 	7787 	7790
f 9599 	9579 	9598
f 7790 	9579 	9581
f 7790 	7791 	9579
f 9598 	9579 	9603
f 9599 	9591 	9579
f 9603 	9579 	8683
f 9690 	9689 	8276
f 9579 	8244 	9581
f 8316 	9690 	8276
f 9689 	9690 	4016
f 9689 	4016 	9581
f 9581 	8244 	9689
f 10164 	10165 	9520
f 9992 	9993 	9522
f 9520 	9524 	9994
f 10170 	10172 	9579
f 10172 	8692 	9579
f 10168 	9579 	10165
f 8244 	8276 	9689
f 8316 	4044 	9690
f 9517 	9520 	10165
f 9520 	10167 	10164
f 9994 	10167 	9520
f 8692 	8531 	9579
f 2022 	10873 	2025
f 10795 	10811 	10794
f 10701 	10873 	10699
f 10699 	10873 	10784
f 2025 	10873 	10701
f 10797 	10550 	10790
f 10800 	10788 	10799
f 10799 	10785 	10801
f 10790 	10550 	10785
f 10801 	10785 	10550
f 10804 	10910 	10809
f 10788 	11025 	10792
f 10809 	10897 	10811
f 10811 	10795 	10810
f 10792 	10810 	10795
f 10825 	10895 	10805
f 10856 	10857 	10792
f 10857 	10810 	10792
f 10876 	10811 	10897
f 10874 	10784 	10873
f 10825 	10784 	10874
f 10873 	2022 	2190
f 10794 	10811 	10876
f 10896 	10908 	10805
f 10896 	10805 	10895
f 10874 	10895 	10825
f 10909 	10910 	10804
f 528 	7600 	555
f 10804 	10805 	10908
f 10909 	10804 	10908
f 10897 	10809 	10910
f 11049 	10957 	3916
f 10960 	2677 	2618
f 2618 	2677 	2611
f 528 	7800 	7600
f 10958 	3916 	10957
f 10963 	10965 	3916
f 10961 	2677 	10960
f 10961 	11050 	2677
f 10963 	3916 	10958
f 10967 	10997 	3916
f 10997 	11048 	3916
f 3916 	11032 	3918
f 11015 	11004 	3918
f 11009 	10788 	11002
f 11002 	10788 	10800
f 11007 	3918 	11005
f 11040 	11042 	10792
f 10785 	10799 	10788
f 11011 	10788 	11010
f 11010 	10788 	11009
f 11003 	3918 	11004
f 3916 	10788 	11021
f 11022 	3916 	11021
f 11025 	10788 	11024
f 11040 	10792 	11025
f 10788 	3916 	11024
f 11021 	10788 	11029
f 11011 	11029 	10788
f 3916 	11022 	11032
f 11033 	3918 	11032
f 11034 	3918 	11033
f 11015 	3918 	11034
f 10792 	11042 	10856
f 11048 	11024 	3916
f 11049 	2677 	11050
f 10966 	10967 	3916
f 3916 	10965 	10966
f 3947 	11419 	3945
f 11419 	11421 	3945
f 11259 	11264 	11258
f 11260 	10549 	11258
f 10550 	10797 	10549
f 10797 	11258 	10549
f 11260 	11258 	11264
f 11263 	11279 	11259
f 11264 	11259 	11279
f 11263 	11267 	11279
f 11283 	11279 	11267
f 11283 	11267 	11280
f 11284 	11283 	11280
f 11286 	11283 	11284
f 3245 	11336 	11297
f 11302 	11303 	3947
f 11419 	3947 	11303
f 11314 	11315 	3945
f 4005 	11315 	11316
f 11316 	11320 	4005
f 7708 	4005 	11317
f 7709 	4005 	7708
f 11323 	4005 	11320
f 11317 	4005 	11323
f 11515 	11512 	7957
f 8365 	8367 	7957
f 11515 	7957 	8367
f 11336 	3242 	11335
f 11338 	11339 	11336
f 11296 	11297 	11336
f 11336 	11339 	11299
f 11336 	11299 	11296
f 11335 	3484 	7957
f 11336 	11335 	7957
f 11514 	7957 	11512
f 11442 	11338 	7957
f 11506 	3945 	11424
f 11424 	3945 	11423
f 11689 	11692 	3945
f 4005 	3945 	11315
f 11533 	11507 	3945
f 7957 	11514 	11436
f 7957 	11436 	11437
f 11336 	7957 	11338
f 11437 	11457 	7957
f 7957 	11457 	11443
f 11442 	7957 	11443
f 11991 	11615 	3834
f 7621 	3834 	11614
f 11517 	7695 	7621
f 11620 	11621 	7621
f 11622 	11509 	11621
f 11619 	11620 	7621
f 11428 	11314 	3945
f 11517 	7621 	11516
f 11509 	11516 	7621
f 7696 	7621 	7695
f 7621 	11621 	11509
f 11509 	11525 	11508
f 11508 	11525 	11526
f 11532 	11700 	11506
f 11507 	11428 	3945
f 11533 	3945 	11692
f 11551 	11576 	7742
f 11550 	11551 	7742
f 11622 	11624 	11525
f 11856 	11857 	11587
f 11525 	11509 	11622
f 11527 	11525 	11624
f 11563 	11527 	11624
f 11607 	11603 	11581
f 11582 	11606 	11581
f 11603 	11562 	11624
f 11624 	11581 	11603
f 11606 	11582 	11608
f 11562 	11563 	11624
f 245 	11608 	11582
f 11614 	3834 	11615
f 11619 	7621 	11618
f 11617 	11618 	7621
f 11614 	11617 	7621
f 11606 	11607 	11581
f 11675 	11700 	11532
f 11506 	11700 	3945
f 11688 	3945 	11687
f 11689 	3945 	11688
f 11699 	11700 	11675
f 11704 	3945 	11700
f 11687 	3945 	11704
f 12182 	11796 	11778
f 11778 	12172 	12182
f 8133 	11784 	11785
f 11810 	8133 	11785
f 11003 	11005 	3918
f 11816 	11811 	3918
f 11797 	11801 	11779
f 11827 	11828 	3918
f 11791 	11792 	3918
f 11811 	11791 	3918
f 11766 	11768 	11817
f 11801 	11817 	11768
f 3966 	11798 	11800
f 11795 	3966 	11792
f 11768 	11779 	11801
f 11798 	3966 	11795
f 11806 	11807 	3966
f 11799 	11801 	11797
f 3966 	3918 	11792
f 11815 	11765 	11814
f 11814 	11765 	11813
f 11766 	11817 	11813
f 11816 	3918 	11819
f 11818 	11819 	3918
f 11825 	3918 	11824
f 11827 	3918 	11825
f 11824 	3918 	11007
f 11828 	11829 	3918
f 11826 	11818 	3918
f 11829 	11826 	3918
f 11828 	11832 	11829
f 11839 	3966 	11807
f 11841 	11871 	3966
f 3966 	11839 	11841
f 11766 	11813 	11765
f 11587 	11765 	11856
f 11856 	11765 	11855
f 11914 	11916 	11587
f 11857 	11914 	11587
f 11863 	11860 	11587
f 11586 	11587 	11860
f 205 	203 	11586
f 240 	246 	203
f 11860 	205 	11586
f 11782 	8133 	11783
f 8133 	11876 	11908
f 3966 	11290 	3947
f 11291 	3947 	11290
f 8133 	11875 	11876
f 11876 	11877 	11912
f 11878 	11912 	11877
f 11894 	11292 	3966
f 11883 	11895 	3966
f 8133 	11886 	11881
f 8133 	11881 	11875
f 11883 	3966 	11882
f 8133 	8178 	11886
f 11871 	11882 	3966
f 232 	11886 	8178
f 11894 	3966 	11893
f 11290 	3966 	11292
f 11893 	3966 	11895
f 11869 	11916 	11873
f 11900 	11587 	11916
f 11900 	11862 	11587
f 11862 	11863 	11587
f 11873 	11912 	11878
f 11908 	11903 	8133
f 11307 	11300 	3947
f 11300 	11302 	3947
f 11291 	11308 	3947
f 11426 	3945 	11421
f 11307 	3947 	11308
f 11899 	11900 	11916
f 3945 	11426 	11423
f 11783 	8133 	11903
f 11908 	11876 	11912
f 11870 	11899 	11916
f 11869 	11870 	11916
f 11912 	11873 	11916
f 3708 	11978 	11926
f 11922 	3699 	11926
f 3587 	3588 	3590
f 3657 	3658 	11924
f 11928 	3660 	11924
f 11855 	11765 	11929
f 11815 	11929 	11765
f 11800 	11806 	3966
f 3936 	11978 	3749
f 11968 	3811 	11967
f 11967 	3811 	11975
f 11977 	11975 	3811
f 3811 	11974 	11977
f 11982 	11925 	11978
f 11926 	11978 	11925
f 11984 	12022 	11985
f 11983 	11978 	11984
f 11966 	3834 	11968
f 12009 	12016 	3834
f 11969 	11971 	3834
f 11971 	11972 	3834
f 11991 	3834 	12005
f 12008 	12011 	3834
f 12015 	12007 	3834
f 11972 	12009 	3834
f 12008 	3834 	12007
f 12015 	3834 	12016
f 12012 	3834 	12019
f 12011 	12019 	3834
f 12005 	3834 	12012
f 12022 	11984 	12030
f 12030 	11984 	11978
f 12073 	12080 	12038
f 12027 	12028 	12038
f 12038 	12041 	12027
f 12028 	12073 	12038
f 12080 	12084 	12038
f 12084 	12081 	12038
f 12067 	12068 	12024
f 11982 	11978 	11983
f 12033 	12030 	11978
f 12042 	12025 	12041
f 12026 	12027 	12041
f 11576 	12053 	7742
f 12060 	7742 	12053
f 12033 	11978 	12047
f 12051 	12047 	11978
f 12051 	11978 	3936
f 12065 	7742 	12064
f 12062 	7742 	12060
f 7742 	12062 	12064
f 12066 	7742 	12065
f 12023 	12024 	12069
f 12069 	11985 	12023
f 12022 	12023 	11985
f 12081 	12074 	12038
f 12068 	12069 	12024
f 12099 	11608 	241
f 11586 	203 	246
f 12093 	12097 	240
f 241 	240 	12097
f 204 	214 	240
f 12074 	12075 	12038
f 12075 	12067 	12024
f 12083 	12092 	8178
f 12085 	12086 	8178
f 12024 	12038 	12075
f 12087 	12088 	8178
f 12082 	8178 	12088
f 12085 	8178 	12109
f 231 	8178 	12092
f 214 	12093 	240
f 12099 	241 	12098
f 12097 	12098 	241
f 245 	241 	11608
f 12107 	8178 	148
f 12109 	8178 	12107
f 142 	8144 	141
f 197 	151 	8144
f 143 	141 	8144
f 555 	7600 	557
f 7742 	557 	7600
f 8178 	8144 	147
f 147 	148 	8178
f 12117 	12118 	8144
f 197 	8144 	12118
f 134 	133 	8144
f 557 	12128 	8144
f 12117 	8144 	133
f 12086 	12087 	8178
f 12138 	12139 	12196
f 12025 	12042 	12135
f 7742 	12066 	557
f 134 	8144 	12128
f 12138 	12196 	12129
f 12122 	12129 	12196
f 12128 	557 	12066
f 12186 	12187 	12143
f 12026 	12041 	12025
f 12133 	12190 	12140
f 12146 	12197 	12139
f 12143 	12149 	12186
f 12135 	12042 	12144
f 12140 	12197 	12147
f 12150 	12197 	12146
f 12144 	12186 	12149
f 12147 	12197 	12150
f 12172 	12174 	12182
f 11777 	11778 	11796
f 12193 	12194 	12175
f 12191 	12120 	12122
f 12191 	12192 	12175
f 12192 	12198 	12175
f 12120 	12191 	12119
f 12175 	12176 	12191
f 12119 	12191 	12176
f 8133 	11810 	12180
f 8133 	12180 	12181
f 3930 	8133 	12181
f 11779 	11777 	11797
f 3930 	12181 	3933
f 12184 	3933 	12181
f 12187 	12190 	12134
f 12134 	12143 	12187
f 11796 	11797 	11777
f 12174 	12175 	12182
f 12122 	12196 	12191
f 12133 	12134 	12190
f 12197 	12140 	12190
f 12196 	12139 	12197
f 12186 	12144 	12042
f 12194 	12188 	12175
f 12188 	12182 	12175
f 12193 	12175 	12198
# 2945 faces

 #end of obj_12

o obj_13
v -41 		-76 		10
v -41 		-76 		9
v -41 		-46 		10
v -41 		-46 		9
v -49 		-46 		10
v -49 		-46 		9
v -49 		-76 		10
v -49 		-76 		9
# 8 vertices

g group_13_2829873

usemtl color_2829873
s 0

f 12506 	12507 	12508
f 12507 	12509 	12508
f 12510 	12511 	12512
f 12511 	12513 	12512
f 12510 	12512 	12508
f 12512 	12506 	12508
f 12513 	12511 	12507
f 12511 	12509 	12507
f 12512 	12513 	12506
f 12513 	12507 	12506
f 12508 	12509 	12510
f 12509 	12511 	12510
# 12 faces

 #end of obj_13

o obj_14
v -40 		-93 		17
v -40 		-93 		1
v -40 		-85 		17
v -40 		-85 		1
v -49 		-85 		17
v -49 		-85 		1
v -49 		-93 		17
v -49 		-93 		1
# 8 vertices

g group_14_10988977

usemtl color_10988977
s 0

f 12514 	12515 	12516
f 12515 	12517 	12516
f 12518 	12519 	12520
f 12519 	12521 	12520
f 12518 	12520 	12516
f 12520 	12514 	12516
f 12521 	12519 	12515
f 12519 	12517 	12515
f 12520 	12521 	12514
f 12521 	12515 	12514
f 12516 	12517 	12518
f 12517 	12519 	12518
# 12 faces

 #end of obj_14

o obj_15
v -41 		-46 		9
v -41 		-46 		1
v -41 		-32 		9
v -41 		-32 		1
v -49 		-32 		9
v -49 		-32 		1
v -49 		-46 		9
v -49 		-46 		1
# 8 vertices

g group_15_6306067

usemtl color_6306067
s 0

f 12522 	12523 	12524
f 12523 	12525 	12524
f 12526 	12527 	12528
f 12527 	12529 	12528
f 12526 	12528 	12524
f 12528 	12522 	12524
f 12529 	12527 	12523
f 12527 	12525 	12523
f 12528 	12529 	12522
f 12529 	12523 	12522
f 12524 	12525 	12526
f 12525 	12527 	12526
# 12 faces

 #end of obj_15

o obj_16
v -41 		-46 		28
v -41 		-46 		18
v -41 		-32 		28
v -41 		-32 		18
v -49 		-32 		28
v -49 		-32 		18
v -49 		-46 		28
v -49 		-46 		18
# 8 vertices

g group_16_6306067

usemtl color_6306067
s 0

f 12530 	12531 	12532
f 12531 	12533 	12532
f 12534 	12535 	12536
f 12535 	12537 	12536
f 12534 	12536 	12532
f 12536 	12530 	12532
f 12537 	12535 	12531
f 12535 	12533 	12531
f 12536 	12537 	12530
f 12537 	12531 	12530
f 12532 	12533 	12534
f 12533 	12535 	12534
# 12 faces

 #end of obj_16

o obj_17
v -48 		-45 		17
v -48 		-45 		9
v -48 		-33 		17
v -48 		-33 		9
v -49 		-33 		17
v -49 		-33 		9
v -49 		-45 		17
v -49 		-45 		9
# 8 vertices

g group_17_2829873

usemtl color_2829873
s 0

f 12538 	12539 	12540
f 12539 	12541 	12540
f 12542 	12543 	12544
f 12543 	12545 	12544
f 12542 	12544 	12540
f 12544 	12538 	12540
f 12545 	12543 	12539
f 12543 	12541 	12539
f 12544 	12545 	12538
f 12545 	12539 	12538
f 12540 	12541 	12542
f 12541 	12543 	12542
# 12 faces

 #end of obj_17

o obj_18
v -49 		-32 		10
v -49 		-32 		9
v -23 		-32 		10
v -23 		-32 		9
v -23 		-24 		10
v -23 		-24 		9
v -49 		-24 		10
v -49 		-24 		9
# 8 vertices

g group_18_2829873

usemtl color_2829873
s 0

f 12546 	12547 	12548
f 12547 	12549 	12548
f 12550 	12551 	12552
f 12551 	12553 	12552
f 12550 	12552 	12548
f 12552 	12546 	12548
f 12553 	12551 	12547
f 12551 	12549 	12547
f 12552 	12553 	12546
f 12553 	12547 	12546
f 12548 	12549 	12550
f 12549 	12551 	12550
# 12 faces

 #end of obj_18

o obj_19
v -49 		-32 		9
v -49 		-32 		1
v -23 		-32 		9
v -23 		-32 		1
v -23 		-25 		9
v -23 		-25 		1
v -49 		-25 		9
v -49 		-25 		1
# 8 vertices

g group_19_12568524

usemtl color_12568524
s 0

f 12554 	12555 	12556
f 12555 	12557 	12556
f 12558 	12559 	12560
f 12559 	12561 	12560
f 12558 	12560 	12556
f 12560 	12554 	12556
f 12561 	12559 	12555
f 12559 	12557 	12555
f 12560 	12561 	12554
f 12561 	12555 	12554
f 12556 	12557 	12558
f 12557 	12559 	12558
# 12 faces

 #end of obj_19

o obj_20
v -40 		-84 		17
v -40 		-84 		1
v -40 		-76 		17
v -40 		-76 		1
v -49 		-76 		17
v -49 		-76 		1
v -49 		-84 		17
v -49 		-84 		1
# 8 vertices

g group_20_10988977

usemtl color_10988977
s 0

f 12562 	12563 	12564
f 12563 	12565 	12564
f 12566 	12567 	12568
f 12567 	12569 	12568
f 12566 	12568 	12564
f 12568 	12562 	12564
f 12569 	12567 	12563
f 12567 	12565 	12563
f 12568 	12569 	12562
f 12569 	12563 	12562
f 12564 	12565 	12566
f 12565 	12567 	12566
# 12 faces

 #end of obj_20

o obj_21
v -41 		-33 		17
v -41 		-32 		18
v -41 		-33 		10
v -41 		-45 		10
v -49 		-33 		17
v -49 		-32 		9
v -41 		-32 		9
v -41 		-45 		17
v -41 		-46 		9
v -49 		-45 		17
v -49 		-46 		9
v -49 		-46 		18
v -41 		-46 		18
v -49 		-45 		10
v -49 		-33 		10
v -49 		-32 		18
# 16 vertices

g group_21_2829873

usemtl color_2829873
s 0

f 12581 	12580 	12578
f 12581 	12578 	12582
f 12570 	12571 	12577
f 12582 	12577 	12571
f 12583 	12584 	12575
f 12583 	12575 	12580
f 12581 	12574 	12579
f 12582 	12578 	12573
f 12582 	12573 	12577
f 12577 	12579 	12574
f 12577 	12574 	12570
f 12571 	12575 	12585
f 12579 	12577 	12573
f 12579 	12573 	12583
f 12583 	12580 	12579
f 12580 	12581 	12579
f 12571 	12585 	12581
f 12576 	12572 	12573
f 12576 	12573 	12578
f 12570 	12572 	12571
f 12576 	12571 	12572
f 12572 	12584 	12583
f 12572 	12583 	12573
f 12570 	12574 	12584
f 12570 	12584 	12572
f 12571 	12581 	12582
f 12575 	12571 	12576
f 12578 	12580 	12575
f 12578 	12575 	12576
f 12575 	12584 	12574
f 12585 	12575 	12574
f 12585 	12574 	12581
# 32 faces

 #end of obj_21

o obj_22
v 33 		-126 		28
v 33 		-126 		0
v 33 		-123 		28
v 33 		-123 		0
v 18 		-123 		28
v 18 		-123 		0
v 18 		-126 		28
v 18 		-126 		0
# 8 vertices

g group_22_2829873

usemtl color_2829873
s 0

f 12586 	12587 	12588
f 12587 	12589 	12588
f 12590 	12591 	12592
f 12591 	12593 	12592
f 12590 	12592 	12588
f 12592 	12586 	12588
f 12593 	12591 	12587
f 12591 	12589 	12587
f 12592 	12593 	12586
f 12593 	12587 	12586
f 12588 	12589 	12590
f 12589 	12591 	12590
# 12 faces

 #end of obj_22

o obj_23
v 17 		-126 		28
v 17 		-126 		0
v 17 		-123 		28
v 17 		-123 		0
v -36 		-123 		28
v -36 		-123 		0
v -36 		-126 		28
v -36 		-126 		0
# 8 vertices

g group_23_2829873

usemtl color_2829873
s 0

f 12594 	12595 	12596
f 12595 	12597 	12596
f 12598 	12599 	12600
f 12599 	12601 	12600
f 12598 	12600 	12596
f 12600 	12594 	12596
f 12601 	12599 	12595
f 12599 	12597 	12595
f 12600 	12601 	12594
f 12601 	12595 	12594
f 12596 	12597 	12598
f 12597 	12599 	12598
# 12 faces

 #end of obj_23

o obj_24
v 49 		-93 		28
v 49 		-93 		1
v 49 		-25 		28
v 49 		-25 		1
v 48 		-25 		28
v 48 		-25 		1
v 48 		-93 		28
v 48 		-93 		1
# 8 vertices

g group_24_11107152

usemtl color_11107152
s 0

f 12602 	12603 	12604
f 12603 	12605 	12604
f 12606 	12607 	12608
f 12607 	12609 	12608
f 12606 	12608 	12604
f 12608 	12602 	12604
f 12609 	12607 	12603
f 12607 	12605 	12603
f 12608 	12609 	12602
f 12609 	12603 	12602
f 12604 	12605 	12606
f 12605 	12607 	12606
# 12 faces

 #end of obj_24

o obj_25
v 50 		-125 		1
v 50 		-125 		0
v 50 		125 		1
v 50 		125 		0
v -50 		125 		1
v -50 		125 		0
v -50 		-125 		1
v -50 		-125 		0
# 8 vertices

g group_25_16448250

usemtl color_16448250
s 0

f 12610 	12611 	12612
f 12611 	12613 	12612
f 12614 	12615 	12616
f 12615 	12617 	12616
f 12614 	12616 	12612
f 12616 	12610 	12612
f 12617 	12615 	12611
f 12615 	12613 	12611
f 12616 	12617 	12610
f 12617 	12611 	12610
f 12612 	12613 	12614
f 12613 	12615 	12614
# 12 faces

 #end of obj_25

o obj_26
v 50 		125 		28
v 50 		125 		0
v 49 		125 		28
v 49 		125 		0
v 49 		-125 		28
v 49 		-125 		0
v 50 		-125 		28
v 50 		-125 		0
# 8 vertices

g group_26_16448250

usemtl color_16448250
s 0

f 12618 	12619 	12620
f 12619 	12621 	12620
f 12622 	12623 	12624
f 12623 	12625 	12624
f 12622 	12624 	12620
f 12624 	12618 	12620
f 12625 	12623 	12619
f 12623 	12621 	12619
f 12624 	12625 	12618
f 12625 	12619 	12618
f 12620 	12621 	12622
f 12621 	12623 	12622
# 12 faces

 #end of obj_26

o obj_27
v 50 		-24 		57
v 50 		-24 		28
v 49 		-24 		57
v 49 		-24 		28
v 49 		-125 		57
v 49 		-125 		28
v 50 		-125 		57
v 50 		-125 		28
# 8 vertices

g group_27_16448250

usemtl color_16448250
s 0

f 12626 	12627 	12628
f 12627 	12629 	12628
f 12630 	12631 	12632
f 12631 	12633 	12632
f 12630 	12632 	12628
f 12632 	12626 	12628
f 12633 	12631 	12627
f 12631 	12629 	12627
f 12632 	12633 	12626
f 12633 	12627 	12626
f 12628 	12629 	12630
f 12629 	12631 	12630
# 12 faces

 #end of obj_27

o obj_28
v -49 		-24 		57
v -49 		-24 		28
v -50 		-24 		57
v -50 		-24 		28
v -50 		-125 		57
v -50 		-125 		28
v -49 		-125 		57
v -49 		-125 		28
# 8 vertices

g group_28_16448250

usemtl color_16448250
s 0

f 12634 	12635 	12636
f 12635 	12637 	12636
f 12638 	12639 	12640
f 12639 	12641 	12640
f 12638 	12640 	12636
f 12640 	12634 	12636
f 12641 	12639 	12635
f 12639 	12637 	12635
f 12640 	12641 	12634
f 12641 	12635 	12634
f 12636 	12637 	12638
f 12637 	12639 	12638
# 12 faces

 #end of obj_28

o obj_29
v 50 		-125 		28
v 50 		-125 		0
v 50 		-124 		28
v 50 		-124 		0
v -50 		-124 		28
v -50 		-124 		0
v -50 		-125 		28
v -50 		-125 		0
# 8 vertices

g group_29_16448250

usemtl color_16448250
s 0

f 12642 	12643 	12644
f 12643 	12645 	12644
f 12646 	12647 	12648
f 12647 	12649 	12648
f 12646 	12648 	12644
f 12648 	12642 	12644
f 12649 	12647 	12643
f 12647 	12645 	12643
f 12648 	12649 	12642
f 12649 	12643 	12642
f 12644 	12645 	12646
f 12645 	12647 	12646
# 12 faces

 #end of obj_29

o obj_30
v 50 		-125 		57
v 50 		-125 		29
v 50 		-124 		57
v 50 		-124 		29
v -50 		-124 		57
v -50 		-124 		29
v -50 		-125 		57
v -50 		-125 		29
# 8 vertices

g group_30_16448250

usemtl color_16448250
s 0

f 12650 	12651 	12652
f 12651 	12653 	12652
f 12654 	12655 	12656
f 12655 	12657 	12656
f 12654 	12656 	12652
f 12656 	12650 	12652
f 12657 	12655 	12651
f 12655 	12653 	12651
f 12656 	12657 	12650
f 12657 	12651 	12650
f 12652 	12653 	12654
f 12653 	12655 	12654
# 12 faces

 #end of obj_30

o obj_31
v 50 		-125 		29
v 50 		-125 		28
v 50 		-24 		29
v 50 		-24 		28
v -50 		-24 		29
v -50 		-24 		28
v -50 		-125 		29
v -50 		-125 		28
# 8 vertices

g group_31_16448250

usemtl color_16448250
s 0

f 12658 	12659 	12660
f 12659 	12661 	12660
f 12662 	12663 	12664
f 12663 	12665 	12664
f 12662 	12664 	12660
f 12664 	12658 	12660
f 12665 	12663 	12659
f 12663 	12661 	12659
f 12664 	12665 	12658
f 12665 	12659 	12658
f 12660 	12661 	12662
f 12661 	12663 	12662
# 12 faces

 #end of obj_31

o obj_32
v 50 		-125 		29
v 50 		-125 		28
v 50 		-24 		29
v 50 		-24 		28
v -50 		-24 		29
v -50 		-24 		28
v -50 		-125 		29
v -50 		-125 		28
# 8 vertices

g group_32_16448250

usemtl color_16448250
s 0

f 12666 	12667 	12668
f 12667 	12669 	12668
f 12670 	12671 	12672
f 12671 	12673 	12672
f 12670 	12672 	12668
f 12672 	12666 	12668
f 12673 	12671 	12667
f 12671 	12669 	12667
f 12672 	12673 	12666
f 12673 	12667 	12666
f 12668 	12669 	12670
f 12669 	12671 	12670
# 12 faces

 #end of obj_32

o obj_33
v 50 		-24 		34.998
v 50 		-25 		34.998
v 50 		-25 		29
v 50 		-24 		29
v -50 		-24 		57
v 8.002 		-25 		34.998
v 8.002 		-25 		29
v -50 		-25 		57
v -2.003 		-24 		56.003
v 8.002 		-24 		34.998
v 8.002 		-24 		29
v -2.003 		-24 		29
v -50 		-24 		29
v 50 		-24 		56.003
v 50 		-25 		56.003
v -2.003 		-25 		56.003
v -50 		-25 		29
v -2.003 		-25 		29
v 50 		-25 		57
v 50 		-24 		57
# 20 vertices

g group_33_16448250

usemtl color_16448250
s 0

f 12674 	12675 	12676
f 12674 	12676 	12677
f 12675 	12679 	12680
f 12675 	12680 	12676
f 12683 	12684 	12680
f 12683 	12680 	12679
f 12685 	12686 	12682
f 12678 	12682 	12686
f 12687 	12688 	12682
f 12688 	12689 	12682
f 12691 	12689 	12690
f 12681 	12690 	12689
f 12684 	12683 	12674
f 12684 	12674 	12677
f 12678 	12693 	12682
f 12687 	12682 	12693
f 12676 	12680 	12684
f 12676 	12684 	12677
f 12675 	12674 	12683
f 12675 	12683 	12679
f 12685 	12691 	12690
f 12685 	12690 	12686
f 12692 	12688 	12687
f 12692 	12687 	12693
f 12688 	12692 	12689
f 12681 	12689 	12692
f 12682 	12689 	12691
f 12682 	12691 	12685
f 12678 	12686 	12690
f 12678 	12690 	12681
f 12693 	12678 	12692
f 12692 	12678 	12681
# 32 faces

 #end of obj_33

o obj_34
v 48 		-25 		56
v 48 		-25 		55
v 48 		-24 		56
v 48 		-24 		55
v -1 		-24 		56
v -1 		-24 		55
v -1 		-25 		56
v -1 		-25 		55
# 8 vertices

g group_34_2829873

usemtl color_2829873
s 0

f 12694 	12695 	12696
f 12695 	12697 	12696
f 12698 	12699 	12700
f 12699 	12701 	12700
f 12698 	12700 	12696
f 12700 	12694 	12696
f 12701 	12699 	12695
f 12699 	12697 	12695
f 12700 	12701 	12694
f 12701 	12695 	12694
f 12696 	12697 	12698
f 12697 	12699 	12698
# 12 faces

 #end of obj_34

o obj_35
v 49 		-25 		56
v 49 		-25 		35
v 49 		-24 		35
v 49 		-24 		56
v 48 		-25 		55
v 48 		-25 		36
v 48 		-24 		36
v 9 		-24 		36
v 9 		-25 		36
v 48 		-24 		55
v -2 		-25 		56
v -2 		-25 		29
v -1 		-25 		29
v -1 		-25 		48
v -1 		-25 		49
v -1 		-25 		55
v -1 		-24 		55
v -1 		-24 		49
v 8 		-24 		49
v -1 		-24 		48
v -1 		-24 		29
v -2 		-24 		29
v -2 		-24 		56
v 8 		-25 		49
v 8 		-25 		55
v 8 		-24 		55
v 8 		-24 		48
v 8 		-24 		35
v 8 		-25 		35
v 8 		-25 		48
v 9 		-25 		55
v 9 		-24 		55
# 32 vertices

g group_35_2829873

usemtl color_2829873
s 0

f 12702 	12703 	12704
f 12702 	12704 	12705
f 12707 	12703 	12706
f 12702 	12706 	12703
f 12708 	12709 	12710
f 12708 	12710 	12707
f 12705 	12704 	12708
f 12705 	12708 	12711
f 12714 	12715 	12713
f 12712 	12713 	12715
f 12712 	12715 	12716
f 12712 	12716 	12717
f 12729 	12704 	12730
f 12703 	12730 	12704
f 12724 	12718 	12719
f 12723 	12724 	12721
f 12722 	12723 	12721
f 12719 	12721 	12724
f 12710 	12730 	12703
f 12710 	12703 	12707
f 12711 	12708 	12707
f 12711 	12707 	12706
f 12720 	12719 	12716
f 12720 	12716 	12725
f 12726 	12717 	12718
f 12726 	12718 	12727
f 12717 	12716 	12719
f 12717 	12719 	12718
f 12724 	12723 	12713
f 12724 	12713 	12712
f 12715 	12714 	12722
f 12715 	12722 	12721
f 12729 	12709 	12704
f 12708 	12704 	12709
f 12728 	12729 	12730
f 12728 	12730 	12731
f 12712 	12702 	12724
f 12705 	12724 	12702
f 12731 	12715 	12721
f 12731 	12721 	12728
f 12714 	12713 	12723
f 12714 	12723 	12722
f 12732 	12710 	12709
f 12732 	12709 	12733
f 12712 	12717 	12726
f 12712 	12726 	12732
f 12706 	12702 	12732
f 12712 	12732 	12702
f 12716 	12715 	12731
f 12716 	12731 	12725
f 12705 	12711 	12733
f 12727 	12724 	12733
f 12718 	12724 	12727
f 12705 	12733 	12724
f 12720 	12728 	12721
f 12720 	12721 	12719
f 12732 	12726 	12725
f 12732 	12725 	12731
f 12730 	12710 	12731
f 12732 	12731 	12710
f 12727 	12720 	12725
f 12727 	12725 	12726
f 12709 	12728 	12733
f 12729 	12728 	12709
f 12728 	12720 	12733
f 12727 	12733 	12720
f 12706 	12732 	12733
f 12706 	12733 	12711
# 68 faces

 #end of obj_35

o obj_36
v -42 		-76 		9
v -42 		-76 		1
v -42 		-46 		9
v -42 		-46 		1
v -49 		-46 		9
v -49 		-46 		1
v -49 		-76 		9
v -49 		-76 		1
# 8 vertices

g group_36_6383466

usemtl color_6383466
s 0

f 12734 	12735 	12736
f 12735 	12737 	12736
f 12738 	12739 	12740
f 12739 	12741 	12740
f 12738 	12740 	12736
f 12740 	12734 	12736
f 12741 	12739 	12735
f 12739 	12737 	12735
f 12740 	12741 	12734
f 12741 	12735 	12734
f 12736 	12737 	12738
f 12737 	12739 	12738
# 12 faces

 #end of obj_36

o obj_37
v 50 		-125 		1
v 50 		-125 		0
v 50 		125 		1
v 50 		125 		0
v -50 		125 		1
v -50 		125 		0
v -50 		-125 		1
v -50 		-125 		0
# 8 vertices

g group_37_16448250

usemtl color_16448250
s 0

f 12742 	12743 	12744
f 12743 	12745 	12744
f 12746 	12747 	12748
f 12747 	12749 	12748
f 12746 	12748 	12744
f 12748 	12742 	12744
f 12749 	12747 	12743
f 12747 	12745 	12743
f 12748 	12749 	12742
f 12749 	12743 	12742
f 12744 	12745 	12746
f 12745 	12747 	12746
# 12 faces

 #end of obj_37

o obj_38
v 24 		98 		28
v 24 		98 		27
v 49 		98 		28
v 49 		98 		27
v 49 		124 		28
v 49 		124 		27
v 24 		124 		28
v 24 		124 		27
# 8 vertices

g group_38_16448250

usemtl color_16448250
s 0

f 12750 	12751 	12752
f 12751 	12753 	12752
f 12754 	12755 	12756
f 12755 	12757 	12756
f 12754 	12756 	12752
f 12756 	12750 	12752
f 12757 	12755 	12751
f 12755 	12753 	12751
f 12756 	12757 	12750
f 12757 	12751 	12750
f 12752 	12753 	12754
f 12753 	12755 	12754
# 12 faces

 #end of obj_38

o obj_39
v -49 		32 		28
v -49 		32 		0
v -48 		32 		28
v -48 		32 		0
v -48 		25 		28
v -48 		25 		0
v -49 		25 		28
v -49 		25 		0
# 8 vertices

g group_39_11107152

usemtl color_11107152
s 0

f 12759 	12758 	12760
f 12761 	12759 	12760
f 12763 	12762 	12764
f 12765 	12763 	12764
f 12764 	12762 	12760
f 12758 	12764 	12760
f 12763 	12765 	12759
f 12761 	12763 	12759
f 12765 	12764 	12758
f 12759 	12765 	12758
f 12761 	12760 	12762
f 12763 	12761 	12762
# 12 faces

 #end of obj_39

o obj_40
v -49 		62 		28
v -49 		62 		0
v -48 		62 		28
v -48 		62 		0
v -48 		55 		28
v -48 		55 		0
v -49 		55 		28
v -49 		55 		0
# 8 vertices

g group_40_11107152

usemtl color_11107152
s 0

f 12767 	12766 	12768
f 12769 	12767 	12768
f 12771 	12770 	12772
f 12773 	12771 	12772
f 12772 	12770 	12768
f 12766 	12772 	12768
f 12771 	12773 	12767
f 12769 	12771 	12767
f 12773 	12772 	12766
f 12767 	12773 	12766
f 12769 	12768 	12770
f 12771 	12769 	12770
# 12 faces

 #end of obj_40

o obj_41
v -49 		93 		28
v -49 		93 		0
v -48 		93 		28
v -48 		93 		0
v -48 		86 		28
v -48 		86 		0
v -49 		86 		28
v -49 		86 		0
# 8 vertices

g group_41_11107152

usemtl color_11107152
s 0

f 12775 	12774 	12776
f 12777 	12775 	12776
f 12779 	12778 	12780
f 12781 	12779 	12780
f 12780 	12778 	12776
f 12774 	12780 	12776
f 12779 	12781 	12775
f 12777 	12779 	12775
f 12781 	12780 	12774
f 12775 	12781 	12774
f 12777 	12776 	12778
f 12779 	12777 	12778
# 12 faces

 #end of obj_41

o obj_42
v -49 		124 		28
v -49 		124 		0
v -48 		124 		28
v -48 		124 		0
v -48 		117 		28
v -48 		117 		0
v -49 		117 		28
v -49 		117 		0
# 8 vertices

g group_42_11107152

usemtl color_11107152
s 0

f 12783 	12782 	12784
f 12785 	12783 	12784
f 12787 	12786 	12788
f 12789 	12787 	12788
f 12788 	12786 	12784
f 12782 	12788 	12784
f 12787 	12789 	12783
f 12785 	12787 	12783
f 12789 	12788 	12782
f 12783 	12789 	12782
f 12785 	12784 	12786
f 12787 	12785 	12786
# 12 faces

 #end of obj_42

o obj_43
v -41 		124 		28
v -41 		124 		0
v -41 		123 		28
v -41 		123 		0
v -48 		123 		28
v -48 		123 		0
v -48 		124 		28
v -48 		124 		0
# 8 vertices

g group_43_11107152

usemtl color_11107152
s 0

f 12791 	12790 	12792
f 12793 	12791 	12792
f 12795 	12794 	12796
f 12797 	12795 	12796
f 12796 	12794 	12792
f 12790 	12796 	12792
f 12795 	12797 	12791
f 12793 	12795 	12791
f 12797 	12796 	12790
f 12791 	12797 	12790
f 12793 	12792 	12794
f 12795 	12793 	12794
# 12 faces

 #end of obj_43

o obj_44
v -13 		124 		28
v -13 		124 		0
v -13 		123 		28
v -13 		123 		0
v -20 		123 		28
v -20 		123 		0
v -20 		124 		28
v -20 		124 		0
# 8 vertices

g group_44_11107152

usemtl color_11107152
s 0

f 12799 	12798 	12800
f 12801 	12799 	12800
f 12803 	12802 	12804
f 12805 	12803 	12804
f 12804 	12802 	12800
f 12798 	12804 	12800
f 12803 	12805 	12799
f 12801 	12803 	12799
f 12805 	12804 	12798
f 12799 	12805 	12798
f 12801 	12800 	12802
f 12803 	12801 	12802
# 12 faces

 #end of obj_44

o obj_45
v 24 		124.5 		28
v 24 		124.5 		0
v 24 		123 		28
v 24 		123 		0
v 8 		123 		28
v 8 		123 		0
v 8 		124.5 		28
v 8 		124.5 		0
# 8 vertices

g group_45_14860437

usemtl color_14860437
s 0

f 12807 	12806 	12808
f 12809 	12807 	12808
f 12811 	12810 	12812
f 12813 	12811 	12812
f 12812 	12810 	12808
f 12806 	12812 	12808
f 12811 	12813 	12807
f 12809 	12811 	12807
f 12813 	12812 	12806
f 12807 	12813 	12806
f 12809 	12808 	12810
f 12811 	12809 	12810
# 12 faces

 #end of obj_45

o obj_46
v 49 		77 		28
v 49 		77 		0
v 48 		77 		28
v 48 		77 		0
v 48 		84 		28
v 48 		84 		0
v 49 		84 		28
v 49 		84 		0
# 8 vertices

g group_46_11107152

usemtl color_11107152
s 0

f 12815 	12814 	12816
f 12817 	12815 	12816
f 12819 	12818 	12820
f 12821 	12819 	12820
f 12820 	12818 	12816
f 12814 	12820 	12816
f 12819 	12821 	12815
f 12817 	12819 	12815
f 12821 	12820 	12814
f 12815 	12821 	12814
f 12817 	12816 	12818
f 12819 	12817 	12818
# 12 faces

 #end of obj_46

o obj_47
v 49 		39 		28
v 49 		39 		0
v 48 		39 		28
v 48 		39 		0
v 48 		46 		28
v 48 		46 		0
v 49 		46 		28
v 49 		46 		0
# 8 vertices

g group_47_11107152

usemtl color_11107152
s 0

f 12823 	12822 	12824
f 12825 	12823 	12824
f 12827 	12826 	12828
f 12829 	12827 	12828
f 12828 	12826 	12824
f 12822 	12828 	12824
f 12827 	12829 	12823
f 12825 	12827 	12823
f 12829 	12828 	12822
f 12823 	12829 	12822
f 12825 	12824 	12826
f 12827 	12825 	12826
# 12 faces

 #end of obj_47

o obj_48
v 49 		1 		28
v 49 		1 		0
v 48 		1 		28
v 48 		1 		0
v 48 		8 		28
v 48 		8 		0
v 49 		8 		28
v 49 		8 		0
# 8 vertices

g group_48_11107152

usemtl color_11107152
s 0

f 12831 	12830 	12832
f 12833 	12831 	12832
f 12835 	12834 	12836
f 12837 	12835 	12836
f 12836 	12834 	12832
f 12830 	12836 	12832
f 12835 	12837 	12831
f 12833 	12835 	12831
f 12837 	12836 	12830
f 12831 	12837 	12830
f 12833 	12832 	12834
f 12835 	12833 	12834
# 12 faces

 #end of obj_48

o obj_49
v -20 		-25 		3
v -20 		-25 		-4
v -20 		-2 		3
v -20 		-2 		-4
v -49 		-2 		3
v -49 		-2 		-4
v -49 		-25 		3
v -49 		-25 		-4
# 8 vertices

g group_49_6306067

usemtl color_6306067
s 0

f 12838 	12839 	12840
f 12839 	12841 	12840
f 12842 	12843 	12844
f 12843 	12845 	12844
f 12842 	12844 	12840
f 12844 	12838 	12840
f 12845 	12843 	12839
f 12843 	12841 	12839
f 12844 	12845 	12838
f 12845 	12839 	12838
f 12840 	12841 	12842
f 12841 	12843 	12842
# 12 faces

 #end of obj_49

o obj_50
v -46 		-25 		58
v -46 		-25 		1
v -46 		-6 		58
v -46 		-6 		1
v -49 		-6 		58
v -49 		-6 		1
v -49 		-25 		58
v -49 		-25 		1
# 8 vertices

g group_50_2829873

usemtl color_2829873
s 0

f 12846 	12847 	12848
f 12847 	12849 	12848
f 12850 	12851 	12852
f 12851 	12853 	12852
f 12850 	12852 	12848
f 12852 	12846 	12848
f 12853 	12851 	12847
f 12851 	12849 	12847
f 12852 	12853 	12846
f 12853 	12847 	12846
f 12848 	12849 	12850
f 12849 	12851 	12850
# 12 faces

 #end of obj_50

o obj_51
v -46 		-32 		29
v -46 		-32 		1
v -46 		-25 		29
v -46 		-25 		1
v -49 		-25 		29
v -49 		-25 		1
v -49 		-32 		29
v -49 		-32 		1
# 8 vertices

g group_51_16448250

usemtl color_16448250
s 0

f 12854 	12855 	12856
f 12855 	12857 	12856
f 12858 	12859 	12860
f 12859 	12861 	12860
f 12858 	12860 	12856
f 12860 	12854 	12856
f 12861 	12859 	12855
f 12859 	12857 	12855
f 12860 	12861 	12854
f 12861 	12855 	12854
f 12856 	12857 	12858
f 12857 	12859 	12858
# 12 faces

 #end of obj_51

o obj_52
v 23.3379 		99 		19
v 23.3379 		99 		1
v 23.3379 		108 		19
v 23.3379 		108 		1
v 23.6721 		108 		19
v 23.6721 		108 		1
v 23.6721 		99 		19
v 23.6721 		99 		1
# 8 vertices

g group_52_2829873

usemtl color_2829873
s 0

f 12863 	12862 	12864
f 12865 	12863 	12864
f 12867 	12866 	12868
f 12869 	12867 	12868
f 12868 	12866 	12864
f 12862 	12868 	12864
f 12867 	12869 	12863
f 12865 	12867 	12863
f 12869 	12868 	12862
f 12863 	12869 	12862
f 12865 	12864 	12866
f 12867 	12865 	12866
# 12 faces

 #end of obj_52

o obj_53
v 12.319 		55.238 		8.5
v 12.688 		54.558 		8.5
v 13.974 		53.511 		8.5
v 14 		53 		8.5
v 12.921 		53.807 		8.5
v 13.974 		53.511 		1
v 14 		53 		1
v 13.607 		51.054 		8.5
v 9 		48 		8.5
v 9 		48 		1
v 9.511 		48.026 		1
v 9.511 		48.026 		8.5
v 13.146 		50.205 		8.5
v 8.489 		48.026 		8.5
v 8.489 		48.026 		1
v 10.558 		56.688 		6.998
v 10.558 		56.688 		8.5
v 9.807 		56.921 		8.5
v 12.982 		53.409 		8.5
v 9.807 		56.921 		6.998
v 7.993 		48.102 		8.5
v 7.993 		48.102 		1
v 13.146 		50.205 		1
v 13.607 		51.054 		1
v 7.054 		48.393 		1
v 13.607 		54.946 		8.5
v 7.054 		48.393 		8.5
v 6.205 		48.854 		8.5
v 6.205 		48.854 		1
v 13.899 		54.008 		8.5
v 8.193 		56.921 		8.5
v 8.591 		56.982 		8.5
v 10.558 		49.312 		6.998
v 11.238 		49.681 		6.998
v 13.607 		54.946 		1
v 11.83 		50.17 		6.998
v 12.319 		50.762 		6.998
v 12.688 		51.442 		6.998
v 13.899 		54.008 		1
v 5.079 		53.807 		8.5
v 5.312 		54.558 		8.5
v 12.921 		52.193 		6.998
v 12.982 		52.591 		6.998
v 13.003 		53 		6.998
v 8.489 		57.974 		1
v 9 		58 		1
v 9.511 		57.974 		1
v 10.008 		57.899 		1
v 10.946 		57.607 		1
v 5.681 		55.238 		8.5
v 5.465 		56.536 		8.5
v 4.393 		51.054 		8.5
v 11.796 		57.146 		1
v 4.393 		51.054 		1
v 4.854 		50.205 		1
v 4.854 		50.205 		8.5
v 12.536 		56.536 		1
v 9.409 		56.982 		8.5
v 13.146 		55.796 		1
v 4.102 		54.008 		1
v 7.993 		57.899 		8.5
v 4.026 		53.511 		1
v 7.054 		57.607 		8.5
v 4.026 		53.511 		8.5
v 6.205 		57.146 		8.5
v 10.558 		49.312 		8.5
v 13.974 		52.489 		1
v 4.102 		54.008 		8.5
v 13.899 		51.993 		1
v 12.536 		49.465 		8.5
v 12.536 		49.465 		1
v 11.238 		49.681 		8.5
v 4.102 		51.993 		8.5
v 4.102 		51.993 		1
v 4 		53 		1
v 5.465 		56.536 		1
v 6.205 		57.146 		1
v 4 		53 		8.5
v 12.982 		53.409 		6.998
v 7.054 		57.607 		1
v 12.921 		53.807 		6.998
v 4.998 		53 		8.5
v 7.993 		57.899 		1
v 12.536 		56.536 		8.5
v 12.319 		50.762 		8.5
v 4.026 		52.489 		1
v 12.688 		54.558 		6.998
v 11.796 		48.854 		8.5
v 11.83 		50.17 		8.5
v 4.026 		52.489 		8.5
v 5.465 		49.465 		1
v 12.319 		55.238 		6.998
v 11.796 		48.854 		1
v 11.83 		55.83 		6.998
v 11.238 		56.319 		6.998
v 10.946 		48.393 		8.5
v 9 		57.003 		8.5
v 10.946 		48.393 		1
v 4.854 		55.796 		8.5
v 9.409 		56.982 		6.998
v 4.393 		54.946 		8.5
v 9 		57.003 		6.998
v 8.591 		56.982 		6.998
v 8.193 		56.921 		6.998
v 11.796 		57.146 		8.5
v 10.008 		48.102 		8.5
v 10.008 		48.102 		1
v 7.442 		49.312 		6.998
v 7.442 		49.312 		8.5
v 8.193 		49.079 		8.5
v 4.393 		54.946 		1
v 12.688 		51.442 		8.5
v 4.854 		55.796 		1
v 5.018 		52.591 		6.998
v 5.018 		52.591 		8.5
v 13.146 		55.796 		8.5
v 8.193 		49.079 		6.998
v 5.079 		52.193 		8.5
v 5.079 		52.193 		6.998
v 9.807 		49.079 		8.5
v 13.003 		53 		8.5
v 13.899 		51.993 		8.5
v 13.974 		52.489 		8.5
v 5.018 		53.409 		6.998
v 5.018 		53.409 		8.5
v 8.591 		49.018 		8.5
v 4.998 		53 		6.998
v 9.807 		49.079 		6.998
v 12.921 		52.193 		8.5
v 8.591 		49.018 		6.998
v 9 		48.998 		8.5
v 5.312 		51.442 		8.5
v 9 		48.998 		6.998
v 12.982 		52.591 		8.5
v 9.409 		49.018 		8.5
v 9 		58 		8.5
v 9.409 		49.018 		6.998
v 8.489 		57.974 		8.5
v 5.312 		51.442 		6.998
v 10.946 		57.607 		8.5
v 10.008 		57.899 		8.5
v 9.511 		57.974 		8.5
v 5.079 		53.807 		6.998
v 5.681 		50.762 		8.5
v 5.681 		50.762 		6.998
v 5.465 		49.465 		8.5
v 6.762 		49.681 		8.5
v 6.762 		49.681 		6.998
v 6.17 		50.17 		6.998
v 6.17 		50.17 		8.5
v 6.17 		55.83 		6.998
v 6.17 		55.83 		8.5
v 5.681 		55.238 		6.998
v 11.238 		56.319 		8.5
v 11.83 		55.83 		8.5
v 6.762 		56.319 		6.998
v 6.762 		56.319 		8.5
v 7.442 		56.688 		6.998
v 7.442 		56.688 		8.5
v 5.312 		54.558 		6.998
# 160 vertices

g group_53_6383466

usemtl color_6383466
s 0

f 12871 	12985 	12870
f 12875 	12872 	12873
f 12875 	12873 	12876
f 12878 	12879 	12880
f 12878 	12880 	12881
f 12879 	12878 	12883
f 12879 	12883 	12884
f 12885 	12886 	12887
f 12885 	12887 	12889
f 12892 	12893 	12882
f 12877 	12882 	12893
f 12883 	12890 	12891
f 12883 	12891 	12884
f 12874 	12888 	12872
f 12872 	12899 	12874
f 12894 	12896 	12897
f 12894 	12897 	12898
f 12908 	12895 	12899
f 12904 	12895 	12908
f 12916 	12917 	12924
f 12918 	12924 	12917
f 12915 	12916 	12924
f 12914 	12915 	12924
f 12970 	12937 	12910
f 12901 	13007 	12900
f 12920 	12968 	12919
f 12910 	12919 	12968
f 12899 	12872 	12908
f 12921 	12923 	12924
f 12921 	12924 	12925
f 12908 	12872 	12875
f 12905 	12977 	12903
f 12906 	12977 	12905
f 12907 	12977 	12906
f 12911 	12977 	12907
f 12912 	12977 	12911
f 12913 	12977 	12912
f 12887 	12886 	13010
f 12898 	12897 	12960
f 12935 	12902 	12989
f 12934 	13028 	12932
f 12920 	13026 	12934
f 12929 	12931 	12933
f 12929 	12933 	12937
f 12898 	12960 	12926
f 12904 	12908 	12928
f 12926 	12928 	12908
f 12926 	12908 	12875
f 12926 	12875 	12876
f 12926 	12876 	12936
f 12926 	12936 	12938
f 12926 	12938 	12893
f 12926 	12893 	12892
f 12926 	12892 	12940
f 12940 	12939 	12962
f 12942 	12943 	12923
f 12942 	12923 	12921
f 12941 	12903 	12902
f 12941 	12902 	12935
f 12931 	12944 	12947
f 12931 	12947 	12933
f 12957 	12962 	12939
f 12886 	13023 	12974
f 13024 	12870 	12953
f 12974 	13009 	12886
f 13009 	13010 	12886
f 12939 	12940 	12882
f 12954 	12906 	12905
f 12954 	12905 	12958
f 12955 	12943 	12942
f 12955 	12942 	12959
f 12924 	12945 	12946
f 12924 	12946 	12949
f 12924 	12949 	12952
f 12952 	12914 	12924
f 12922 	12926 	12960
f 12918 	12922 	12924
f 12957 	12965 	12967
f 12957 	12967 	12962
f 12966 	13007 	12901
f 13010 	13011 	12887
f 12970 	12910 	12968
f 12933 	12947 	12994
f 12984 	12951 	12947
f 12947 	12959 	12984
f 12987 	12984 	12959
f 12942 	12921 	12987
f 13001 	12987 	12921
f 12925 	13001 	12921
f 12958 	12905 	12903
f 12958 	12903 	12941
f 12965 	12975 	12976
f 12965 	12976 	12967
f 12961 	12977 	12956
f 12963 	12977 	12961
f 12964 	12977 	12963
f 12885 	12977 	12964
f 12889 	12977 	12885
f 12950 	12956 	12977
f 12948 	12950 	12977
f 12969 	12977 	12889
f 12971 	12977 	12969
f 12972 	12977 	12971
f 12973 	12977 	12972
f 13027 	13012 	12973
f 12890 	12896 	12894
f 12890 	12894 	12891
f 12892 	12882 	12940
f 12981 	12907 	12906
f 12981 	12906 	12954
f 12982 	12924 	12980
f 12929 	12980 	12924
f 12931 	12929 	12924
f 12945 	12924 	12982
f 12944 	12931 	12924
f 12923 	12943 	12924
f 12955 	12924 	12943
f 12944 	12924 	12955
f 12968 	12982 	12980
f 12968 	12980 	12970
f 12983 	12984 	12987
f 12983 	12987 	12988
f 12977 	12978 	12986
f 12979 	12986 	12978
f 12960 	12924 	12922
f 12962 	12967 	12926
f 12962 	12926 	12940
f 12895 	12904 	12985
f 12928 	12985 	12904
f 12980 	12929 	12937
f 12980 	12937 	12970
f 12985 	12871 	12895
f 12899 	12895 	12871
f 12871 	12874 	12899
f 12953 	12870 	12985
f 13003 	12992 	12990
f 12877 	12991 	12998
f 12991 	12992 	12998
f 13003 	12998 	12992
f 12873 	12990 	12992
f 12888 	12913 	12990
f 12993 	12994 	12951
f 12993 	12951 	12996
f 12989 	12902 	12997
f 12995 	12999 	12986
f 12995 	12986 	12979
f 12953 	12985 	12926
f 12998 	12911 	12907
f 12998 	12907 	12981
f 12898 	12926 	12894
f 12967 	12976 	12926
f 12894 	12926 	12891
f 12976 	12880 	12926
f 12880 	12879 	12926
f 12884 	12926 	12879
f 12891 	12926 	12884
f 12932 	12930 	12952
f 12932 	12952 	12949
f 13002 	12999 	12995
f 13002 	12995 	13000
f 12988 	12987 	13001
f 12988 	13001 	13008
f 13003 	12912 	12911
f 13003 	12911 	12998
f 13004 	13006 	13002
f 13004 	13002 	13000
f 12979 	12978 	12896
f 12966 	12927 	13011
f 12930 	12900 	13007
f 13011 	13005 	12966
f 13007 	12966 	13005
f 12928 	12926 	12985
f 12932 	12946 	12934
f 12989 	12997 	13006
f 12989 	13006 	13004
f 13012 	12909 	12994
f 13012 	12994 	12993
f 12912 	13003 	12990
f 12912 	12990 	12913
f 12949 	12946 	12932
f 12974 	12953 	12922
f 12926 	12922 	12953
f 12874 	12950 	12948
f 12874 	12948 	12888
f 13004 	12881 	12989
f 13000 	12878 	13004
f 12989 	12975 	12935
f 13008 	13001 	13013
f 13008 	13013 	13014
f 12977 	12986 	12999
f 12977 	12999 	13002
f 12977 	13002 	13006
f 12977 	13006 	12997
f 12977 	12997 	12902
f 12960 	13015 	12925
f 12909 	12910 	12937
f 12937 	12933 	12909
f 12971 	12966 	12901
f 12971 	12901 	12972
f 12925 	12924 	12960
f 13016 	13017 	13018
f 13016 	13018 	13019
f 12959 	12942 	12987
f 12918 	13009 	12922
f 12941 	12935 	12957
f 12969 	12927 	12966
f 12969 	12966 	12971
f 12957 	12935 	12965
f 12965 	12935 	12975
f 12995 	12979 	12883
f 12896 	12890 	12979
f 12890 	12883 	12979
f 12883 	12878 	12995
f 13000 	12995 	12878
f 12881 	13004 	12878
f 12975 	12989 	12881
f 13009 	12918 	12917
f 13009 	12917 	13010
f 13020 	13021 	12919
f 13020 	12919 	13022
f 12941 	12939 	12958
f 12917 	12916 	13011
f 12917 	13011 	13010
f 12914 	12930 	13007
f 12964 	13023 	12886
f 12964 	12886 	12885
f 12873 	12872 	12990
f 12978 	12977 	13017
f 12978 	13017 	13016
f 12930 	12914 	12952
f 12963 	13024 	13023
f 12963 	13023 	12964
f 12974 	12922 	13009
f 12947 	12944 	12955
f 12947 	12955 	12959
f 12954 	12958 	12939
f 12939 	12941 	12957
f 13016 	12897 	12978
f 13019 	13013 	13015
f 13025 	13026 	13021
f 13025 	13021 	13020
f 12916 	12915 	13005
f 12916 	13005 	13011
f 12920 	12934 	12945
f 12915 	12914 	13007
f 12915 	13007 	13005
f 13024 	12963 	12961
f 13024 	12961 	12870
f 12919 	13021 	12920
f 12981 	12954 	12882
f 12939 	12882 	12954
f 12992 	12936 	12873
f 12984 	12983 	12996
f 12984 	12996 	12951
f 12934 	12946 	12945
f 12873 	12936 	12876
f 12951 	12994 	12947
f 12994 	12909 	12933
f 13019 	13018 	13014
f 13019 	13014 	13013
f 12870 	12961 	12956
f 12870 	12956 	12871
f 12982 	12968 	12945
f 12998 	12981 	12877
f 12882 	12877 	12981
f 12938 	12936 	12991
f 12992 	12991 	12936
f 12888 	12990 	12872
f 13027 	13028 	13026
f 13027 	13026 	13025
f 12871 	12956 	12950
f 12871 	12950 	12874
f 12925 	13015 	13013
f 13013 	13001 	12925
f 13016 	13019 	13015
f 13015 	12897 	13016
f 12896 	12978 	12897
f 12920 	12945 	12968
f 12991 	12877 	12938
f 13028 	12934 	13026
f 13021 	13026 	12920
f 12913 	12888 	12948
f 12927 	12887 	13011
f 13027 	12900 	13028
f 12938 	12877 	12893
f 13015 	12960 	12897
f 12953 	12974 	13023
f 12972 	12901 	12900
f 12972 	12900 	12973
f 13028 	12900 	12932
f 12930 	12932 	12900
f 13029 	12910 	12909
f 13029 	12909 	13012
f 13024 	12953 	13023
f 13022 	12919 	12910
f 13022 	12910 	13029
f 12973 	12900 	13027
f 12889 	12887 	12927
f 12889 	12927 	12969
f 13027 	13025 	13020
f 13027 	13020 	13022
f 13027 	13022 	13029
f 13027 	13029 	13012
f 12993 	12973 	13012
f 12996 	12973 	12993
f 12983 	12973 	12996
f 12988 	12973 	12983
f 13008 	12973 	12988
f 13014 	12973 	13008
f 13018 	12973 	13014
f 13017 	12973 	13018
f 12977 	12973 	13017
f 12902 	12903 	12977
f 12913 	12948 	12977
f 12881 	12880 	12976
f 12881 	12976 	12975
# 316 faces

 #end of obj_53

o obj_54
v 50 		-38 		58
v 50 		-38 		1
v 50 		-12 		58
v 50 		-12 		1
v 48 		-12 		58
v 48 		-12 		1
v 48 		-38 		58
v 48 		-38 		1
# 8 vertices

g group_54_2829873

usemtl color_2829873
s 0

f 13030 	13031 	13032
f 13031 	13033 	13032
f 13034 	13035 	13036
f 13035 	13037 	13036
f 13034 	13036 	13032
f 13036 	13030 	13032
f 13037 	13035 	13031
f 13035 	13033 	13031
f 13036 	13037 	13030
f 13037 	13031 	13030
f 13032 	13033 	13034
f 13033 	13035 	13034
# 12 faces

 #end of obj_54

o obj_55
v 47 		96 		19
v 47 		96 		1
v 38 		96 		19
v 38 		96 		1
v 38 		96.3342 		19
v 38 		96.3342 		1
v 47 		96.3342 		19
v 47 		96.3342 		1
# 8 vertices

g group_55_2829873

usemtl color_2829873
s 0

f 13039 	13038 	13040
f 13041 	13039 	13040
f 13043 	13042 	13044
f 13045 	13043 	13044
f 13044 	13042 	13040
f 13038 	13044 	13040
f 13043 	13045 	13039
f 13041 	13043 	13039
f 13045 	13044 	13038
f 13039 	13045 	13038
f 13041 	13040 	13042
f 13043 	13041 	13042
# 12 faces

 #end of obj_55

o obj_56
v 24 		98 		28
v 25 		98 		28
v 24 		122.003 		20.998
v 24 		122.003 		26.003
v 25 		124 		28
v 24 		124 		28
v 24 		98 		0
v 25 		98 		0
v 25 		124 		0
v 24 		112.998 		26.003
v 24 		124 		0
v 24 		112.998 		20.998
v 25 		112.998 		26.003
v 25 		112.998 		20.998
v 25 		122.003 		20.998
v 25 		122.003 		26.003
# 16 vertices

g group_56_16448250

usemtl color_16448250
s 0

f 13053 	13047 	13046
f 13048 	13049 	13051
f 13053 	13046 	13052
f 13051 	13046 	13047
f 13051 	13047 	13050
f 13054 	13053 	13052
f 13054 	13052 	13056
f 13046 	13055 	13057
f 13054 	13056 	13050
f 13051 	13050 	13056
f 13055 	13058 	13059
f 13055 	13059 	13057
f 13051 	13049 	13055
f 13051 	13055 	13046
f 13048 	13056 	13057
f 13051 	13056 	13048
f 13056 	13052 	13057
f 13046 	13057 	13052
f 13060 	13048 	13057
f 13060 	13057 	13059
f 13050 	13061 	13060
f 13058 	13047 	13059
f 13053 	13054 	13059
f 13060 	13059 	13054
f 13050 	13060 	13054
f 13058 	13055 	13049
f 13058 	13049 	13061
f 13053 	13059 	13047
f 13061 	13050 	13058
f 13047 	13058 	13050
f 13061 	13049 	13048
f 13061 	13048 	13060
# 32 faces

 #end of obj_56

o obj_57
v 50 		97 		0
v 50 		98 		0
v 50 		97 		28
v 50 		98 		28
v 37.998 		97 		20.998
v 37.998 		97 		26.003
v 24 		98 		0
v 24 		97 		0
v 24 		98 		28
v 24 		97 		28
v 47.003 		97 		26.003
v 37.998 		98 		26.003
v 37.998 		98 		20.998
v 47.003 		97 		20.998
v 47.003 		98 		26.003
v 47.003 		98 		20.998
# 16 vertices

g group_57_16448250

usemtl color_16448250
s 0

f 13063 	13065 	13062
f 13064 	13062 	13065
f 13067 	13071 	13066
f 13069 	13071 	13068
f 13070 	13068 	13071
f 13069 	13066 	13071
f 13072 	13064 	13067
f 13072 	13075 	13064
f 13071 	13067 	13064
f 13065 	13070 	13071
f 13065 	13071 	13064
f 13068 	13070 	13074
f 13062 	13064 	13075
f 13072 	13076 	13077
f 13072 	13077 	13075
f 13062 	13069 	13068
f 13062 	13068 	13063
f 13076 	13065 	13077
f 13077 	13063 	13074
f 13063 	13068 	13074
f 13074 	13066 	13075
f 13074 	13075 	13077
f 13063 	13077 	13065
f 13065 	13076 	13073
f 13073 	13074 	13070
f 13065 	13073 	13070
f 13069 	13062 	13066
f 13075 	13066 	13062
f 13076 	13072 	13067
f 13076 	13067 	13073
f 13073 	13067 	13066
f 13073 	13066 	13074
# 32 faces

 #end of obj_57

